[NX v22.3.1 Daemon Server] - 2026-03-19T05:13:47.253Z - Started listening on: /private/var/folders/xl/5w2_4kkj4ls6bgq2530y834s08f0pb/T/6a1873bf17a4955ccefb/d.sock
[NX v22.3.1 Daemon Server] - 2026-03-19T05:13:47.258Z - [WATCHER]: Subscribed to changes within: /Users/xinyif/Documents/GitHub/blueprint (native)
[NX v22.3.1 Daemon Server] - 2026-03-19T05:13:47.259Z - [NX-CONSOLE]: Pulling latest Nx (latest) to check console status...
Fetching nx...
[NX v22.3.1 Daemon Server] - 2026-03-19T05:13:47.268Z - Established a connection. Number of open connections: 1
[NX v22.3.1 Daemon Server] - 2026-03-19T05:13:47.268Z - Established a connection. Number of open connections: 2
[NX v22.3.1 Daemon Server] - 2026-03-19T05:13:47.270Z - Closed a connection. Number of open connections: 1
[NX v22.3.1 Daemon Server] - 2026-03-19T05:13:47.279Z - Received raw message of length 32
[NX v22.3.1 Daemon Server] - 2026-03-19T05:13:47.280Z - Received json message of type GET_NX_CONSOLE_STATUS
[NX v22.3.1 Daemon Server] - 2026-03-19T05:13:47.280Z - Serializing response for GET_NX_CONSOLE_STATUS message in json mode
[NX v22.3.1 Daemon Server] - 2026-03-19T05:13:47.280Z - Responding to GET_NX_CONSOLE_STATUS message
[NX v22.3.1 Daemon Server] - 2026-03-19T05:13:47.280Z - [REQUEST]: Responding to the client. handleGetNxConsoleStatus
[NX v22.3.1 Daemon Server] - 2026-03-19T05:13:47.280Z - Done responding to the client handleGetNxConsoleStatus
[NX v22.3.1 Daemon Server] - 2026-03-19T05:13:47.280Z - Handled json message GET_NX_CONSOLE_STATUS. Handling time: 0. Response time: 0.
[NX v22.3.1 Daemon Server] - 2026-03-19T05:13:47.378Z - Time taken for 'loadSpecifiedNxPlugins' 2.18745899999999ms
[NX v22.3.1 Daemon Server] - 2026-03-19T05:13:47.399Z - Received raw message of length 32
[NX v22.3.1 Daemon Server] - 2026-03-19T05:13:47.399Z - Received json message of type REQUEST_PROJECT_GRAPH
[NX v22.3.1 Daemon Server] - 2026-03-19T05:13:47.400Z - [REQUEST]: Client Request for Project Graph Received
Time for 'plugin worker 1114 code loading' 4.391083000000002
Time for 'plugin worker 1118 code loading' 4.344542000000001
Time for 'plugin worker 1122 code loading' 3.703833000000003
[NX v22.3.1 Daemon Server] - 2026-03-19T05:13:47.651Z - Time taken for 'Load Nx Plugin: /Users/xinyif/Documents/GitHub/blueprint/node_modules/.pnpm/nx@22.3.1_@swc-node+register@1.11.1_@swc+core@1.13.20_@swc+types@0.1.25_typescript@5.9.3__@swc+core@1.13.20/node_modules/nx/src/plugins/js' 275.53137499999997ms
[NX v22.3.1 Daemon Server] - 2026-03-19T05:13:47.661Z - Time taken for 'Load Nx Plugin: /Users/xinyif/Documents/GitHub/blueprint/node_modules/.pnpm/nx@22.3.1_@swc-node+register@1.11.1_@swc+core@1.13.20_@swc+types@0.1.25_typescript@5.9.3__@swc+core@1.13.20/node_modules/nx/src/plugins/project-json/build-nodes/project-json' 284.8395ms
[NX v22.3.1 Daemon Server] - 2026-03-19T05:13:47.809Z - [REQUEST]: Updated workspace context based on watched changes, recomputing project graph...
[NX v22.3.1 Daemon Server] - 2026-03-19T05:13:47.809Z - [REQUEST]: 
[NX v22.3.1 Daemon Server] - 2026-03-19T05:13:47.809Z - [REQUEST]: 
[NX v22.3.1 Daemon Server] - 2026-03-19T05:13:47.812Z - Reusing in-memory cached project graph because no files changed.
[NX v22.3.1 Daemon Server] - 2026-03-19T05:13:47.816Z - Time taken for 'loadDefaultNxPlugins' 288.85412500000007ms
Time for 'nx/core/project-json:createNodes' 0.14579199999997172
Time for 'nx/core/package-json:createNodes' 19.205208000000027
Time for 'nx/js/dependencies-and-lockfile:createNodes' 62.00908300000003
[NX v22.3.1 Daemon Server] - 2026-03-19T05:13:47.920Z - Time taken for 'build-project-configs' 79.94074999999998ms
Time for 'build typescript dependencies' 194.16208299999994
[NX v22.3.1 Daemon Server] - 2026-03-19T05:13:48.148Z - [SYNC]: collect registered sync generators
[NX v22.3.1 Daemon Server] - 2026-03-19T05:13:48.157Z - Wrote project graph cache to /Users/xinyif/Documents/GitHub/blueprint/.nx/workspace-data/project-graph.json
[NX v22.3.1 Daemon Server] - 2026-03-19T05:13:48.157Z - Serializing response for REQUEST_PROJECT_GRAPH message in json mode
[NX v22.3.1 Daemon Server] - 2026-03-19T05:13:48.157Z - Responding to REQUEST_PROJECT_GRAPH message
[NX v22.3.1 Daemon Server] - 2026-03-19T05:13:48.157Z - [REQUEST]: Responding to the client. project-graph
[NX v22.3.1 Daemon Server] - 2026-03-19T05:13:48.158Z - Time taken for 'total for creating and serializing project graph' 756.967875ms
[NX v22.3.1 Daemon Server] - 2026-03-19T05:13:48.161Z - Done responding to the client project-graph
[NX v22.3.1 Daemon Server] - 2026-03-19T05:13:48.161Z - Handled json message REQUEST_PROJECT_GRAPH. Handling time: 758. Response time: 4.
[NX v22.3.1 Daemon Server] - 2026-03-19T05:13:48.168Z - Received raw message of length 2182
[NX v22.3.1 Daemon Server] - 2026-03-19T05:13:48.168Z - Received json message of type PRE_TASKS_EXECUTION
[NX v22.3.1 Daemon Server] - 2026-03-19T05:13:48.169Z - Serializing response for PRE_TASKS_EXECUTION message in json mode
[NX v22.3.1 Daemon Server] - 2026-03-19T05:13:48.169Z - Responding to PRE_TASKS_EXECUTION message
[NX v22.3.1 Daemon Server] - 2026-03-19T05:13:48.169Z - [REQUEST]: Responding to the client. handleRunPreTasksExecution
[NX v22.3.1 Daemon Server] - 2026-03-19T05:13:48.169Z - Done responding to the client handleRunPreTasksExecution
[NX v22.3.1 Daemon Server] - 2026-03-19T05:13:48.169Z - Handled json message PRE_TASKS_EXECUTION. Handling time: 1. Response time: 0.
[NX v22.3.1 Daemon Server] - 2026-03-19T05:13:48.169Z - Time taken for 'preTasksExecution' 0.4387909999998101ms
[NX v22.3.1 Daemon Server] - 2026-03-19T05:13:48.235Z - Received raw message of length 16074
[NX v22.3.1 Daemon Server] - 2026-03-19T05:13:48.235Z - Received json message of type HASH_TASKS
[NX v22.3.1 Daemon Server] - 2026-03-19T05:13:48.236Z - Reusing in-memory cached project graph because no files changed.
[NX v22.3.1 Daemon Server] - 2026-03-19T05:13:48.243Z - Wrote project graph cache to /Users/xinyif/Documents/GitHub/blueprint/.nx/workspace-data/project-graph.json
DEBUG nx::native::tasks::hash_planner: get_plans_internal COMPLETED in 7.525166ms - processed 11 tasks (setup: 3.522333ms, parallel_planning: 4.00025ms)
DEBUG nx::native::tasks::hashers::hash_workspace_files: Hashing workspace fileset{cache_key="nx.json,.gitignore,.nxignore"}: Adding "9571871647381416422" (".gitignore") to hash
DEBUG nx::native::tasks::hashers::hash_workspace_files: Hashing workspace fileset{cache_key="nx.json,.gitignore,.nxignore"}: Adding "16332827452963754590" ("nx.json") to hash
DEBUG nx::native::tasks::hashers::hash_workspace_files: Hashing workspace fileset{cache_key="nx.json,.gitignore,.nxignore"}: Adding "9571871647381416422" (".gitignore") to hash
DEBUG nx::native::tasks::hashers::hash_workspace_files: Hashing workspace fileset{cache_key="nx.json,.gitignore,.nxignore"}: Adding "16332827452963754590" ("nx.json") to hash
DEBUG nx::native::tasks::hashers::hash_workspace_files: Hashing workspace fileset{cache_key="nx.json,.gitignore,.nxignore"}: Hash Value: "6063159848818621531"
DEBUG nx::native::tasks::hashers::hash_workspace_files: Hashing workspace fileset{cache_key="nx.json,.gitignore,.nxignore"}: Hash Value: "6063159848818621531"
DEBUG nx::native::tasks::task_hasher: hash_plans COMPLETED in 28.954333ms - processed 11 plans (setup: 1.327042ms, hashing: 27.623833ms, assembly: 12.266792ms)
[NX v22.3.1 Daemon Server] - 2026-03-19T05:13:48.294Z - Serializing response for HASH_TASKS message in json mode
[NX v22.3.1 Daemon Server] - 2026-03-19T05:13:48.296Z - Responding to HASH_TASKS message
[NX v22.3.1 Daemon Server] - 2026-03-19T05:13:48.296Z - [REQUEST]: Responding to the client. handleHashTasks
[NX v22.3.1 Daemon Server] - 2026-03-19T05:13:48.297Z - Time taken for 'write cache' 7.713207999999895ms
[NX v22.3.1 Daemon Server] - 2026-03-19T05:13:48.298Z - Done responding to the client handleHashTasks
[NX v22.3.1 Daemon Server] - 2026-03-19T05:13:48.298Z - Handled json message HASH_TASKS. Handling time: 59. Response time: 4.
[NX v22.3.1 Daemon Server] - 2026-03-19T05:13:48.370Z - Received raw message of length 647
[NX v22.3.1 Daemon Server] - 2026-03-19T05:13:48.370Z - Received json message of type GET_ESTIMATED_TASK_TIMINGS
[NX v22.3.1 Daemon Server] - 2026-03-19T05:13:48.404Z - Serializing response for GET_ESTIMATED_TASK_TIMINGS message in json mode
[NX v22.3.1 Daemon Server] - 2026-03-19T05:13:48.404Z - Responding to GET_ESTIMATED_TASK_TIMINGS message
[NX v22.3.1 Daemon Server] - 2026-03-19T05:13:48.404Z - [REQUEST]: Responding to the client. handleGetEstimatedTaskTimings
[NX v22.3.1 Daemon Server] - 2026-03-19T05:13:48.404Z - Done responding to the client handleGetEstimatedTaskTimings
[NX v22.3.1 Daemon Server] - 2026-03-19T05:13:48.404Z - Handled json message GET_ESTIMATED_TASK_TIMINGS. Handling time: 34. Response time: 0.
[NX v22.3.1 Daemon Server] - 2026-03-19T05:13:50.031Z - [WATCHER]: Processing file changes in outputs
[NX v22.3.1 Daemon Server] - 2026-03-19T05:13:50.049Z - Received raw message of length 101
[NX v22.3.1 Daemon Server] - 2026-03-19T05:13:50.049Z - Received json message of type RECORD_OUTPUTS_HASH
[NX v22.3.1 Daemon Server] - 2026-03-19T05:13:50.088Z - Serializing response for RECORD_OUTPUTS_HASH message in json mode
[NX v22.3.1 Daemon Server] - 2026-03-19T05:13:50.089Z - Responding to RECORD_OUTPUTS_HASH message
[NX v22.3.1 Daemon Server] - 2026-03-19T05:13:50.089Z - [REQUEST]: Responding to the client. recordOutputsHash
[NX v22.3.1 Daemon Server] - 2026-03-19T05:13:50.089Z - Done responding to the client recordOutputsHash
[NX v22.3.1 Daemon Server] - 2026-03-19T05:13:50.089Z - Handled json message RECORD_OUTPUTS_HASH. Handling time: 39. Response time: 1.
[NX v22.3.1 Daemon Server] - 2026-03-19T05:13:50.159Z - [WATCHER]: Processing file changes in outputs
[NX v22.3.1 Daemon Server] - 2026-03-19T05:13:50.422Z - [WATCHER]: Processing file changes in outputs
[NX v22.3.1 Daemon Server] - 2026-03-19T05:13:53.261Z - [WATCHER]: Processing file changes in outputs
[NX v22.3.1 Daemon Server] - 2026-03-19T05:13:54.173Z - [WATCHER]: Processing file changes in outputs
[NX v22.3.1 Daemon Server] - 2026-03-19T05:13:54.240Z - [WATCHER]: Processing file changes in outputs
[NX v22.3.1 Daemon Server] - 2026-03-19T05:13:54.294Z - [WATCHER]: Processing file changes in outputs
[NX v22.3.1 Daemon Server] - 2026-03-19T05:13:54.346Z - [WATCHER]: Processing file changes in outputs
[NX v22.3.1 Daemon Server] - 2026-03-19T05:13:54.442Z - Received raw message of length 108
[NX v22.3.1 Daemon Server] - 2026-03-19T05:13:54.442Z - Received json message of type RECORD_OUTPUTS_HASH
[NX v22.3.1 Daemon Server] - 2026-03-19T05:13:54.455Z - Serializing response for RECORD_OUTPUTS_HASH message in json mode
[NX v22.3.1 Daemon Server] - 2026-03-19T05:13:54.455Z - Responding to RECORD_OUTPUTS_HASH message
[NX v22.3.1 Daemon Server] - 2026-03-19T05:13:54.455Z - [REQUEST]: Responding to the client. recordOutputsHash
[NX v22.3.1 Daemon Server] - 2026-03-19T05:13:54.456Z - Done responding to the client recordOutputsHash
[NX v22.3.1 Daemon Server] - 2026-03-19T05:13:54.456Z - Handled json message RECORD_OUTPUTS_HASH. Handling time: 13. Response time: 1.
[NX v22.3.1 Daemon Server] - 2026-03-19T05:13:54.516Z - [WATCHER]: Processing file changes in outputs
[NX v22.3.1 Daemon Server] - 2026-03-19T05:13:56.142Z - [NX-CONSOLE]: Successfully pulled latest Nx to /private/var/folders/xl/5w2_4kkj4ls6bgq2530y834s08f0pb/T/tmp-1108-nBLm6fYHCt62
[NX v22.6.0 Daemon Server] - 2026-03-19T05:13:57.650Z - [NX-CONSOLE]: Using local implementation (NX_USE_LOCAL=true or inner call)
DEBUG nx::native::ide::install: Detected editor: VSCode
DEBUG nx::native::ide::install: Checking if Nx Console extension is installed with: code --list-extensions
[NX v22.3.1 Daemon Server] - 2026-03-19T05:13:58.285Z - [WATCHER]: Processing file changes in outputs
[NX v22.3.1 Daemon Server] - 2026-03-19T05:13:58.689Z - [WATCHER]: Processing file changes in outputs
[NX v22.3.1 Daemon Server] - 2026-03-19T05:13:58.749Z - [WATCHER]: Processing file changes in outputs
[NX v22.3.1 Daemon Server] - 2026-03-19T05:13:59.213Z - [WATCHER]: Processing file changes in outputs
[NX v22.3.1 Daemon Server] - 2026-03-19T05:13:59.286Z - Received raw message of length 102
[NX v22.3.1 Daemon Server] - 2026-03-19T05:13:59.286Z - Received json message of type RECORD_OUTPUTS_HASH
[NX v22.3.1 Daemon Server] - 2026-03-19T05:13:59.302Z - Serializing response for RECORD_OUTPUTS_HASH message in json mode
[NX v22.3.1 Daemon Server] - 2026-03-19T05:13:59.303Z - Responding to RECORD_OUTPUTS_HASH message
[NX v22.3.1 Daemon Server] - 2026-03-19T05:13:59.303Z - [REQUEST]: Responding to the client. recordOutputsHash
[NX v22.3.1 Daemon Server] - 2026-03-19T05:13:59.303Z - Done responding to the client recordOutputsHash
[NX v22.3.1 Daemon Server] - 2026-03-19T05:13:59.305Z - Handled json message RECORD_OUTPUTS_HASH. Handling time: 16. Response time: 3.
[NX v22.3.1 Daemon Server] - 2026-03-19T05:13:59.379Z - [WATCHER]: Processing file changes in outputs
DEBUG nx::native::ide::install: Nx Console extension is not installed
[NX v22.3.1 Daemon Server] - 2026-03-19T05:13:59.418Z - [NX-CONSOLE]: Console status check completed, shouldPrompt: true
[NX v22.3.1 Daemon Server] - 2026-03-19T05:14:05.280Z - [WATCHER]: Processing file changes in outputs
[NX v22.3.1 Daemon Server] - 2026-03-19T05:14:05.290Z - Received raw message of length 112
[NX v22.3.1 Daemon Server] - 2026-03-19T05:14:05.290Z - Received json message of type RECORD_OUTPUTS_HASH
[NX v22.3.1 Daemon Server] - 2026-03-19T05:14:05.294Z - Serializing response for RECORD_OUTPUTS_HASH message in json mode
[NX v22.3.1 Daemon Server] - 2026-03-19T05:14:05.294Z - Responding to RECORD_OUTPUTS_HASH message
[NX v22.3.1 Daemon Server] - 2026-03-19T05:14:05.294Z - [REQUEST]: Responding to the client. recordOutputsHash
[NX v22.3.1 Daemon Server] - 2026-03-19T05:14:05.294Z - Done responding to the client recordOutputsHash
[NX v22.3.1 Daemon Server] - 2026-03-19T05:14:05.294Z - Handled json message RECORD_OUTPUTS_HASH. Handling time: 4. Response time: 0.
[NX v22.3.1 Daemon Server] - 2026-03-19T05:14:05.348Z - [WATCHER]: Processing file changes in outputs
[NX v22.3.1 Daemon Server] - 2026-03-19T05:14:08.252Z - [WATCHER]: Processing file changes in outputs
[NX v22.3.1 Daemon Server] - 2026-03-19T05:14:09.263Z - [WATCHER]: Processing file changes in outputs
[NX v22.3.1 Daemon Server] - 2026-03-19T05:14:09.911Z - [WATCHER]: Processing file changes in outputs
[NX v22.3.1 Daemon Server] - 2026-03-19T05:14:09.963Z - [WATCHER]: Processing file changes in outputs
[NX v22.3.1 Daemon Server] - 2026-03-19T05:14:10.014Z - [WATCHER]: Processing file changes in outputs
[NX v22.3.1 Daemon Server] - 2026-03-19T05:14:10.251Z - [WATCHER]: Processing file changes in outputs
[NX v22.3.1 Daemon Server] - 2026-03-19T05:14:10.303Z - [WATCHER]: Processing file changes in outputs
[NX v22.3.1 Daemon Server] - 2026-03-19T05:14:10.378Z - [WATCHER]: Processing file changes in outputs
[NX v22.3.1 Daemon Server] - 2026-03-19T05:14:10.476Z - [WATCHER]: Processing file changes in outputs
[NX v22.3.1 Daemon Server] - 2026-03-19T05:14:10.542Z - [WATCHER]: Processing file changes in outputs
[NX v22.3.1 Daemon Server] - 2026-03-19T05:14:10.595Z - [WATCHER]: Processing file changes in outputs
[NX v22.3.1 Daemon Server] - 2026-03-19T05:14:10.650Z - [WATCHER]: Processing file changes in outputs
[NX v22.3.1 Daemon Server] - 2026-03-19T05:14:10.702Z - [WATCHER]: Processing file changes in outputs
[NX v22.3.1 Daemon Server] - 2026-03-19T05:14:12.564Z - [WATCHER]: Processing file changes in outputs
[NX v22.3.1 Daemon Server] - 2026-03-19T05:15:45.920Z - [WATCHER]: Processing file changes in outputs
[NX v22.3.1 Daemon Server] - 2026-03-19T05:15:45.969Z - [WATCHER]: Processing file changes in outputs
[NX v22.3.1 Daemon Server] - 2026-03-19T05:15:46.021Z - [WATCHER]: Processing file changes in outputs
[NX v22.3.1 Daemon Server] - 2026-03-19T05:15:46.075Z - [WATCHER]: Processing file changes in outputs
[NX v22.3.1 Daemon Server] - 2026-03-19T05:15:46.126Z - [WATCHER]: Processing file changes in outputs
[NX v22.3.1 Daemon Server] - 2026-03-19T05:15:46.184Z - [WATCHER]: Processing file changes in outputs
[NX v22.3.1 Daemon Server] - 2026-03-19T05:15:46.254Z - [WATCHER]: Processing file changes in outputs
[NX v22.3.1 Daemon Server] - 2026-03-19T05:15:46.305Z - [WATCHER]: Processing file changes in outputs
[NX v22.3.1 Daemon Server] - 2026-03-19T05:15:46.360Z - [WATCHER]: Processing file changes in outputs
[NX v22.3.1 Daemon Server] - 2026-03-19T05:15:46.417Z - [WATCHER]: Processing file changes in outputs
[NX v22.3.1 Daemon Server] - 2026-03-19T05:15:46.475Z - [WATCHER]: Processing file changes in outputs
[NX v22.3.1 Daemon Server] - 2026-03-19T05:15:46.528Z - [WATCHER]: Processing file changes in outputs
[NX v22.3.1 Daemon Server] - 2026-03-19T05:15:46.583Z - [WATCHER]: Processing file changes in outputs
[NX v22.3.1 Daemon Server] - 2026-03-19T05:15:46.637Z - [WATCHER]: Processing file changes in outputs
[NX v22.3.1 Daemon Server] - 2026-03-19T05:15:46.696Z - [WATCHER]: Processing file changes in outputs
[NX v22.3.1 Daemon Server] - 2026-03-19T05:15:46.788Z - [WATCHER]: Processing file changes in outputs
[NX v22.3.1 Daemon Server] - 2026-03-19T05:15:46.847Z - [WATCHER]: Processing file changes in outputs
[NX v22.3.1 Daemon Server] - 2026-03-19T05:15:46.900Z - [WATCHER]: Processing file changes in outputs
[NX v22.3.1 Daemon Server] - 2026-03-19T05:15:46.957Z - [WATCHER]: Processing file changes in outputs
[NX v22.3.1 Daemon Server] - 2026-03-19T05:15:47.014Z - [WATCHER]: Processing file changes in outputs
[NX v22.3.1 Daemon Server] - 2026-03-19T05:15:47.073Z - [WATCHER]: Processing file changes in outputs
[NX v22.3.1 Daemon Server] - 2026-03-19T05:15:47.132Z - [WATCHER]: Processing file changes in outputs
[NX v22.3.1 Daemon Server] - 2026-03-19T05:15:47.197Z - [WATCHER]: Processing file changes in outputs
[NX v22.3.1 Daemon Server] - 2026-03-19T05:15:47.254Z - [WATCHER]: Processing file changes in outputs
[NX v22.3.1 Daemon Server] - 2026-03-19T05:15:47.313Z - [WATCHER]: Processing file changes in outputs
[NX v22.3.1 Daemon Server] - 2026-03-19T05:15:47.366Z - [WATCHER]: Processing file changes in outputs
[NX v22.3.1 Daemon Server] - 2026-03-19T05:15:47.421Z - [WATCHER]: Processing file changes in outputs
[NX v22.3.1 Daemon Server] - 2026-03-19T05:15:47.476Z - [WATCHER]: Processing file changes in outputs
[NX v22.3.1 Daemon Server] - 2026-03-19T05:15:47.537Z - [WATCHER]: Processing file changes in outputs
[NX v22.3.1 Daemon Server] - 2026-03-19T05:15:47.594Z - [WATCHER]: Processing file changes in outputs
[NX v22.3.1 Daemon Server] - 2026-03-19T05:15:47.646Z - [WATCHER]: Processing file changes in outputs
[NX v22.3.1 Daemon Server] - 2026-03-19T05:15:47.699Z - [WATCHER]: Processing file changes in outputs
[NX v22.3.1 Daemon Server] - 2026-03-19T05:15:47.754Z - [WATCHER]: Processing file changes in outputs
[NX v22.3.1 Daemon Server] - 2026-03-19T05:15:47.810Z - [WATCHER]: Processing file changes in outputs
[NX v22.3.1 Daemon Server] - 2026-03-19T05:15:47.864Z - [WATCHER]: Processing file changes in outputs
[NX v22.3.1 Daemon Server] - 2026-03-19T05:15:47.917Z - [WATCHER]: Processing file changes in outputs
[NX v22.3.1 Daemon Server] - 2026-03-19T05:15:47.983Z - [WATCHER]: Processing file changes in outputs
[NX v22.3.1 Daemon Server] - 2026-03-19T05:15:48.041Z - [WATCHER]: Processing file changes in outputs
[NX v22.3.1 Daemon Server] - 2026-03-19T05:15:48.094Z - [WATCHER]: Processing file changes in outputs
[NX v22.3.1 Daemon Server] - 2026-03-19T05:15:48.148Z - [WATCHER]: Processing file changes in outputs
[NX v22.3.1 Daemon Server] - 2026-03-19T05:15:48.206Z - [WATCHER]: Processing file changes in outputs
[NX v22.3.1 Daemon Server] - 2026-03-19T05:15:48.258Z - [WATCHER]: Processing file changes in outputs
[NX v22.3.1 Daemon Server] - 2026-03-19T05:15:48.313Z - [WATCHER]: Processing file changes in outputs
[NX v22.3.1 Daemon Server] - 2026-03-19T05:15:48.365Z - [WATCHER]: Processing file changes in outputs
[NX v22.3.1 Daemon Server] - 2026-03-19T05:15:48.418Z - [WATCHER]: Processing file changes in outputs
[NX v22.3.1 Daemon Server] - 2026-03-19T05:15:48.471Z - [WATCHER]: Processing file changes in outputs
[NX v22.3.1 Daemon Server] - 2026-03-19T05:15:48.524Z - [WATCHER]: Processing file changes in outputs
[NX v22.3.1 Daemon Server] - 2026-03-19T05:15:48.578Z - [WATCHER]: Processing file changes in outputs
[NX v22.3.1 Daemon Server] - 2026-03-19T05:15:48.631Z - [WATCHER]: Processing file changes in outputs
[NX v22.3.1 Daemon Server] - 2026-03-19T05:15:48.683Z - [WATCHER]: Processing file changes in outputs
[NX v22.3.1 Daemon Server] - 2026-03-19T05:15:48.734Z - [WATCHER]: Processing file changes in outputs
[NX v22.3.1 Daemon Server] - 2026-03-19T05:15:48.803Z - [WATCHER]: Processing file changes in outputs
[NX v22.3.1 Daemon Server] - 2026-03-19T05:15:48.856Z - [WATCHER]: Processing file changes in outputs
[NX v22.3.1 Daemon Server] - 2026-03-19T05:15:48.909Z - [WATCHER]: Processing file changes in outputs
[NX v22.3.1 Daemon Server] - 2026-03-19T05:15:48.963Z - [WATCHER]: Processing file changes in outputs
[NX v22.3.1 Daemon Server] - 2026-03-19T05:15:49.015Z - [WATCHER]: Processing file changes in outputs
[NX v22.3.1 Daemon Server] - 2026-03-19T05:15:49.068Z - [WATCHER]: Processing file changes in outputs
[NX v22.3.1 Daemon Server] - 2026-03-19T05:15:49.120Z - [WATCHER]: Processing file changes in outputs
[NX v22.3.1 Daemon Server] - 2026-03-19T05:15:49.176Z - [WATCHER]: Processing file changes in outputs
[NX v22.3.1 Daemon Server] - 2026-03-19T05:15:49.231Z - [WATCHER]: Processing file changes in outputs
[NX v22.3.1 Daemon Server] - 2026-03-19T05:15:49.285Z - [WATCHER]: Processing file changes in outputs
[NX v22.3.1 Daemon Server] - 2026-03-19T05:15:49.347Z - [WATCHER]: Processing file changes in outputs
[NX v22.3.1 Daemon Server] - 2026-03-19T05:15:49.401Z - [WATCHER]: Processing file changes in outputs
[NX v22.3.1 Daemon Server] - 2026-03-19T05:15:49.463Z - [WATCHER]: Processing file changes in outputs
[NX v22.3.1 Daemon Server] - 2026-03-19T05:15:49.519Z - [WATCHER]: Processing file changes in outputs
[NX v22.3.1 Daemon Server] - 2026-03-19T05:15:49.589Z - [WATCHER]: Processing file changes in outputs
[NX v22.3.1 Daemon Server] - 2026-03-19T05:15:49.643Z - [WATCHER]: Processing file changes in outputs
[NX v22.3.1 Daemon Server] - 2026-03-19T05:15:49.698Z - [WATCHER]: Processing file changes in outputs
[NX v22.3.1 Daemon Server] - 2026-03-19T05:15:49.750Z - [WATCHER]: Processing file changes in outputs
[NX v22.3.1 Daemon Server] - 2026-03-19T05:15:49.802Z - [WATCHER]: Processing file changes in outputs
[NX v22.3.1 Daemon Server] - 2026-03-19T05:15:49.853Z - [WATCHER]: Processing file changes in outputs
[NX v22.3.1 Daemon Server] - 2026-03-19T05:15:49.906Z - [WATCHER]: Processing file changes in outputs
[NX v22.3.1 Daemon Server] - 2026-03-19T05:15:49.960Z - [WATCHER]: Processing file changes in outputs
[NX v22.3.1 Daemon Server] - 2026-03-19T05:15:50.018Z - [WATCHER]: Processing file changes in outputs
[NX v22.3.1 Daemon Server] - 2026-03-19T05:15:50.070Z - [WATCHER]: Processing file changes in outputs
[NX v22.3.1 Daemon Server] - 2026-03-19T05:15:50.121Z - [WATCHER]: Processing file changes in outputs
[NX v22.3.1 Daemon Server] - 2026-03-19T05:15:50.174Z - [WATCHER]: Processing file changes in outputs
[NX v22.3.1 Daemon Server] - 2026-03-19T05:15:50.226Z - [WATCHER]: Processing file changes in outputs
[NX v22.3.1 Daemon Server] - 2026-03-19T05:15:50.278Z - [WATCHER]: Processing file changes in outputs
[NX v22.3.1 Daemon Server] - 2026-03-19T05:15:50.329Z - [WATCHER]: Processing file changes in outputs
[NX v22.3.1 Daemon Server] - 2026-03-19T05:15:50.381Z - [WATCHER]: Processing file changes in outputs
[NX v22.3.1 Daemon Server] - 2026-03-19T05:15:50.435Z - [WATCHER]: Processing file changes in outputs
[NX v22.3.1 Daemon Server] - 2026-03-19T05:15:50.489Z - [WATCHER]: Processing file changes in outputs
[NX v22.3.1 Daemon Server] - 2026-03-19T05:15:50.540Z - [WATCHER]: Processing file changes in outputs
[NX v22.3.1 Daemon Server] - 2026-03-19T05:15:50.592Z - [WATCHER]: Processing file changes in outputs
[NX v22.3.1 Daemon Server] - 2026-03-19T05:15:50.646Z - [WATCHER]: Processing file changes in outputs
[NX v22.3.1 Daemon Server] - 2026-03-19T05:15:50.699Z - [WATCHER]: Processing file changes in outputs
[NX v22.3.1 Daemon Server] - 2026-03-19T05:15:50.763Z - [WATCHER]: Processing file changes in outputs
[NX v22.3.1 Daemon Server] - 2026-03-19T05:15:51.564Z - [WATCHER]: Processing file changes in outputs
[NX v22.3.1 Daemon Server] - 2026-03-19T05:15:51.722Z - [WATCHER]: Processing file changes in outputs
[NX v22.3.1 Daemon Server] - 2026-03-19T05:15:51.740Z - Received raw message of length 101
[NX v22.3.1 Daemon Server] - 2026-03-19T05:15:51.740Z - Received json message of type RECORD_OUTPUTS_HASH
[NX v22.3.1 Daemon Server] - 2026-03-19T05:15:51.750Z - Serializing response for RECORD_OUTPUTS_HASH message in json mode
[NX v22.3.1 Daemon Server] - 2026-03-19T05:15:51.750Z - Responding to RECORD_OUTPUTS_HASH message
[NX v22.3.1 Daemon Server] - 2026-03-19T05:15:51.750Z - [REQUEST]: Responding to the client. recordOutputsHash
[NX v22.3.1 Daemon Server] - 2026-03-19T05:15:51.750Z - Done responding to the client recordOutputsHash
[NX v22.3.1 Daemon Server] - 2026-03-19T05:15:51.750Z - Handled json message RECORD_OUTPUTS_HASH. Handling time: 10. Response time: 0.
[NX v22.3.1 Daemon Server] - 2026-03-19T05:15:51.775Z - [WATCHER]: Processing file changes in outputs
[NX v22.3.1 Daemon Server] - 2026-03-19T05:16:03.466Z - [WATCHER]: Processing file changes in outputs
[NX v22.3.1 Daemon Server] - 2026-03-19T05:16:03.543Z - [WATCHER]: Processing file changes in outputs
[NX v22.3.1 Daemon Server] - 2026-03-19T05:16:05.708Z - [WATCHER]: Processing file changes in outputs
[NX v22.3.1 Daemon Server] - 2026-03-19T05:16:06.679Z - [WATCHER]: Processing file changes in outputs
[NX v22.3.1 Daemon Server] - 2026-03-19T05:16:07.451Z - [WATCHER]: Processing file changes in outputs
[NX v22.3.1 Daemon Server] - 2026-03-19T05:16:07.507Z - [WATCHER]: Processing file changes in outputs
[NX v22.3.1 Daemon Server] - 2026-03-19T05:16:07.564Z - [WATCHER]: Processing file changes in outputs
[NX v22.3.1 Daemon Server] - 2026-03-19T05:16:07.637Z - [WATCHER]: Processing file changes in outputs
[NX v22.3.1 Daemon Server] - 2026-03-19T05:16:07.731Z - [WATCHER]: Processing file changes in outputs
[NX v22.3.1 Daemon Server] - 2026-03-19T05:16:07.796Z - [WATCHER]: Processing file changes in outputs
[NX v22.3.1 Daemon Server] - 2026-03-19T05:16:07.861Z - [WATCHER]: Processing file changes in outputs
[NX v22.3.1 Daemon Server] - 2026-03-19T05:16:07.913Z - [WATCHER]: Processing file changes in outputs
[NX v22.3.1 Daemon Server] - 2026-03-19T05:16:07.982Z - [WATCHER]: Processing file changes in outputs
[NX v22.3.1 Daemon Server] - 2026-03-19T05:16:08.113Z - [WATCHER]: Processing file changes in outputs
[NX v22.3.1 Daemon Server] - 2026-03-19T05:16:08.170Z - [WATCHER]: Processing file changes in outputs
[NX v22.3.1 Daemon Server] - 2026-03-19T05:16:08.226Z - [WATCHER]: Processing file changes in outputs
[NX v22.3.1 Daemon Server] - 2026-03-19T05:16:08.290Z - [WATCHER]: Processing file changes in outputs
[NX v22.3.1 Daemon Server] - 2026-03-19T05:16:08.345Z - [WATCHER]: Processing file changes in outputs
[NX v22.3.1 Daemon Server] - 2026-03-19T05:16:08.416Z - [WATCHER]: Processing file changes in outputs
[NX v22.3.1 Daemon Server] - 2026-03-19T05:16:08.469Z - [WATCHER]: Processing file changes in outputs
[NX v22.3.1 Daemon Server] - 2026-03-19T05:16:08.534Z - [WATCHER]: Processing file changes in outputs
[NX v22.3.1 Daemon Server] - 2026-03-19T05:16:08.603Z - [WATCHER]: Processing file changes in outputs
[NX v22.3.1 Daemon Server] - 2026-03-19T05:16:08.660Z - [WATCHER]: Processing file changes in outputs
[NX v22.3.1 Daemon Server] - 2026-03-19T05:16:08.713Z - [WATCHER]: Processing file changes in outputs
[NX v22.3.1 Daemon Server] - 2026-03-19T05:16:08.768Z - [WATCHER]: Processing file changes in outputs
[NX v22.3.1 Daemon Server] - 2026-03-19T05:16:08.820Z - [WATCHER]: Processing file changes in outputs
[NX v22.3.1 Daemon Server] - 2026-03-19T05:16:08.999Z - [WATCHER]: Processing file changes in outputs
[NX v22.3.1 Daemon Server] - 2026-03-19T05:16:09.009Z - [WATCHER]: Processing file changes in outputs
[NX v22.3.1 Daemon Server] - 2026-03-19T05:16:09.076Z - [WATCHER]: Processing file changes in outputs
[NX v22.3.1 Daemon Server] - 2026-03-19T05:16:09.127Z - [WATCHER]: Processing file changes in outputs
[NX v22.3.1 Daemon Server] - 2026-03-19T05:16:09.186Z - [WATCHER]: Processing file changes in outputs
[NX v22.3.1 Daemon Server] - 2026-03-19T05:16:09.238Z - [WATCHER]: Processing file changes in outputs
[NX v22.3.1 Daemon Server] - 2026-03-19T05:16:09.291Z - [WATCHER]: Processing file changes in outputs
[NX v22.3.1 Daemon Server] - 2026-03-19T05:16:09.343Z - [WATCHER]: Processing file changes in outputs
[NX v22.3.1 Daemon Server] - 2026-03-19T05:16:09.396Z - [WATCHER]: Processing file changes in outputs
[NX v22.3.1 Daemon Server] - 2026-03-19T05:16:09.449Z - [WATCHER]: Processing file changes in outputs
[NX v22.3.1 Daemon Server] - 2026-03-19T05:16:09.509Z - [WATCHER]: Processing file changes in outputs
[NX v22.3.1 Daemon Server] - 2026-03-19T05:16:09.541Z - Received raw message of length 100
[NX v22.3.1 Daemon Server] - 2026-03-19T05:16:09.541Z - Received json message of type RECORD_OUTPUTS_HASH
[NX v22.3.1 Daemon Server] - 2026-03-19T05:16:09.562Z - Serializing response for RECORD_OUTPUTS_HASH message in json mode
[NX v22.3.1 Daemon Server] - 2026-03-19T05:16:09.562Z - Responding to RECORD_OUTPUTS_HASH message
[NX v22.3.1 Daemon Server] - 2026-03-19T05:16:09.562Z - [REQUEST]: Responding to the client. recordOutputsHash
[NX v22.3.1 Daemon Server] - 2026-03-19T05:16:09.562Z - Done responding to the client recordOutputsHash
[NX v22.3.1 Daemon Server] - 2026-03-19T05:16:09.562Z - Handled json message RECORD_OUTPUTS_HASH. Handling time: 21. Response time: 0.
[NX v22.3.1 Daemon Server] - 2026-03-19T05:16:09.631Z - [WATCHER]: Processing file changes in outputs
[NX v22.3.1 Daemon Server] - 2026-03-19T05:16:09.684Z - [WATCHER]: Processing file changes in outputs
[NX v22.3.1 Daemon Server] - 2026-03-19T05:16:09.737Z - [WATCHER]: Processing file changes in outputs
[NX v22.3.1 Daemon Server] - 2026-03-19T05:16:09.789Z - [WATCHER]: Processing file changes in outputs
[NX v22.3.1 Daemon Server] - 2026-03-19T05:16:09.841Z - [WATCHER]: Processing file changes in outputs
[NX v22.3.1 Daemon Server] - 2026-03-19T05:16:09.891Z - [WATCHER]: Processing file changes in outputs
[NX v22.3.1 Daemon Server] - 2026-03-19T05:16:09.943Z - [WATCHER]: Processing file changes in outputs
[NX v22.3.1 Daemon Server] - 2026-03-19T05:16:09.994Z - [WATCHER]: Processing file changes in outputs
[NX v22.3.1 Daemon Server] - 2026-03-19T05:16:15.055Z - [WATCHER]: Processing file changes in outputs
[NX v22.3.1 Daemon Server] - 2026-03-19T05:16:17.855Z - [WATCHER]: Processing file changes in outputs
[NX v22.3.1 Daemon Server] - 2026-03-19T05:16:19.436Z - [WATCHER]: Processing file changes in outputs
[NX v22.3.1 Daemon Server] - 2026-03-19T05:16:24.388Z - [WATCHER]: Processing file changes in outputs
[NX v22.3.1 Daemon Server] - 2026-03-19T05:16:24.482Z - [WATCHER]: Processing file changes in outputs
[NX v22.3.1 Daemon Server] - 2026-03-19T05:16:24.536Z - [WATCHER]: Processing file changes in outputs
[NX v22.3.1 Daemon Server] - 2026-03-19T05:16:24.591Z - [WATCHER]: Processing file changes in outputs
[NX v22.3.1 Daemon Server] - 2026-03-19T05:16:24.655Z - [WATCHER]: Processing file changes in outputs
[NX v22.3.1 Daemon Server] - 2026-03-19T05:16:24.710Z - [WATCHER]: Processing file changes in outputs
[NX v22.3.1 Daemon Server] - 2026-03-19T05:16:24.760Z - [WATCHER]: Processing file changes in outputs
[NX v22.3.1 Daemon Server] - 2026-03-19T05:16:24.818Z - [WATCHER]: Processing file changes in outputs
[NX v22.3.1 Daemon Server] - 2026-03-19T05:16:24.882Z - [WATCHER]: Processing file changes in outputs
[NX v22.3.1 Daemon Server] - 2026-03-19T05:16:24.956Z - [WATCHER]: Processing file changes in outputs
[NX v22.3.1 Daemon Server] - 2026-03-19T05:16:25.011Z - [WATCHER]: Processing file changes in outputs
[NX v22.3.1 Daemon Server] - 2026-03-19T05:16:25.069Z - [WATCHER]: Processing file changes in outputs
[NX v22.3.1 Daemon Server] - 2026-03-19T05:16:25.124Z - [WATCHER]: Processing file changes in outputs
[NX v22.3.1 Daemon Server] - 2026-03-19T05:16:25.176Z - [WATCHER]: Processing file changes in outputs
[NX v22.3.1 Daemon Server] - 2026-03-19T05:16:25.214Z - Received raw message of length 100
[NX v22.3.1 Daemon Server] - 2026-03-19T05:16:25.214Z - Received json message of type RECORD_OUTPUTS_HASH
[NX v22.3.1 Daemon Server] - 2026-03-19T05:16:25.224Z - Serializing response for RECORD_OUTPUTS_HASH message in json mode
[NX v22.3.1 Daemon Server] - 2026-03-19T05:16:25.224Z - Responding to RECORD_OUTPUTS_HASH message
[NX v22.3.1 Daemon Server] - 2026-03-19T05:16:25.224Z - [REQUEST]: Responding to the client. recordOutputsHash
[NX v22.3.1 Daemon Server] - 2026-03-19T05:16:25.224Z - Done responding to the client recordOutputsHash
[NX v22.3.1 Daemon Server] - 2026-03-19T05:16:25.224Z - Handled json message RECORD_OUTPUTS_HASH. Handling time: 10. Response time: 0.
[NX v22.3.1 Daemon Server] - 2026-03-19T05:16:25.236Z - [WATCHER]: Processing file changes in outputs
[NX v22.3.1 Daemon Server] - 2026-03-19T05:16:25.301Z - [WATCHER]: Processing file changes in outputs
[NX v22.3.1 Daemon Server] - 2026-03-19T05:16:25.302Z - Received raw message of length 103
[NX v22.3.1 Daemon Server] - 2026-03-19T05:16:25.302Z - Received json message of type RECORD_OUTPUTS_HASH
[NX v22.3.1 Daemon Server] - 2026-03-19T05:16:25.315Z - Serializing response for RECORD_OUTPUTS_HASH message in json mode
[NX v22.3.1 Daemon Server] - 2026-03-19T05:16:25.315Z - Responding to RECORD_OUTPUTS_HASH message
[NX v22.3.1 Daemon Server] - 2026-03-19T05:16:25.315Z - [REQUEST]: Responding to the client. recordOutputsHash
[NX v22.3.1 Daemon Server] - 2026-03-19T05:16:25.315Z - Done responding to the client recordOutputsHash
[NX v22.3.1 Daemon Server] - 2026-03-19T05:16:25.315Z - Handled json message RECORD_OUTPUTS_HASH. Handling time: 13. Response time: 0.
[NX v22.3.1 Daemon Server] - 2026-03-19T05:16:25.354Z - [WATCHER]: Processing file changes in outputs
[NX v22.3.1 Daemon Server] - 2026-03-19T05:16:25.412Z - [WATCHER]: Processing file changes in outputs
[NX v22.3.1 Daemon Server] - 2026-03-19T05:16:26.147Z - [WATCHER]: Processing file changes in outputs
[NX v22.3.1 Daemon Server] - 2026-03-19T05:16:26.215Z - [WATCHER]: Processing file changes in outputs
[NX v22.3.1 Daemon Server] - 2026-03-19T05:16:26.279Z - [WATCHER]: Processing file changes in outputs
[NX v22.3.1 Daemon Server] - 2026-03-19T05:16:26.330Z - [WATCHER]: Processing file changes in outputs
[NX v22.3.1 Daemon Server] - 2026-03-19T05:16:26.397Z - [WATCHER]: Processing file changes in outputs
[NX v22.3.1 Daemon Server] - 2026-03-19T05:16:26.452Z - [WATCHER]: Processing file changes in outputs
[NX v22.3.1 Daemon Server] - 2026-03-19T05:16:26.513Z - [WATCHER]: Processing file changes in outputs
[NX v22.3.1 Daemon Server] - 2026-03-19T05:16:26.566Z - [WATCHER]: Processing file changes in outputs
[NX v22.3.1 Daemon Server] - 2026-03-19T05:16:26.783Z - [WATCHER]: Processing file changes in outputs
[NX v22.3.1 Daemon Server] - 2026-03-19T05:16:26.846Z - [WATCHER]: Processing file changes in outputs
[NX v22.3.1 Daemon Server] - 2026-03-19T05:16:26.905Z - [WATCHER]: Processing file changes in outputs
[NX v22.3.1 Daemon Server] - 2026-03-19T05:16:26.965Z - [WATCHER]: Processing file changes in outputs
[NX v22.3.1 Daemon Server] - 2026-03-19T05:16:27.025Z - [WATCHER]: Processing file changes in outputs
[NX v22.3.1 Daemon Server] - 2026-03-19T05:16:27.085Z - [WATCHER]: Processing file changes in outputs
[NX v22.3.1 Daemon Server] - 2026-03-19T05:16:27.293Z - [WATCHER]: Processing file changes in outputs
[NX v22.3.1 Daemon Server] - 2026-03-19T05:16:27.353Z - [WATCHER]: Processing file changes in outputs
[NX v22.3.1 Daemon Server] - 2026-03-19T05:16:27.408Z - [WATCHER]: Processing file changes in outputs
[NX v22.3.1 Daemon Server] - 2026-03-19T05:16:27.463Z - [WATCHER]: Processing file changes in outputs
[NX v22.3.1 Daemon Server] - 2026-03-19T05:16:27.516Z - [WATCHER]: Processing file changes in outputs
[NX v22.3.1 Daemon Server] - 2026-03-19T05:16:27.553Z - Received raw message of length 102
[NX v22.3.1 Daemon Server] - 2026-03-19T05:16:27.553Z - Received json message of type RECORD_OUTPUTS_HASH
[NX v22.3.1 Daemon Server] - 2026-03-19T05:16:27.561Z - Serializing response for RECORD_OUTPUTS_HASH message in json mode
[NX v22.3.1 Daemon Server] - 2026-03-19T05:16:27.561Z - Responding to RECORD_OUTPUTS_HASH message
[NX v22.3.1 Daemon Server] - 2026-03-19T05:16:27.561Z - [REQUEST]: Responding to the client. recordOutputsHash
[NX v22.3.1 Daemon Server] - 2026-03-19T05:16:27.561Z - Done responding to the client recordOutputsHash
[NX v22.3.1 Daemon Server] - 2026-03-19T05:16:27.562Z - Handled json message RECORD_OUTPUTS_HASH. Handling time: 8. Response time: 1.
[NX v22.3.1 Daemon Server] - 2026-03-19T05:16:27.624Z - [WATCHER]: Processing file changes in outputs
[NX v22.3.1 Daemon Server] - 2026-03-19T05:16:27.704Z - [WATCHER]: Processing file changes in outputs
[NX v22.3.1 Daemon Server] - 2026-03-19T05:16:27.757Z - [WATCHER]: Processing file changes in outputs
[NX v22.3.1 Daemon Server] - 2026-03-19T05:16:27.809Z - [WATCHER]: Processing file changes in outputs
[NX v22.3.1 Daemon Server] - 2026-03-19T05:16:29.702Z - [WATCHER]: Processing file changes in outputs
[NX v22.3.1 Daemon Server] - 2026-03-19T05:16:33.235Z - [WATCHER]: Processing file changes in outputs
[NX v22.3.1 Daemon Server] - 2026-03-19T05:16:33.284Z - [WATCHER]: Processing file changes in outputs
[NX v22.3.1 Daemon Server] - 2026-03-19T05:16:33.337Z - [WATCHER]: Processing file changes in outputs
[NX v22.3.1 Daemon Server] - 2026-03-19T05:16:33.395Z - [WATCHER]: Processing file changes in outputs
[NX v22.3.1 Daemon Server] - 2026-03-19T05:16:33.447Z - [WATCHER]: Processing file changes in outputs
[NX v22.3.1 Daemon Server] - 2026-03-19T05:16:33.501Z - [WATCHER]: Processing file changes in outputs
[NX v22.3.1 Daemon Server] - 2026-03-19T05:16:33.553Z - [WATCHER]: Processing file changes in outputs
[NX v22.3.1 Daemon Server] - 2026-03-19T05:16:33.602Z - Received raw message of length 105
[NX v22.3.1 Daemon Server] - 2026-03-19T05:16:33.602Z - Received json message of type RECORD_OUTPUTS_HASH
[NX v22.3.1 Daemon Server] - 2026-03-19T05:16:33.612Z - Serializing response for RECORD_OUTPUTS_HASH message in json mode
[NX v22.3.1 Daemon Server] - 2026-03-19T05:16:33.612Z - Responding to RECORD_OUTPUTS_HASH message
[NX v22.3.1 Daemon Server] - 2026-03-19T05:16:33.612Z - [REQUEST]: Responding to the client. recordOutputsHash
[NX v22.3.1 Daemon Server] - 2026-03-19T05:16:33.612Z - Done responding to the client recordOutputsHash
[NX v22.3.1 Daemon Server] - 2026-03-19T05:16:33.612Z - Handled json message RECORD_OUTPUTS_HASH. Handling time: 10. Response time: 0.
[NX v22.3.1 Daemon Server] - 2026-03-19T05:16:33.624Z - [WATCHER]: Processing file changes in outputs
[NX v22.3.1 Daemon Server] - 2026-03-19T05:16:33.692Z - [WATCHER]: Processing file changes in outputs
[NX v22.3.1 Daemon Server] - 2026-03-19T05:16:33.744Z - [WATCHER]: Processing file changes in outputs
[NX v22.3.1 Daemon Server] - 2026-03-19T05:16:33.797Z - [WATCHER]: Processing file changes in outputs
[NX v22.3.1 Daemon Server] - 2026-03-19T05:19:29.556Z - [WATCHER]: icons-export/figma-icon-list.json was modified
[NX v22.3.1 Daemon Server] - 2026-03-19T05:19:29.557Z - [SYNC]: clearing sync generators cache due to file changes
[NX v22.3.1 Daemon Server] - 2026-03-19T05:19:29.557Z - [WATCHER]: Processing file changes in outputs
[NX v22.3.1 Daemon Server] - 2026-03-19T05:19:29.663Z - [REQUEST]: Updated workspace context based on watched changes, recomputing project graph...
[NX v22.3.1 Daemon Server] - 2026-03-19T05:19:29.664Z - [REQUEST]: icons-export/figma-icon-list.json
[NX v22.3.1 Daemon Server] - 2026-03-19T05:19:29.664Z - [REQUEST]: 
[NX v22.3.1 Daemon Server] - 2026-03-19T05:19:29.671Z - Time taken for 'hash changed files from watcher' 5.27366600005189ms
Time for 'nx/core/project-json:createNodes' 1.191292000003159
Time for 'nx/js/dependencies-and-lockfile:createNodes' 14.61016700003529
Time for 'nx/core/package-json:createNodes' 27.15841700002784
[NX v22.3.1 Daemon Server] - 2026-03-19T05:19:29.743Z - Time taken for 'build-project-configs' 44.872708999959286ms
Time for 'build typescript dependencies' 0.040250000020023435
[NX v22.3.1 Daemon Server] - 2026-03-19T05:19:29.765Z - [SYNC]: collect registered sync generators
[NX v22.3.1 Daemon Server] - 2026-03-19T05:19:29.766Z - [SYNC]: project graph hash is the same, not collecting task sync generators
[NX v22.3.1 Daemon Server] - 2026-03-19T05:19:29.766Z - [SYNC]: nx.json hash is the same, not collecting global sync generators
[NX v22.3.1 Daemon Server] - 2026-03-19T05:19:29.766Z - Time taken for 'total execution time for createProjectGraph()' 36.51591700001154ms
[NX v22.3.1 Daemon Server] - 2026-03-19T05:19:39.714Z - [WATCHER]: icons-export/all-new-figma-icons-16px/add.svg was modified
[NX v22.3.1 Daemon Server] - 2026-03-19T05:19:39.714Z - [SYNC]: clearing sync generators cache due to file changes
[NX v22.3.1 Daemon Server] - 2026-03-19T05:19:39.715Z - [WATCHER]: Processing file changes in outputs
[NX v22.3.1 Daemon Server] - 2026-03-19T05:19:39.839Z - [WATCHER]: icons-export/all-new-figma-icons-16px/add-child.svg was modified
[NX v22.3.1 Daemon Server] - 2026-03-19T05:19:39.839Z - [SYNC]: clearing sync generators cache due to file changes
[NX v22.3.1 Daemon Server] - 2026-03-19T05:19:39.839Z - [WATCHER]: Processing file changes in outputs
[NX v22.3.1 Daemon Server] - 2026-03-19T05:19:39.920Z - [REQUEST]: Updated workspace context based on watched changes, recomputing project graph...
[NX v22.3.1 Daemon Server] - 2026-03-19T05:19:39.920Z - [REQUEST]: icons-export/all-new-figma-icons-16px/add.svg,icons-export/all-new-figma-icons-16px/add-child.svg
[NX v22.3.1 Daemon Server] - 2026-03-19T05:19:39.920Z - [REQUEST]: 
[NX v22.3.1 Daemon Server] - 2026-03-19T05:19:39.925Z - Time taken for 'hash changed files from watcher' 3.7282080000150017ms
Time for 'nx/core/project-json:createNodes' 0.09249999996973202
Time for 'nx/js/dependencies-and-lockfile:createNodes' 8.056082999974024
Time for 'nx/core/package-json:createNodes' 13.782084000005852
[NX v22.3.1 Daemon Server] - 2026-03-19T05:19:39.966Z - Time taken for 'build-project-configs' 21.73045800003456ms
[NX v22.3.1 Daemon Server] - 2026-03-19T05:19:39.968Z - [WATCHER]: icons-export/all-new-figma-icons-16px/add-clip.svg was modified
[NX v22.3.1 Daemon Server] - 2026-03-19T05:19:39.968Z - [SYNC]: clearing sync generators cache due to file changes
[NX v22.3.1 Daemon Server] - 2026-03-19T05:19:39.968Z - [WATCHER]: Processing file changes in outputs
Time for 'build typescript dependencies' 0.015499999979510903
[NX v22.3.1 Daemon Server] - 2026-03-19T05:19:39.996Z - [SYNC]: collect registered sync generators
[NX v22.3.1 Daemon Server] - 2026-03-19T05:19:39.996Z - [SYNC]: project graph hash is the same, not collecting task sync generators
[NX v22.3.1 Daemon Server] - 2026-03-19T05:19:39.997Z - [SYNC]: nx.json hash is the same, not collecting global sync generators
[NX v22.3.1 Daemon Server] - 2026-03-19T05:19:39.997Z - Time taken for 'total execution time for createProjectGraph()' 39.26199999998789ms
[NX v22.3.1 Daemon Server] - 2026-03-19T05:19:40.086Z - [WATCHER]: icons-export/all-new-figma-icons-16px/add-column-left.svg was modified
[NX v22.3.1 Daemon Server] - 2026-03-19T05:19:40.086Z - [SYNC]: clearing sync generators cache due to file changes
[NX v22.3.1 Daemon Server] - 2026-03-19T05:19:40.087Z - [WATCHER]: Processing file changes in outputs
[NX v22.3.1 Daemon Server] - 2026-03-19T05:19:40.215Z - [WATCHER]: icons-export/all-new-figma-icons-16px/add-column-right.svg was modified
[NX v22.3.1 Daemon Server] - 2026-03-19T05:19:40.215Z - [SYNC]: clearing sync generators cache due to file changes
[NX v22.3.1 Daemon Server] - 2026-03-19T05:19:40.215Z - [WATCHER]: Processing file changes in outputs
[NX v22.3.1 Daemon Server] - 2026-03-19T05:19:40.335Z - [WATCHER]: icons-export/all-new-figma-icons-16px/add-location.svg was modified
[NX v22.3.1 Daemon Server] - 2026-03-19T05:19:40.335Z - [SYNC]: clearing sync generators cache due to file changes
[NX v22.3.1 Daemon Server] - 2026-03-19T05:19:40.335Z - [WATCHER]: Processing file changes in outputs
[NX v22.3.1 Daemon Server] - 2026-03-19T05:19:40.372Z - [REQUEST]: Updated workspace context based on watched changes, recomputing project graph...
[NX v22.3.1 Daemon Server] - 2026-03-19T05:19:40.372Z - [REQUEST]: icons-export/all-new-figma-icons-16px/add-clip.svg,icons-export/all-new-figma-icons-16px/add-column-left.svg,icons-export/all-new-figma-icons-16px/add-column-right.svg,icons-export/all-new-figma-icons-16px/add-location.svg
[NX v22.3.1 Daemon Server] - 2026-03-19T05:19:40.372Z - [REQUEST]: 
[NX v22.3.1 Daemon Server] - 2026-03-19T05:19:40.377Z - Time taken for 'hash changed files from watcher' 3.5853750000242144ms
Time for 'nx/core/project-json:createNodes' 0.07095799996750429
Time for 'nx/js/dependencies-and-lockfile:createNodes' 6.327624999976251
Time for 'nx/core/package-json:createNodes' 9.642707999970298
[NX v22.3.1 Daemon Server] - 2026-03-19T05:19:40.411Z - Time taken for 'build-project-configs' 15.681166999973357ms
Time for 'build typescript dependencies' 0.015333999996073544
[NX v22.3.1 Daemon Server] - 2026-03-19T05:19:40.430Z - [SYNC]: collect registered sync generators
[NX v22.3.1 Daemon Server] - 2026-03-19T05:19:40.430Z - [SYNC]: project graph hash is the same, not collecting task sync generators
[NX v22.3.1 Daemon Server] - 2026-03-19T05:19:40.430Z - [SYNC]: nx.json hash is the same, not collecting global sync generators
[NX v22.3.1 Daemon Server] - 2026-03-19T05:19:40.430Z - Time taken for 'total execution time for createProjectGraph()' 27.43550000002142ms
[NX v22.3.1 Daemon Server] - 2026-03-19T05:19:40.466Z - [WATCHER]: icons-export/all-new-figma-icons-16px/add-parent.svg was modified
[NX v22.3.1 Daemon Server] - 2026-03-19T05:19:40.466Z - [SYNC]: clearing sync generators cache due to file changes
[NX v22.3.1 Daemon Server] - 2026-03-19T05:19:40.466Z - [WATCHER]: Processing file changes in outputs
[NX v22.3.1 Daemon Server] - 2026-03-19T05:19:40.589Z - [WATCHER]: icons-export/all-new-figma-icons-16px/add-row-bottom.svg was modified
[NX v22.3.1 Daemon Server] - 2026-03-19T05:19:40.589Z - [SYNC]: clearing sync generators cache due to file changes
[NX v22.3.1 Daemon Server] - 2026-03-19T05:19:40.589Z - [WATCHER]: Processing file changes in outputs
[NX v22.3.1 Daemon Server] - 2026-03-19T05:19:40.740Z - [WATCHER]: icons-export/all-new-figma-icons-16px/add-row-top.svg was modified
[NX v22.3.1 Daemon Server] - 2026-03-19T05:19:40.740Z - [SYNC]: clearing sync generators cache due to file changes
[NX v22.3.1 Daemon Server] - 2026-03-19T05:19:40.741Z - [WATCHER]: Processing file changes in outputs
[NX v22.3.1 Daemon Server] - 2026-03-19T05:19:40.872Z - [WATCHER]: icons-export/all-new-figma-icons-16px/add-tile.svg was modified
[NX v22.3.1 Daemon Server] - 2026-03-19T05:19:40.872Z - [SYNC]: clearing sync generators cache due to file changes
[NX v22.3.1 Daemon Server] - 2026-03-19T05:19:40.872Z - [WATCHER]: Processing file changes in outputs
[NX v22.3.1 Daemon Server] - 2026-03-19T05:19:41.000Z - [WATCHER]: icons-export/all-new-figma-icons-16px/add-to-artifact.svg was modified
[NX v22.3.1 Daemon Server] - 2026-03-19T05:19:41.001Z - [SYNC]: clearing sync generators cache due to file changes
[NX v22.3.1 Daemon Server] - 2026-03-19T05:19:41.001Z - [WATCHER]: Processing file changes in outputs
[NX v22.3.1 Daemon Server] - 2026-03-19T05:19:41.118Z - [WATCHER]: Processing file changes in outputs
[NX v22.3.1 Daemon Server] - 2026-03-19T05:19:41.120Z - [WATCHER]: icons-export/all-new-figma-icons-16px/add-to-folder.svg was modified
[NX v22.3.1 Daemon Server] - 2026-03-19T05:19:41.120Z - [SYNC]: clearing sync generators cache due to file changes
[NX v22.3.1 Daemon Server] - 2026-03-19T05:19:41.246Z - [WATCHER]: icons-export/all-new-figma-icons-16px/aimpoints-target.svg was modified
[NX v22.3.1 Daemon Server] - 2026-03-19T05:19:41.246Z - [SYNC]: clearing sync generators cache due to file changes
[NX v22.3.1 Daemon Server] - 2026-03-19T05:19:41.246Z - [WATCHER]: Processing file changes in outputs
[NX v22.3.1 Daemon Server] - 2026-03-19T05:19:41.274Z - [REQUEST]: Updated workspace context based on watched changes, recomputing project graph...
[NX v22.3.1 Daemon Server] - 2026-03-19T05:19:41.274Z - [REQUEST]: icons-export/all-new-figma-icons-16px/add-parent.svg,icons-export/all-new-figma-icons-16px/add-row-bottom.svg,icons-export/all-new-figma-icons-16px/add-row-top.svg,icons-export/all-new-figma-icons-16px/add-tile.svg,icons-export/all-new-figma-icons-16px/add-to-artifact.svg,icons-export/all-new-figma-icons-16px/add-to-folder.svg,icons-export/all-new-figma-icons-16px/aimpoints-target.svg
[NX v22.3.1 Daemon Server] - 2026-03-19T05:19:41.274Z - [REQUEST]: 
[NX v22.3.1 Daemon Server] - 2026-03-19T05:19:41.281Z - Time taken for 'hash changed files from watcher' 6.3917079999810085ms
Time for 'nx/core/project-json:createNodes' 0.08358400000724941
Time for 'nx/js/dependencies-and-lockfile:createNodes' 9.916417000000365
Time for 'nx/core/package-json:createNodes' 11.694042000046466
[NX v22.3.1 Daemon Server] - 2026-03-19T05:19:41.320Z - Time taken for 'build-project-configs' 20.867041999998037ms
Time for 'build typescript dependencies' 0.013374999980442226
[NX v22.3.1 Daemon Server] - 2026-03-19T05:19:41.344Z - [SYNC]: collect registered sync generators
[NX v22.3.1 Daemon Server] - 2026-03-19T05:19:41.345Z - [SYNC]: project graph hash is the same, not collecting task sync generators
[NX v22.3.1 Daemon Server] - 2026-03-19T05:19:41.345Z - [SYNC]: nx.json hash is the same, not collecting global sync generators
[NX v22.3.1 Daemon Server] - 2026-03-19T05:19:41.345Z - Time taken for 'total execution time for createProjectGraph()' 32.2549589999835ms
[NX v22.3.1 Daemon Server] - 2026-03-19T05:19:41.353Z - [WATCHER]: icons-export/all-new-figma-icons-16px/airplane.svg was modified
[NX v22.3.1 Daemon Server] - 2026-03-19T05:19:41.353Z - [SYNC]: clearing sync generators cache due to file changes
[NX v22.3.1 Daemon Server] - 2026-03-19T05:19:41.353Z - [WATCHER]: Processing file changes in outputs
[NX v22.3.1 Daemon Server] - 2026-03-19T05:19:41.471Z - [WATCHER]: icons-export/all-new-figma-icons-16px/align-center.svg was modified
[NX v22.3.1 Daemon Server] - 2026-03-19T05:19:41.472Z - [SYNC]: clearing sync generators cache due to file changes
[NX v22.3.1 Daemon Server] - 2026-03-19T05:19:41.472Z - [WATCHER]: Processing file changes in outputs
[NX v22.3.1 Daemon Server] - 2026-03-19T05:19:41.614Z - [WATCHER]: icons-export/all-new-figma-icons-16px/align-justify.svg was modified
[NX v22.3.1 Daemon Server] - 2026-03-19T05:19:41.615Z - [SYNC]: clearing sync generators cache due to file changes
[NX v22.3.1 Daemon Server] - 2026-03-19T05:19:41.615Z - [WATCHER]: Processing file changes in outputs
[NX v22.3.1 Daemon Server] - 2026-03-19T05:19:41.728Z - [WATCHER]: icons-export/all-new-figma-icons-16px/align-left.svg was modified
[NX v22.3.1 Daemon Server] - 2026-03-19T05:19:41.728Z - [SYNC]: clearing sync generators cache due to file changes
[NX v22.3.1 Daemon Server] - 2026-03-19T05:19:41.728Z - [WATCHER]: Processing file changes in outputs
[NX v22.3.1 Daemon Server] - 2026-03-19T05:19:41.838Z - [WATCHER]: icons-export/all-new-figma-icons-16px/align-right.svg was modified
[NX v22.3.1 Daemon Server] - 2026-03-19T05:19:41.838Z - [SYNC]: clearing sync generators cache due to file changes
[NX v22.3.1 Daemon Server] - 2026-03-19T05:19:41.838Z - [WATCHER]: Processing file changes in outputs
[NX v22.3.1 Daemon Server] - 2026-03-19T05:19:41.941Z - [WATCHER]: icons-export/all-new-figma-icons-16px/alignment-bottom.svg was modified
[NX v22.3.1 Daemon Server] - 2026-03-19T05:19:41.941Z - [SYNC]: clearing sync generators cache due to file changes
[NX v22.3.1 Daemon Server] - 2026-03-19T05:19:41.941Z - [WATCHER]: Processing file changes in outputs
[NX v22.3.1 Daemon Server] - 2026-03-19T05:19:42.057Z - [WATCHER]: Processing file changes in outputs
[NX v22.3.1 Daemon Server] - 2026-03-19T05:19:42.059Z - [WATCHER]: icons-export/all-new-figma-icons-16px/alignment-horizontal-center.svg was modified
[NX v22.3.1 Daemon Server] - 2026-03-19T05:19:42.059Z - [SYNC]: clearing sync generators cache due to file changes
[NX v22.3.1 Daemon Server] - 2026-03-19T05:19:42.216Z - [WATCHER]: Processing file changes in outputs
[NX v22.3.1 Daemon Server] - 2026-03-19T05:19:42.219Z - [WATCHER]: icons-export/all-new-figma-icons-16px/alignment-left.svg was modified
[NX v22.3.1 Daemon Server] - 2026-03-19T05:19:42.219Z - [SYNC]: clearing sync generators cache due to file changes
[NX v22.3.1 Daemon Server] - 2026-03-19T05:19:42.338Z - [WATCHER]: icons-export/all-new-figma-icons-16px/alignment-right.svg was modified
[NX v22.3.1 Daemon Server] - 2026-03-19T05:19:42.339Z - [SYNC]: clearing sync generators cache due to file changes
[NX v22.3.1 Daemon Server] - 2026-03-19T05:19:42.339Z - [WATCHER]: Processing file changes in outputs
[NX v22.3.1 Daemon Server] - 2026-03-19T05:19:42.463Z - [WATCHER]: icons-export/all-new-figma-icons-16px/alignment-top.svg was modified
[NX v22.3.1 Daemon Server] - 2026-03-19T05:19:42.464Z - [SYNC]: clearing sync generators cache due to file changes
[NX v22.3.1 Daemon Server] - 2026-03-19T05:19:42.464Z - [WATCHER]: Processing file changes in outputs
[NX v22.3.1 Daemon Server] - 2026-03-19T05:19:42.582Z - [WATCHER]: icons-export/all-new-figma-icons-16px/alignment-vertical-center.svg was modified
[NX v22.3.1 Daemon Server] - 2026-03-19T05:19:42.582Z - [SYNC]: clearing sync generators cache due to file changes
[NX v22.3.1 Daemon Server] - 2026-03-19T05:19:42.582Z - [WATCHER]: Processing file changes in outputs
[NX v22.3.1 Daemon Server] - 2026-03-19T05:19:42.699Z - [WATCHER]: icons-export/all-new-figma-icons-16px/ammunition.svg was modified
[NX v22.3.1 Daemon Server] - 2026-03-19T05:19:42.699Z - [SYNC]: clearing sync generators cache due to file changes
[NX v22.3.1 Daemon Server] - 2026-03-19T05:19:42.700Z - [WATCHER]: Processing file changes in outputs
[NX v22.3.1 Daemon Server] - 2026-03-19T05:19:42.820Z - [WATCHER]: icons-export/all-new-figma-icons-16px/anchor.svg was modified
[NX v22.3.1 Daemon Server] - 2026-03-19T05:19:42.821Z - [SYNC]: clearing sync generators cache due to file changes
[NX v22.3.1 Daemon Server] - 2026-03-19T05:19:42.821Z - [WATCHER]: Processing file changes in outputs
[NX v22.3.1 Daemon Server] - 2026-03-19T05:19:42.925Z - [WATCHER]: icons-export/all-new-figma-icons-16px/annotation.svg was modified
[NX v22.3.1 Daemon Server] - 2026-03-19T05:19:42.925Z - [SYNC]: clearing sync generators cache due to file changes
[NX v22.3.1 Daemon Server] - 2026-03-19T05:19:42.925Z - [WATCHER]: Processing file changes in outputs
[NX v22.3.1 Daemon Server] - 2026-03-19T05:19:42.965Z - [REQUEST]: Updated workspace context based on watched changes, recomputing project graph...
[NX v22.3.1 Daemon Server] - 2026-03-19T05:19:42.965Z - [REQUEST]: icons-export/all-new-figma-icons-16px/airplane.svg,icons-export/all-new-figma-icons-16px/align-center.svg,icons-export/all-new-figma-icons-16px/align-justify.svg,icons-export/all-new-figma-icons-16px/align-left.svg,icons-export/all-new-figma-icons-16px/align-right.svg,icons-export/all-new-figma-icons-16px/alignment-bottom.svg,icons-export/all-new-figma-icons-16px/alignment-horizontal-center.svg,icons-export/all-new-figma-icons-16px/alignment-left.svg,icons-export/all-new-figma-icons-16px/alignment-right.svg,icons-export/all-new-figma-icons-16px/alignment-top.svg,icons-export/all-new-figma-icons-16px/alignment-vertical-center.svg,icons-export/all-new-figma-icons-16px/ammunition.svg,icons-export/all-new-figma-icons-16px/anchor.svg,icons-export/all-new-figma-icons-16px/annotation.svg
[NX v22.3.1 Daemon Server] - 2026-03-19T05:19:42.965Z - [REQUEST]: 
[NX v22.3.1 Daemon Server] - 2026-03-19T05:19:42.973Z - Time taken for 'hash changed files from watcher' 9.378250000008848ms
Time for 'nx/core/project-json:createNodes' 0.08733300003223121
Time for 'nx/js/dependencies-and-lockfile:createNodes' 8.756415999960154
Time for 'nx/core/package-json:createNodes' 9.503874999994878
[NX v22.3.1 Daemon Server] - 2026-03-19T05:19:43.015Z - Time taken for 'build-project-configs' 23.869874999974854ms
Time for 'build typescript dependencies' 0.017208000004757196
[NX v22.3.1 Daemon Server] - 2026-03-19T05:19:43.031Z - [SYNC]: collect registered sync generators
[NX v22.3.1 Daemon Server] - 2026-03-19T05:19:43.032Z - [SYNC]: project graph hash is the same, not collecting task sync generators
[NX v22.3.1 Daemon Server] - 2026-03-19T05:19:43.032Z - [SYNC]: nx.json hash is the same, not collecting global sync generators
[NX v22.3.1 Daemon Server] - 2026-03-19T05:19:43.032Z - Time taken for 'total execution time for createProjectGraph()' 24.585375000024214ms
[NX v22.3.1 Daemon Server] - 2026-03-19T05:19:43.036Z - [WATCHER]: icons-export/all-new-figma-icons-16px/announcement.svg was modified
[NX v22.3.1 Daemon Server] - 2026-03-19T05:19:43.036Z - [SYNC]: clearing sync generators cache due to file changes
[NX v22.3.1 Daemon Server] - 2026-03-19T05:19:43.036Z - [WATCHER]: Processing file changes in outputs
[NX v22.3.1 Daemon Server] - 2026-03-19T05:19:43.155Z - [WATCHER]: icons-export/all-new-figma-icons-16px/antenna.svg was modified
[NX v22.3.1 Daemon Server] - 2026-03-19T05:19:43.156Z - [SYNC]: clearing sync generators cache due to file changes
[NX v22.3.1 Daemon Server] - 2026-03-19T05:19:43.156Z - [WATCHER]: Processing file changes in outputs
[NX v22.3.1 Daemon Server] - 2026-03-19T05:19:43.258Z - [WATCHER]: icons-export/all-new-figma-icons-16px/app-header.svg was modified
[NX v22.3.1 Daemon Server] - 2026-03-19T05:19:43.258Z - [SYNC]: clearing sync generators cache due to file changes
[NX v22.3.1 Daemon Server] - 2026-03-19T05:19:43.258Z - [WATCHER]: Processing file changes in outputs
[NX v22.3.1 Daemon Server] - 2026-03-19T05:19:43.376Z - [WATCHER]: icons-export/all-new-figma-icons-16px/application.svg was modified
[NX v22.3.1 Daemon Server] - 2026-03-19T05:19:43.376Z - [SYNC]: clearing sync generators cache due to file changes
[NX v22.3.1 Daemon Server] - 2026-03-19T05:19:43.377Z - [WATCHER]: Processing file changes in outputs
[NX v22.3.1 Daemon Server] - 2026-03-19T05:19:43.497Z - [WATCHER]: icons-export/all-new-figma-icons-16px/applications.svg was modified
[NX v22.3.1 Daemon Server] - 2026-03-19T05:19:43.497Z - [SYNC]: clearing sync generators cache due to file changes
[NX v22.3.1 Daemon Server] - 2026-03-19T05:19:43.497Z - [WATCHER]: Processing file changes in outputs
[NX v22.3.1 Daemon Server] - 2026-03-19T05:19:43.613Z - [WATCHER]: icons-export/all-new-figma-icons-16px/archive.svg was modified
[NX v22.3.1 Daemon Server] - 2026-03-19T05:19:43.613Z - [SYNC]: clearing sync generators cache due to file changes
[NX v22.3.1 Daemon Server] - 2026-03-19T05:19:43.613Z - [WATCHER]: Processing file changes in outputs
[NX v22.3.1 Daemon Server] - 2026-03-19T05:19:43.736Z - [WATCHER]: icons-export/all-new-figma-icons-16px/area-of-interest.svg was modified
[NX v22.3.1 Daemon Server] - 2026-03-19T05:19:43.736Z - [SYNC]: clearing sync generators cache due to file changes
[NX v22.3.1 Daemon Server] - 2026-03-19T05:19:43.736Z - [WATCHER]: Processing file changes in outputs
[NX v22.3.1 Daemon Server] - 2026-03-19T05:19:43.856Z - [WATCHER]: icons-export/all-new-figma-icons-16px/array.svg was modified
[NX v22.3.1 Daemon Server] - 2026-03-19T05:19:43.857Z - [SYNC]: clearing sync generators cache due to file changes
[NX v22.3.1 Daemon Server] - 2026-03-19T05:19:43.857Z - [WATCHER]: Processing file changes in outputs
[NX v22.3.1 Daemon Server] - 2026-03-19T05:19:43.997Z - [WATCHER]: icons-export/all-new-figma-icons-16px/array-boolean.svg was modified
[NX v22.3.1 Daemon Server] - 2026-03-19T05:19:43.997Z - [SYNC]: clearing sync generators cache due to file changes
[NX v22.3.1 Daemon Server] - 2026-03-19T05:19:43.998Z - [WATCHER]: Processing file changes in outputs
[NX v22.3.1 Daemon Server] - 2026-03-19T05:19:44.126Z - [WATCHER]: icons-export/all-new-figma-icons-16px/array-date.svg was modified
[NX v22.3.1 Daemon Server] - 2026-03-19T05:19:44.126Z - [SYNC]: clearing sync generators cache due to file changes
[NX v22.3.1 Daemon Server] - 2026-03-19T05:19:44.127Z - [WATCHER]: Processing file changes in outputs
[NX v22.3.1 Daemon Server] - 2026-03-19T05:19:44.270Z - [WATCHER]: icons-export/all-new-figma-icons-16px/array-floating-point.svg was modified
[NX v22.3.1 Daemon Server] - 2026-03-19T05:19:44.271Z - [SYNC]: clearing sync generators cache due to file changes
[NX v22.3.1 Daemon Server] - 2026-03-19T05:19:44.271Z - [WATCHER]: Processing file changes in outputs
[NX v22.3.1 Daemon Server] - 2026-03-19T05:19:44.383Z - [WATCHER]: icons-export/all-new-figma-icons-16px/array-numeric.svg was modified
[NX v22.3.1 Daemon Server] - 2026-03-19T05:19:44.383Z - [SYNC]: clearing sync generators cache due to file changes
[NX v22.3.1 Daemon Server] - 2026-03-19T05:19:44.383Z - [WATCHER]: Processing file changes in outputs
[NX v22.3.1 Daemon Server] - 2026-03-19T05:19:44.510Z - [WATCHER]: icons-export/all-new-figma-icons-16px/array-object.svg was modified
[NX v22.3.1 Daemon Server] - 2026-03-19T05:19:44.510Z - [SYNC]: clearing sync generators cache due to file changes
[NX v22.3.1 Daemon Server] - 2026-03-19T05:19:44.510Z - [WATCHER]: Processing file changes in outputs
[NX v22.3.1 Daemon Server] - 2026-03-19T05:19:44.623Z - [WATCHER]: icons-export/all-new-figma-icons-16px/array-string.svg was modified
[NX v22.3.1 Daemon Server] - 2026-03-19T05:19:44.624Z - [SYNC]: clearing sync generators cache due to file changes
[NX v22.3.1 Daemon Server] - 2026-03-19T05:19:44.624Z - [WATCHER]: Processing file changes in outputs
[NX v22.3.1 Daemon Server] - 2026-03-19T05:19:44.739Z - [WATCHER]: icons-export/all-new-figma-icons-16px/array-timestamp.svg was modified
[NX v22.3.1 Daemon Server] - 2026-03-19T05:19:44.739Z - [SYNC]: clearing sync generators cache due to file changes
[NX v22.3.1 Daemon Server] - 2026-03-19T05:19:44.739Z - [WATCHER]: Processing file changes in outputs
[NX v22.3.1 Daemon Server] - 2026-03-19T05:19:44.861Z - [WATCHER]: icons-export/all-new-figma-icons-16px/arrow-bottom-left.svg was modified
[NX v22.3.1 Daemon Server] - 2026-03-19T05:19:44.861Z - [SYNC]: clearing sync generators cache due to file changes
[NX v22.3.1 Daemon Server] - 2026-03-19T05:19:44.861Z - [WATCHER]: Processing file changes in outputs
[NX v22.3.1 Daemon Server] - 2026-03-19T05:19:44.960Z - [WATCHER]: icons-export/all-new-figma-icons-16px/arrow-bottom-right.svg was modified
[NX v22.3.1 Daemon Server] - 2026-03-19T05:19:44.961Z - [SYNC]: clearing sync generators cache due to file changes
[NX v22.3.1 Daemon Server] - 2026-03-19T05:19:44.961Z - [WATCHER]: Processing file changes in outputs
[NX v22.3.1 Daemon Server] - 2026-03-19T05:19:45.088Z - [WATCHER]: Processing file changes in outputs
[NX v22.3.1 Daemon Server] - 2026-03-19T05:19:45.095Z - [WATCHER]: icons-export/all-new-figma-icons-16px/arrow-down.svg was modified
[NX v22.3.1 Daemon Server] - 2026-03-19T05:19:45.095Z - [SYNC]: clearing sync generators cache due to file changes
[NX v22.3.1 Daemon Server] - 2026-03-19T05:19:45.213Z - [WATCHER]: icons-export/all-new-figma-icons-16px/arrow-left.svg was modified
[NX v22.3.1 Daemon Server] - 2026-03-19T05:19:45.214Z - [SYNC]: clearing sync generators cache due to file changes
[NX v22.3.1 Daemon Server] - 2026-03-19T05:19:45.214Z - [WATCHER]: Processing file changes in outputs
[NX v22.3.1 Daemon Server] - 2026-03-19T05:19:45.324Z - [WATCHER]: icons-export/all-new-figma-icons-16px/arrow-right.svg was modified
[NX v22.3.1 Daemon Server] - 2026-03-19T05:19:45.324Z - [SYNC]: clearing sync generators cache due to file changes
[NX v22.3.1 Daemon Server] - 2026-03-19T05:19:45.324Z - [WATCHER]: Processing file changes in outputs
[NX v22.3.1 Daemon Server] - 2026-03-19T05:19:45.465Z - [WATCHER]: icons-export/all-new-figma-icons-16px/arrow-top-left.svg was modified
[NX v22.3.1 Daemon Server] - 2026-03-19T05:19:45.465Z - [SYNC]: clearing sync generators cache due to file changes
[NX v22.3.1 Daemon Server] - 2026-03-19T05:19:45.465Z - [WATCHER]: Processing file changes in outputs
[NX v22.3.1 Daemon Server] - 2026-03-19T05:19:45.575Z - [WATCHER]: icons-export/all-new-figma-icons-16px/arrow-top-right.svg was modified
[NX v22.3.1 Daemon Server] - 2026-03-19T05:19:45.575Z - [SYNC]: clearing sync generators cache due to file changes
[NX v22.3.1 Daemon Server] - 2026-03-19T05:19:45.575Z - [WATCHER]: Processing file changes in outputs
[NX v22.3.1 Daemon Server] - 2026-03-19T05:19:45.687Z - [WATCHER]: icons-export/all-new-figma-icons-16px/arrow-up.svg was modified
[NX v22.3.1 Daemon Server] - 2026-03-19T05:19:45.688Z - [SYNC]: clearing sync generators cache due to file changes
[NX v22.3.1 Daemon Server] - 2026-03-19T05:19:45.688Z - [WATCHER]: Processing file changes in outputs
[NX v22.3.1 Daemon Server] - 2026-03-19T05:19:45.805Z - [WATCHER]: icons-export/all-new-figma-icons-16px/arrows-arc.svg was modified
[NX v22.3.1 Daemon Server] - 2026-03-19T05:19:45.805Z - [SYNC]: clearing sync generators cache due to file changes
[NX v22.3.1 Daemon Server] - 2026-03-19T05:19:45.805Z - [WATCHER]: Processing file changes in outputs
[NX v22.3.1 Daemon Server] - 2026-03-19T05:19:45.936Z - [WATCHER]: icons-export/all-new-figma-icons-16px/arrows-horizontal.svg was modified
[NX v22.3.1 Daemon Server] - 2026-03-19T05:19:45.936Z - [SYNC]: clearing sync generators cache due to file changes
[NX v22.3.1 Daemon Server] - 2026-03-19T05:19:45.936Z - [WATCHER]: Processing file changes in outputs
[NX v22.3.1 Daemon Server] - 2026-03-19T05:19:46.088Z - [WATCHER]: icons-export/all-new-figma-icons-16px/arrows-vertical.svg was modified
[NX v22.3.1 Daemon Server] - 2026-03-19T05:19:46.088Z - [SYNC]: clearing sync generators cache due to file changes
[NX v22.3.1 Daemon Server] - 2026-03-19T05:19:46.088Z - [WATCHER]: Processing file changes in outputs
[NX v22.3.1 Daemon Server] - 2026-03-19T05:19:46.248Z - [REQUEST]: Updated workspace context based on watched changes, recomputing project graph...
[NX v22.3.1 Daemon Server] - 2026-03-19T05:19:46.248Z - [REQUEST]: icons-export/all-new-figma-icons-16px/announcement.svg,icons-export/all-new-figma-icons-16px/antenna.svg,icons-export/all-new-figma-icons-16px/app-header.svg,icons-export/all-new-figma-icons-16px/application.svg,icons-export/all-new-figma-icons-16px/applications.svg,icons-export/all-new-figma-icons-16px/archive.svg,icons-export/all-new-figma-icons-16px/area-of-interest.svg,icons-export/all-new-figma-icons-16px/array.svg,icons-export/all-new-figma-icons-16px/array-boolean.svg,icons-export/all-new-figma-icons-16px/array-date.svg,icons-export/all-new-figma-icons-16px/array-floating-point.svg,icons-export/all-new-figma-icons-16px/array-numeric.svg,icons-export/all-new-figma-icons-16px/array-object.svg,icons-export/all-new-figma-icons-16px/array-string.svg,icons-export/all-new-figma-icons-16px/array-timestamp.svg,icons-export/all-new-figma-icons-16px/arrow-bottom-left.svg,icons-export/all-new-figma-icons-16px/arrow-bottom-right.svg,icons-export/all-new-figma-icons-16px/arrow-down.svg,icons-export/all-new-figma-icons-16px/arrow-left.svg,icons-export/all-new-figma-icons-16px/arrow-right.svg,icons-export/all-new-figma-icons-16px/arrow-top-left.svg,icons-export/all-new-figma-icons-16px/arrow-top-right.svg,icons-export/all-new-figma-icons-16px/arrow-up.svg,icons-export/all-new-figma-icons-16px/arrows-arc.svg,icons-export/all-new-figma-icons-16px/arrows-horizontal.svg,icons-export/all-new-figma-icons-16px/arrows-vertical.svg
[NX v22.3.1 Daemon Server] - 2026-03-19T05:19:46.248Z - [REQUEST]: 
Time for 'nx/core/project-json:createNodes' 0.10704199998872355
[NX v22.3.1 Daemon Server] - 2026-03-19T05:19:46.255Z - [WATCHER]: icons-export/all-new-figma-icons-16px/asterisk.svg was modified
[NX v22.3.1 Daemon Server] - 2026-03-19T05:19:46.255Z - [SYNC]: clearing sync generators cache due to file changes
[NX v22.3.1 Daemon Server] - 2026-03-19T05:19:46.255Z - [WATCHER]: Processing file changes in outputs
[NX v22.3.1 Daemon Server] - 2026-03-19T05:19:46.255Z - Time taken for 'hash changed files from watcher' 10.041208999988157ms
Time for 'nx/js/dependencies-and-lockfile:createNodes' 8.494333999988157
Time for 'nx/core/package-json:createNodes' 10.263500000000931
[NX v22.3.1 Daemon Server] - 2026-03-19T05:19:46.292Z - Time taken for 'build-project-configs' 18.826708999986295ms
Time for 'build typescript dependencies' 0.01629200001480058
[NX v22.3.1 Daemon Server] - 2026-03-19T05:19:46.311Z - [SYNC]: collect registered sync generators
[NX v22.3.1 Daemon Server] - 2026-03-19T05:19:46.311Z - [SYNC]: project graph hash is the same, not collecting task sync generators
[NX v22.3.1 Daemon Server] - 2026-03-19T05:19:46.311Z - [SYNC]: nx.json hash is the same, not collecting global sync generators
[NX v22.3.1 Daemon Server] - 2026-03-19T05:19:46.312Z - Time taken for 'total execution time for createProjectGraph()' 27.006333000026643ms
[NX v22.3.1 Daemon Server] - 2026-03-19T05:19:46.377Z - [WATCHER]: icons-export/all-new-figma-icons-16px/at.svg was modified
[NX v22.3.1 Daemon Server] - 2026-03-19T05:19:46.377Z - [SYNC]: clearing sync generators cache due to file changes
[NX v22.3.1 Daemon Server] - 2026-03-19T05:19:46.377Z - [WATCHER]: Processing file changes in outputs
[NX v22.3.1 Daemon Server] - 2026-03-19T05:19:46.487Z - [WATCHER]: icons-export/all-new-figma-icons-16px/automatic-updates.svg was modified
[NX v22.3.1 Daemon Server] - 2026-03-19T05:19:46.488Z - [SYNC]: clearing sync generators cache due to file changes
[NX v22.3.1 Daemon Server] - 2026-03-19T05:19:46.488Z - [WATCHER]: Processing file changes in outputs
[NX v22.3.1 Daemon Server] - 2026-03-19T05:19:46.609Z - [WATCHER]: icons-export/all-new-figma-icons-16px/axle.svg was modified
[NX v22.3.1 Daemon Server] - 2026-03-19T05:19:46.609Z - [SYNC]: clearing sync generators cache due to file changes
[NX v22.3.1 Daemon Server] - 2026-03-19T05:19:46.609Z - [WATCHER]: Processing file changes in outputs
[NX v22.3.1 Daemon Server] - 2026-03-19T05:19:46.728Z - [WATCHER]: icons-export/all-new-figma-icons-16px/backlink.svg was modified
[NX v22.3.1 Daemon Server] - 2026-03-19T05:19:46.729Z - [SYNC]: clearing sync generators cache due to file changes
[NX v22.3.1 Daemon Server] - 2026-03-19T05:19:46.729Z - [WATCHER]: Processing file changes in outputs
[NX v22.3.1 Daemon Server] - 2026-03-19T05:19:46.840Z - [WATCHER]: icons-export/all-new-figma-icons-16px/backward-ten.svg was modified
[NX v22.3.1 Daemon Server] - 2026-03-19T05:19:46.841Z - [SYNC]: clearing sync generators cache due to file changes
[NX v22.3.1 Daemon Server] - 2026-03-19T05:19:46.841Z - [WATCHER]: Processing file changes in outputs
[NX v22.3.1 Daemon Server] - 2026-03-19T05:19:46.980Z - [WATCHER]: Processing file changes in outputs
[NX v22.3.1 Daemon Server] - 2026-03-19T05:19:46.981Z - [WATCHER]: icons-export/all-new-figma-icons-16px/badge.svg was modified
[NX v22.3.1 Daemon Server] - 2026-03-19T05:19:46.981Z - [SYNC]: clearing sync generators cache due to file changes
[NX v22.3.1 Daemon Server] - 2026-03-19T05:19:47.101Z - [WATCHER]: icons-export/all-new-figma-icons-16px/ban-circle.svg was modified
[NX v22.3.1 Daemon Server] - 2026-03-19T05:19:47.101Z - [SYNC]: clearing sync generators cache due to file changes
[NX v22.3.1 Daemon Server] - 2026-03-19T05:19:47.101Z - [WATCHER]: Processing file changes in outputs
[NX v22.3.1 Daemon Server] - 2026-03-19T05:19:47.215Z - [WATCHER]: Processing file changes in outputs
[NX v22.3.1 Daemon Server] - 2026-03-19T05:19:47.216Z - [WATCHER]: icons-export/all-new-figma-icons-16px/bank-account.svg was modified
[NX v22.3.1 Daemon Server] - 2026-03-19T05:19:47.216Z - [SYNC]: clearing sync generators cache due to file changes
[NX v22.3.1 Daemon Server] - 2026-03-19T05:19:47.326Z - [WATCHER]: icons-export/all-new-figma-icons-16px/barcode.svg was modified
[NX v22.3.1 Daemon Server] - 2026-03-19T05:19:47.326Z - [SYNC]: clearing sync generators cache due to file changes
[NX v22.3.1 Daemon Server] - 2026-03-19T05:19:47.326Z - [WATCHER]: Processing file changes in outputs
[NX v22.3.1 Daemon Server] - 2026-03-19T05:19:47.442Z - [WATCHER]: icons-export/all-new-figma-icons-16px/binary-number.svg was modified
[NX v22.3.1 Daemon Server] - 2026-03-19T05:19:47.442Z - [SYNC]: clearing sync generators cache due to file changes
[NX v22.3.1 Daemon Server] - 2026-03-19T05:19:47.442Z - [WATCHER]: Processing file changes in outputs
[NX v22.3.1 Daemon Server] - 2026-03-19T05:19:47.543Z - [WATCHER]: icons-export/all-new-figma-icons-16px/block-promote.svg was modified
[NX v22.3.1 Daemon Server] - 2026-03-19T05:19:47.544Z - [SYNC]: clearing sync generators cache due to file changes
[NX v22.3.1 Daemon Server] - 2026-03-19T05:19:47.544Z - [WATCHER]: Processing file changes in outputs
[NX v22.3.1 Daemon Server] - 2026-03-19T05:19:47.673Z - [WATCHER]: icons-export/all-new-figma-icons-16px/blocked-person.svg was modified
[NX v22.3.1 Daemon Server] - 2026-03-19T05:19:47.673Z - [SYNC]: clearing sync generators cache due to file changes
[NX v22.3.1 Daemon Server] - 2026-03-19T05:19:47.673Z - [WATCHER]: Processing file changes in outputs
[NX v22.3.1 Daemon Server] - 2026-03-19T05:19:47.786Z - [WATCHER]: icons-export/all-new-figma-icons-16px/bold.svg was modified
[NX v22.3.1 Daemon Server] - 2026-03-19T05:19:47.786Z - [SYNC]: clearing sync generators cache due to file changes
[NX v22.3.1 Daemon Server] - 2026-03-19T05:19:47.786Z - [WATCHER]: Processing file changes in outputs
[NX v22.3.1 Daemon Server] - 2026-03-19T05:19:47.946Z - [WATCHER]: icons-export/all-new-figma-icons-16px/book.svg was modified
[NX v22.3.1 Daemon Server] - 2026-03-19T05:19:47.946Z - [SYNC]: clearing sync generators cache due to file changes
[NX v22.3.1 Daemon Server] - 2026-03-19T05:19:47.946Z - [WATCHER]: Processing file changes in outputs
[NX v22.3.1 Daemon Server] - 2026-03-19T05:19:48.050Z - [WATCHER]: icons-export/all-new-figma-icons-16px/bookmark.svg was modified
[NX v22.3.1 Daemon Server] - 2026-03-19T05:19:48.050Z - [SYNC]: clearing sync generators cache due to file changes
[NX v22.3.1 Daemon Server] - 2026-03-19T05:19:48.050Z - [WATCHER]: Processing file changes in outputs
[NX v22.3.1 Daemon Server] - 2026-03-19T05:19:48.163Z - [WATCHER]: icons-export/all-new-figma-icons-16px/box.svg was modified
[NX v22.3.1 Daemon Server] - 2026-03-19T05:19:48.164Z - [SYNC]: clearing sync generators cache due to file changes
[NX v22.3.1 Daemon Server] - 2026-03-19T05:19:48.164Z - [WATCHER]: Processing file changes in outputs
[NX v22.3.1 Daemon Server] - 2026-03-19T05:19:48.299Z - [WATCHER]: icons-export/all-new-figma-icons-16px/branch-locked.svg was modified
[NX v22.3.1 Daemon Server] - 2026-03-19T05:19:48.299Z - [SYNC]: clearing sync generators cache due to file changes
[NX v22.3.1 Daemon Server] - 2026-03-19T05:19:48.299Z - [WATCHER]: Processing file changes in outputs
[NX v22.3.1 Daemon Server] - 2026-03-19T05:19:48.412Z - [WATCHER]: icons-export/all-new-figma-icons-16px/branch-unlocked.svg was modified
[NX v22.3.1 Daemon Server] - 2026-03-19T05:19:48.412Z - [SYNC]: clearing sync generators cache due to file changes
[NX v22.3.1 Daemon Server] - 2026-03-19T05:19:48.412Z - [WATCHER]: Processing file changes in outputs
[NX v22.3.1 Daemon Server] - 2026-03-19T05:19:48.532Z - [WATCHER]: icons-export/all-new-figma-icons-16px/briefcase.svg was modified
[NX v22.3.1 Daemon Server] - 2026-03-19T05:19:48.532Z - [SYNC]: clearing sync generators cache due to file changes
[NX v22.3.1 Daemon Server] - 2026-03-19T05:19:48.532Z - [WATCHER]: Processing file changes in outputs
[NX v22.3.1 Daemon Server] - 2026-03-19T05:19:48.653Z - [WATCHER]: icons-export/all-new-figma-icons-16px/bring-data.svg was modified
[NX v22.3.1 Daemon Server] - 2026-03-19T05:19:48.653Z - [SYNC]: clearing sync generators cache due to file changes
[NX v22.3.1 Daemon Server] - 2026-03-19T05:19:48.653Z - [WATCHER]: Processing file changes in outputs
[NX v22.3.1 Daemon Server] - 2026-03-19T05:19:48.768Z - [WATCHER]: icons-export/all-new-figma-icons-16px/bring-forward.svg was modified
[NX v22.3.1 Daemon Server] - 2026-03-19T05:19:48.768Z - [SYNC]: clearing sync generators cache due to file changes
[NX v22.3.1 Daemon Server] - 2026-03-19T05:19:48.769Z - [WATCHER]: Processing file changes in outputs
[NX v22.3.1 Daemon Server] - 2026-03-19T05:19:48.883Z - [WATCHER]: icons-export/all-new-figma-icons-16px/british-pound.svg was modified
[NX v22.3.1 Daemon Server] - 2026-03-19T05:19:48.883Z - [SYNC]: clearing sync generators cache due to file changes
[NX v22.3.1 Daemon Server] - 2026-03-19T05:19:48.883Z - [WATCHER]: Processing file changes in outputs
[NX v22.3.1 Daemon Server] - 2026-03-19T05:19:49.019Z - [WATCHER]: Processing file changes in outputs
[NX v22.3.1 Daemon Server] - 2026-03-19T05:19:49.020Z - [WATCHER]: icons-export/all-new-figma-icons-16px/bug.svg was modified
[NX v22.3.1 Daemon Server] - 2026-03-19T05:19:49.020Z - [SYNC]: clearing sync generators cache due to file changes
[NX v22.3.1 Daemon Server] - 2026-03-19T05:19:49.163Z - [WATCHER]: icons-export/all-new-figma-icons-16px/buggy.svg was created or restored
[NX v22.3.1 Daemon Server] - 2026-03-19T05:19:49.163Z - [SYNC]: clearing sync generators cache due to file changes
[NX v22.3.1 Daemon Server] - 2026-03-19T05:19:49.163Z - [WATCHER]: Processing file changes in outputs
[NX v22.3.1 Daemon Server] - 2026-03-19T05:19:49.273Z - [WATCHER]: icons-export/all-new-figma-icons-16px/build.svg was modified
[NX v22.3.1 Daemon Server] - 2026-03-19T05:19:49.273Z - [SYNC]: clearing sync generators cache due to file changes
[NX v22.3.1 Daemon Server] - 2026-03-19T05:19:49.273Z - [WATCHER]: Processing file changes in outputs
[NX v22.3.1 Daemon Server] - 2026-03-19T05:19:49.389Z - [WATCHER]: icons-export/all-new-figma-icons-16px/bullseye.svg was modified
[NX v22.3.1 Daemon Server] - 2026-03-19T05:19:49.389Z - [SYNC]: clearing sync generators cache due to file changes
[NX v22.3.1 Daemon Server] - 2026-03-19T05:19:49.389Z - [WATCHER]: Processing file changes in outputs
[NX v22.3.1 Daemon Server] - 2026-03-19T05:19:49.519Z - [WATCHER]: icons-export/all-new-figma-icons-16px/calculator.svg was modified
[NX v22.3.1 Daemon Server] - 2026-03-19T05:19:49.519Z - [SYNC]: clearing sync generators cache due to file changes
[NX v22.3.1 Daemon Server] - 2026-03-19T05:19:49.519Z - [WATCHER]: Processing file changes in outputs
[NX v22.3.1 Daemon Server] - 2026-03-19T05:19:49.646Z - [WATCHER]: icons-export/all-new-figma-icons-16px/calendar.svg was modified
[NX v22.3.1 Daemon Server] - 2026-03-19T05:19:49.647Z - [SYNC]: clearing sync generators cache due to file changes
[NX v22.3.1 Daemon Server] - 2026-03-19T05:19:49.647Z - [WATCHER]: Processing file changes in outputs
[NX v22.3.1 Daemon Server] - 2026-03-19T05:19:49.773Z - [WATCHER]: Processing file changes in outputs
[NX v22.3.1 Daemon Server] - 2026-03-19T05:19:49.775Z - [WATCHER]: icons-export/all-new-figma-icons-16px/camera.svg was modified
[NX v22.3.1 Daemon Server] - 2026-03-19T05:19:49.775Z - [SYNC]: clearing sync generators cache due to file changes
[NX v22.3.1 Daemon Server] - 2026-03-19T05:19:49.937Z - [WATCHER]: icons-export/all-new-figma-icons-16px/caret-down.svg was modified
[NX v22.3.1 Daemon Server] - 2026-03-19T05:19:49.937Z - [SYNC]: clearing sync generators cache due to file changes
[NX v22.3.1 Daemon Server] - 2026-03-19T05:19:49.937Z - [WATCHER]: Processing file changes in outputs
[NX v22.3.1 Daemon Server] - 2026-03-19T05:19:50.092Z - [WATCHER]: icons-export/all-new-figma-icons-16px/caret-left.svg was modified
[NX v22.3.1 Daemon Server] - 2026-03-19T05:19:50.092Z - [SYNC]: clearing sync generators cache due to file changes
[NX v22.3.1 Daemon Server] - 2026-03-19T05:19:50.092Z - [WATCHER]: Processing file changes in outputs
[NX v22.3.1 Daemon Server] - 2026-03-19T05:19:50.211Z - [WATCHER]: icons-export/all-new-figma-icons-16px/caret-right.svg was modified
[NX v22.3.1 Daemon Server] - 2026-03-19T05:19:50.211Z - [SYNC]: clearing sync generators cache due to file changes
[NX v22.3.1 Daemon Server] - 2026-03-19T05:19:50.211Z - [WATCHER]: Processing file changes in outputs
[NX v22.3.1 Daemon Server] - 2026-03-19T05:19:50.346Z - [WATCHER]: icons-export/all-new-figma-icons-16px/caret-up.svg was modified
[NX v22.3.1 Daemon Server] - 2026-03-19T05:19:50.346Z - [SYNC]: clearing sync generators cache due to file changes
[NX v22.3.1 Daemon Server] - 2026-03-19T05:19:50.347Z - [WATCHER]: Processing file changes in outputs
[NX v22.3.1 Daemon Server] - 2026-03-19T05:19:50.483Z - [WATCHER]: icons-export/all-new-figma-icons-16px/cargo-ship.svg was modified
[NX v22.3.1 Daemon Server] - 2026-03-19T05:19:50.484Z - [SYNC]: clearing sync generators cache due to file changes
[NX v22.3.1 Daemon Server] - 2026-03-19T05:19:50.484Z - [WATCHER]: Processing file changes in outputs
[NX v22.3.1 Daemon Server] - 2026-03-19T05:19:50.626Z - [WATCHER]: icons-export/all-new-figma-icons-16px/cell-tower.svg was modified
[NX v22.3.1 Daemon Server] - 2026-03-19T05:19:50.626Z - [SYNC]: clearing sync generators cache due to file changes
[NX v22.3.1 Daemon Server] - 2026-03-19T05:19:50.626Z - [WATCHER]: Processing file changes in outputs
[NX v22.3.1 Daemon Server] - 2026-03-19T05:19:50.758Z - [WATCHER]: icons-export/all-new-figma-icons-16px/changes.svg was modified
[NX v22.3.1 Daemon Server] - 2026-03-19T05:19:50.758Z - [SYNC]: clearing sync generators cache due to file changes
[NX v22.3.1 Daemon Server] - 2026-03-19T05:19:50.758Z - [WATCHER]: Processing file changes in outputs
[NX v22.3.1 Daemon Server] - 2026-03-19T05:19:50.864Z - [WATCHER]: Processing file changes in outputs
[NX v22.3.1 Daemon Server] - 2026-03-19T05:19:50.866Z - [WATCHER]: icons-export/all-new-figma-icons-16px/chart.svg was modified
[NX v22.3.1 Daemon Server] - 2026-03-19T05:19:50.866Z - [SYNC]: clearing sync generators cache due to file changes
[NX v22.3.1 Daemon Server] - 2026-03-19T05:19:51.038Z - [WATCHER]: icons-export/all-new-figma-icons-16px/chat.svg was modified
[NX v22.3.1 Daemon Server] - 2026-03-19T05:19:51.038Z - [SYNC]: clearing sync generators cache due to file changes
[NX v22.3.1 Daemon Server] - 2026-03-19T05:19:51.038Z - [WATCHER]: Processing file changes in outputs
[NX v22.3.1 Daemon Server] - 2026-03-19T05:19:51.152Z - [WATCHER]: icons-export/all-new-figma-icons-16px/chevron-backward.svg was modified
[NX v22.3.1 Daemon Server] - 2026-03-19T05:19:51.153Z - [SYNC]: clearing sync generators cache due to file changes
[NX v22.3.1 Daemon Server] - 2026-03-19T05:19:51.153Z - [WATCHER]: Processing file changes in outputs
[NX v22.3.1 Daemon Server] - 2026-03-19T05:19:51.272Z - [WATCHER]: icons-export/all-new-figma-icons-16px/chevron-down.svg was modified
[NX v22.3.1 Daemon Server] - 2026-03-19T05:19:51.273Z - [SYNC]: clearing sync generators cache due to file changes
[NX v22.3.1 Daemon Server] - 2026-03-19T05:19:51.273Z - [WATCHER]: Processing file changes in outputs
[NX v22.3.1 Daemon Server] - 2026-03-19T05:19:51.399Z - [WATCHER]: icons-export/all-new-figma-icons-16px/chevron-forward.svg was modified
[NX v22.3.1 Daemon Server] - 2026-03-19T05:19:51.399Z - [SYNC]: clearing sync generators cache due to file changes
[NX v22.3.1 Daemon Server] - 2026-03-19T05:19:51.399Z - [WATCHER]: Processing file changes in outputs
[NX v22.3.1 Daemon Server] - 2026-03-19T05:19:51.594Z - [WATCHER]: icons-export/all-new-figma-icons-16px/chevron-left.svg was modified
[NX v22.3.1 Daemon Server] - 2026-03-19T05:19:51.594Z - [SYNC]: clearing sync generators cache due to file changes
[NX v22.3.1 Daemon Server] - 2026-03-19T05:19:51.594Z - [WATCHER]: Processing file changes in outputs
[NX v22.3.1 Daemon Server] - 2026-03-19T05:19:51.720Z - [WATCHER]: Processing file changes in outputs
[NX v22.3.1 Daemon Server] - 2026-03-19T05:19:51.721Z - [WATCHER]: icons-export/all-new-figma-icons-16px/chevron-right.svg was modified
[NX v22.3.1 Daemon Server] - 2026-03-19T05:19:51.721Z - [SYNC]: clearing sync generators cache due to file changes
[NX v22.3.1 Daemon Server] - 2026-03-19T05:19:51.848Z - [WATCHER]: icons-export/all-new-figma-icons-16px/chevron-up.svg was modified
[NX v22.3.1 Daemon Server] - 2026-03-19T05:19:51.848Z - [SYNC]: clearing sync generators cache due to file changes
[NX v22.3.1 Daemon Server] - 2026-03-19T05:19:51.848Z - [WATCHER]: Processing file changes in outputs
[NX v22.3.1 Daemon Server] - 2026-03-19T05:19:52.008Z - [WATCHER]: icons-export/all-new-figma-icons-16px/circle.svg was modified
[NX v22.3.1 Daemon Server] - 2026-03-19T05:19:52.008Z - [SYNC]: clearing sync generators cache due to file changes
[NX v22.3.1 Daemon Server] - 2026-03-19T05:19:52.008Z - [WATCHER]: Processing file changes in outputs
[NX v22.3.1 Daemon Server] - 2026-03-19T05:19:52.663Z - [REQUEST]: Updated workspace context based on watched changes, recomputing project graph...
[NX v22.3.1 Daemon Server] - 2026-03-19T05:19:52.663Z - [REQUEST]: icons-export/all-new-figma-icons-16px/at.svg,icons-export/all-new-figma-icons-16px/automatic-updates.svg,icons-export/all-new-figma-icons-16px/axle.svg,icons-export/all-new-figma-icons-16px/backlink.svg,icons-export/all-new-figma-icons-16px/backward-ten.svg,icons-export/all-new-figma-icons-16px/badge.svg,icons-export/all-new-figma-icons-16px/ban-circle.svg,icons-export/all-new-figma-icons-16px/bank-account.svg,icons-export/all-new-figma-icons-16px/barcode.svg,icons-export/all-new-figma-icons-16px/binary-number.svg,icons-export/all-new-figma-icons-16px/block-promote.svg,icons-export/all-new-figma-icons-16px/blocked-person.svg,icons-export/all-new-figma-icons-16px/bold.svg,icons-export/all-new-figma-icons-16px/book.svg,icons-export/all-new-figma-icons-16px/bookmark.svg,icons-export/all-new-figma-icons-16px/box.svg,icons-export/all-new-figma-icons-16px/branch-locked.svg,icons-export/all-new-figma-icons-16px/branch-unlocked.svg,icons-export/all-new-figma-icons-16px/briefcase.svg,icons-export/all-new-figma-icons-16px/bring-data.svg,icons-export/all-new-figma-icons-16px/bring-forward.svg,icons-export/all-new-figma-icons-16px/british-pound.svg,icons-export/all-new-figma-icons-16px/bug.svg,icons-export/all-new-figma-icons-16px/buggy.svg,icons-export/all-new-figma-icons-16px/build.svg,icons-export/all-new-figma-icons-16px/bullseye.svg,icons-export/all-new-figma-icons-16px/calculator.svg,icons-export/all-new-figma-icons-16px/calendar.svg,icons-export/all-new-figma-icons-16px/camera.svg,icons-export/all-new-figma-icons-16px/caret-down.svg,icons-export/all-new-figma-icons-16px/caret-left.svg,icons-export/all-new-figma-icons-16px/caret-right.svg,icons-export/all-new-figma-icons-16px/caret-up.svg,icons-export/all-new-figma-icons-16px/cargo-ship.svg,icons-export/all-new-figma-icons-16px/cell-tower.svg,icons-export/all-new-figma-icons-16px/changes.svg,icons-export/all-new-figma-icons-16px/chart.svg,icons-export/all-new-figma-icons-16px/chat.svg,icons-export/all-new-figma-icons-16px/chevron-backward.svg,icons-export/all-new-figma-icons-16px/chevron-down.svg,icons-export/all-new-figma-icons-16px/chevron-forward.svg,icons-export/all-new-figma-icons-16px/chevron-left.svg,icons-export/all-new-figma-icons-16px/chevron-right.svg,icons-export/all-new-figma-icons-16px/chevron-up.svg,icons-export/all-new-figma-icons-16px/circle.svg
[NX v22.3.1 Daemon Server] - 2026-03-19T05:19:52.663Z - [REQUEST]: 
Time for 'nx/core/project-json:createNodes' 0.10616600001230836
[NX v22.3.1 Daemon Server] - 2026-03-19T05:19:52.672Z - Time taken for 'hash changed files from watcher' 5.918333000037819ms
Time for 'nx/js/dependencies-and-lockfile:createNodes' 8.697334000025876
Time for 'nx/core/package-json:createNodes' 10.8629999999539
[NX v22.3.1 Daemon Server] - 2026-03-19T05:19:52.707Z - Time taken for 'build-project-configs' 19.722750000015367ms
Time for 'build typescript dependencies' 0.013709000020753592
[NX v22.3.1 Daemon Server] - 2026-03-19T05:19:52.723Z - [SYNC]: collect registered sync generators
[NX v22.3.1 Daemon Server] - 2026-03-19T05:19:52.723Z - [SYNC]: project graph hash is the same, not collecting task sync generators
[NX v22.3.1 Daemon Server] - 2026-03-19T05:19:52.723Z - [SYNC]: nx.json hash is the same, not collecting global sync generators
[NX v22.3.1 Daemon Server] - 2026-03-19T05:19:52.723Z - Time taken for 'total execution time for createProjectGraph()' 22.823042000003625ms
[NX v22.3.1 Daemon Server] - 2026-03-19T05:19:55.924Z - [WATCHER]: icons-export/all-new-figma-icons-16px/circle-arrow-down.svg was modified
[NX v22.3.1 Daemon Server] - 2026-03-19T05:19:55.924Z - [SYNC]: clearing sync generators cache due to file changes
[NX v22.3.1 Daemon Server] - 2026-03-19T05:19:55.924Z - [WATCHER]: Processing file changes in outputs
[NX v22.3.1 Daemon Server] - 2026-03-19T05:19:56.129Z - [REQUEST]: Updated workspace context based on watched changes, recomputing project graph...
[NX v22.3.1 Daemon Server] - 2026-03-19T05:19:56.129Z - [REQUEST]: icons-export/all-new-figma-icons-16px/circle-arrow-down.svg
[NX v22.3.1 Daemon Server] - 2026-03-19T05:19:56.129Z - [REQUEST]: 
[NX v22.3.1 Daemon Server] - 2026-03-19T05:19:56.134Z - Time taken for 'hash changed files from watcher' 3.410250000015367ms
Time for 'nx/core/project-json:createNodes' 0.08833399997092783
Time for 'nx/js/dependencies-and-lockfile:createNodes' 6.804999999993015
Time for 'nx/core/package-json:createNodes' 7.913125000020955
[NX v22.3.1 Daemon Server] - 2026-03-19T05:19:56.169Z - Time taken for 'build-project-configs' 15.818832999968436ms
Time for 'build typescript dependencies' 0.016457999998237938
[NX v22.3.1 Daemon Server] - 2026-03-19T05:19:56.185Z - [SYNC]: collect registered sync generators
[NX v22.3.1 Daemon Server] - 2026-03-19T05:19:56.186Z - [SYNC]: project graph hash is the same, not collecting task sync generators
[NX v22.3.1 Daemon Server] - 2026-03-19T05:19:56.186Z - [SYNC]: nx.json hash is the same, not collecting global sync generators
[NX v22.3.1 Daemon Server] - 2026-03-19T05:19:56.186Z - Time taken for 'total execution time for createProjectGraph()' 25.082042000023648ms
[NX v22.3.1 Daemon Server] - 2026-03-19T05:19:56.318Z - [WATCHER]: icons-export/all-new-figma-icons-16px/circle-arrow-left.svg was modified
[NX v22.3.1 Daemon Server] - 2026-03-19T05:19:56.318Z - [SYNC]: clearing sync generators cache due to file changes
[NX v22.3.1 Daemon Server] - 2026-03-19T05:19:56.318Z - [WATCHER]: Processing file changes in outputs
[NX v22.3.1 Daemon Server] - 2026-03-19T05:19:56.461Z - [WATCHER]: icons-export/all-new-figma-icons-16px/circle-arrow-right.svg was modified
[NX v22.3.1 Daemon Server] - 2026-03-19T05:19:56.462Z - [SYNC]: clearing sync generators cache due to file changes
[NX v22.3.1 Daemon Server] - 2026-03-19T05:19:56.469Z - [WATCHER]: Processing file changes in outputs
[NX v22.3.1 Daemon Server] - 2026-03-19T05:19:56.636Z - [WATCHER]: icons-export/all-new-figma-icons-16px/circle-arrow-up.svg was modified
[NX v22.3.1 Daemon Server] - 2026-03-19T05:19:56.636Z - [SYNC]: clearing sync generators cache due to file changes
[NX v22.3.1 Daemon Server] - 2026-03-19T05:19:56.636Z - [WATCHER]: Processing file changes in outputs
[NX v22.3.1 Daemon Server] - 2026-03-19T05:19:56.738Z - [REQUEST]: Updated workspace context based on watched changes, recomputing project graph...
[NX v22.3.1 Daemon Server] - 2026-03-19T05:19:56.738Z - [REQUEST]: icons-export/all-new-figma-icons-16px/circle-arrow-left.svg,icons-export/all-new-figma-icons-16px/circle-arrow-right.svg,icons-export/all-new-figma-icons-16px/circle-arrow-up.svg
[NX v22.3.1 Daemon Server] - 2026-03-19T05:19:56.738Z - [REQUEST]: 
[NX v22.3.1 Daemon Server] - 2026-03-19T05:19:56.749Z - Time taken for 'hash changed files from watcher' 18.470750000036787ms
Time for 'nx/core/project-json:createNodes' 0.07962500001303852
Time for 'nx/js/dependencies-and-lockfile:createNodes' 8.743874999985565
Time for 'nx/core/package-json:createNodes' 9.866916999977548
[NX v22.3.1 Daemon Server] - 2026-03-19T05:19:56.788Z - Time taken for 'build-project-configs' 19.329916000016965ms
[NX v22.3.1 Daemon Server] - 2026-03-19T05:19:56.789Z - [WATCHER]: icons-export/all-new-figma-icons-16px/citation.svg was modified
[NX v22.3.1 Daemon Server] - 2026-03-19T05:19:56.789Z - [SYNC]: clearing sync generators cache due to file changes
[NX v22.3.1 Daemon Server] - 2026-03-19T05:19:56.789Z - [WATCHER]: Processing file changes in outputs
Time for 'build typescript dependencies' 0.018500000005587935
[NX v22.3.1 Daemon Server] - 2026-03-19T05:19:56.805Z - [SYNC]: collect registered sync generators
[NX v22.3.1 Daemon Server] - 2026-03-19T05:19:56.806Z - [SYNC]: project graph hash is the same, not collecting task sync generators
[NX v22.3.1 Daemon Server] - 2026-03-19T05:19:56.806Z - [SYNC]: nx.json hash is the same, not collecting global sync generators
[NX v22.3.1 Daemon Server] - 2026-03-19T05:19:56.806Z - Time taken for 'total execution time for createProjectGraph()' 25.07983400003286ms
[NX v22.3.1 Daemon Server] - 2026-03-19T05:19:56.895Z - [WATCHER]: icons-export/all-new-figma-icons-16px/clean.svg was modified
[NX v22.3.1 Daemon Server] - 2026-03-19T05:19:56.895Z - [SYNC]: clearing sync generators cache due to file changes
[NX v22.3.1 Daemon Server] - 2026-03-19T05:19:56.895Z - [WATCHER]: Processing file changes in outputs
[NX v22.3.1 Daemon Server] - 2026-03-19T05:19:57.033Z - [WATCHER]: icons-export/all-new-figma-icons-16px/clip.svg was modified
[NX v22.3.1 Daemon Server] - 2026-03-19T05:19:57.034Z - [SYNC]: clearing sync generators cache due to file changes
[NX v22.3.1 Daemon Server] - 2026-03-19T05:19:57.034Z - [WATCHER]: Processing file changes in outputs
[NX v22.3.1 Daemon Server] - 2026-03-19T05:19:57.210Z - [WATCHER]: icons-export/all-new-figma-icons-16px/clipboard.svg was modified
[NX v22.3.1 Daemon Server] - 2026-03-19T05:19:57.210Z - [SYNC]: clearing sync generators cache due to file changes
[NX v22.3.1 Daemon Server] - 2026-03-19T05:19:57.210Z - [WATCHER]: Processing file changes in outputs
[NX v22.3.1 Daemon Server] - 2026-03-19T05:19:57.366Z - [WATCHER]: icons-export/all-new-figma-icons-16px/clipboard-file.svg was modified
[NX v22.3.1 Daemon Server] - 2026-03-19T05:19:57.367Z - [SYNC]: clearing sync generators cache due to file changes
[NX v22.3.1 Daemon Server] - 2026-03-19T05:19:57.367Z - [WATCHER]: Processing file changes in outputs
[NX v22.3.1 Daemon Server] - 2026-03-19T05:19:57.516Z - [WATCHER]: icons-export/all-new-figma-icons-16px/cloud.svg was modified
[NX v22.3.1 Daemon Server] - 2026-03-19T05:19:57.517Z - [SYNC]: clearing sync generators cache due to file changes
[NX v22.3.1 Daemon Server] - 2026-03-19T05:19:57.517Z - [WATCHER]: Processing file changes in outputs
[NX v22.3.1 Daemon Server] - 2026-03-19T05:19:57.599Z - [REQUEST]: Updated workspace context based on watched changes, recomputing project graph...
[NX v22.3.1 Daemon Server] - 2026-03-19T05:19:57.599Z - [REQUEST]: icons-export/all-new-figma-icons-16px/citation.svg,icons-export/all-new-figma-icons-16px/clean.svg,icons-export/all-new-figma-icons-16px/clip.svg,icons-export/all-new-figma-icons-16px/clipboard.svg,icons-export/all-new-figma-icons-16px/clipboard-file.svg,icons-export/all-new-figma-icons-16px/cloud.svg
[NX v22.3.1 Daemon Server] - 2026-03-19T05:19:57.599Z - [REQUEST]: 
[NX v22.3.1 Daemon Server] - 2026-03-19T05:19:57.607Z - Time taken for 'hash changed files from watcher' 6.5709159999969415ms
Time for 'nx/core/project-json:createNodes' 0.22312500001862645
Time for 'nx/js/dependencies-and-lockfile:createNodes' 8.191500000015367
Time for 'nx/core/package-json:createNodes' 10.533082999987528
[NX v22.3.1 Daemon Server] - 2026-03-19T05:19:57.642Z - Time taken for 'build-project-configs' 18.267625000036787ms
Time for 'build typescript dependencies' 0.011624999984633178
[NX v22.3.1 Daemon Server] - 2026-03-19T05:19:57.658Z - [SYNC]: collect registered sync generators
[NX v22.3.1 Daemon Server] - 2026-03-19T05:19:57.659Z - [SYNC]: project graph hash is the same, not collecting task sync generators
[NX v22.3.1 Daemon Server] - 2026-03-19T05:19:57.659Z - [SYNC]: nx.json hash is the same, not collecting global sync generators
[NX v22.3.1 Daemon Server] - 2026-03-19T05:19:57.659Z - Time taken for 'total execution time for createProjectGraph()' 23.32904199999757ms
[NX v22.3.1 Daemon Server] - 2026-03-19T05:19:57.660Z - [WATCHER]: icons-export/all-new-figma-icons-16px/cloud-download.svg was modified
[NX v22.3.1 Daemon Server] - 2026-03-19T05:19:57.660Z - [SYNC]: clearing sync generators cache due to file changes
[NX v22.3.1 Daemon Server] - 2026-03-19T05:19:57.660Z - [WATCHER]: Processing file changes in outputs
[NX v22.3.1 Daemon Server] - 2026-03-19T05:19:57.800Z - [WATCHER]: icons-export/all-new-figma-icons-16px/cloud-server.svg was modified
[NX v22.3.1 Daemon Server] - 2026-03-19T05:19:57.800Z - [SYNC]: clearing sync generators cache due to file changes
[NX v22.3.1 Daemon Server] - 2026-03-19T05:19:57.800Z - [WATCHER]: Processing file changes in outputs
[NX v22.3.1 Daemon Server] - 2026-03-19T05:19:57.936Z - [WATCHER]: icons-export/all-new-figma-icons-16px/cloud-tick.svg was modified
[NX v22.3.1 Daemon Server] - 2026-03-19T05:19:57.936Z - [SYNC]: clearing sync generators cache due to file changes
[NX v22.3.1 Daemon Server] - 2026-03-19T05:19:57.936Z - [WATCHER]: Processing file changes in outputs
[NX v22.3.1 Daemon Server] - 2026-03-19T05:19:58.083Z - [WATCHER]: icons-export/all-new-figma-icons-16px/cloud-upload.svg was modified
[NX v22.3.1 Daemon Server] - 2026-03-19T05:19:58.083Z - [SYNC]: clearing sync generators cache due to file changes
[NX v22.3.1 Daemon Server] - 2026-03-19T05:19:58.083Z - [WATCHER]: Processing file changes in outputs
[NX v22.3.1 Daemon Server] - 2026-03-19T05:19:58.201Z - [WATCHER]: icons-export/all-new-figma-icons-16px/code.svg was modified
[NX v22.3.1 Daemon Server] - 2026-03-19T05:19:58.201Z - [SYNC]: clearing sync generators cache due to file changes
[NX v22.3.1 Daemon Server] - 2026-03-19T05:19:58.201Z - [WATCHER]: Processing file changes in outputs
[NX v22.3.1 Daemon Server] - 2026-03-19T05:19:58.347Z - [WATCHER]: icons-export/all-new-figma-icons-16px/code-block.svg was modified
[NX v22.3.1 Daemon Server] - 2026-03-19T05:19:58.348Z - [SYNC]: clearing sync generators cache due to file changes
[NX v22.3.1 Daemon Server] - 2026-03-19T05:19:58.348Z - [WATCHER]: Processing file changes in outputs
[NX v22.3.1 Daemon Server] - 2026-03-19T05:19:58.501Z - [WATCHER]: Processing file changes in outputs
[NX v22.3.1 Daemon Server] - 2026-03-19T05:19:58.503Z - [WATCHER]: icons-export/all-new-figma-icons-16px/cog.svg was modified
[NX v22.3.1 Daemon Server] - 2026-03-19T05:19:58.503Z - [SYNC]: clearing sync generators cache due to file changes
[NX v22.3.1 Daemon Server] - 2026-03-19T05:19:58.649Z - [WATCHER]: icons-export/all-new-figma-icons-16px/collapse-all.svg was modified
[NX v22.3.1 Daemon Server] - 2026-03-19T05:19:58.649Z - [SYNC]: clearing sync generators cache due to file changes
[NX v22.3.1 Daemon Server] - 2026-03-19T05:19:58.649Z - [WATCHER]: Processing file changes in outputs
[NX v22.3.1 Daemon Server] - 2026-03-19T05:19:58.796Z - [WATCHER]: icons-export/all-new-figma-icons-16px/color-fill.svg was modified
[NX v22.3.1 Daemon Server] - 2026-03-19T05:19:58.796Z - [SYNC]: clearing sync generators cache due to file changes
[NX v22.3.1 Daemon Server] - 2026-03-19T05:19:58.796Z - [WATCHER]: Processing file changes in outputs
[NX v22.3.1 Daemon Server] - 2026-03-19T05:19:58.956Z - [WATCHER]: icons-export/all-new-figma-icons-16px/column-layout.svg was modified
[NX v22.3.1 Daemon Server] - 2026-03-19T05:19:58.956Z - [SYNC]: clearing sync generators cache due to file changes
[NX v22.3.1 Daemon Server] - 2026-03-19T05:19:58.956Z - [WATCHER]: Processing file changes in outputs
[NX v22.3.1 Daemon Server] - 2026-03-19T05:19:59.101Z - [WATCHER]: icons-export/all-new-figma-icons-16px/comment.svg was modified
[NX v22.3.1 Daemon Server] - 2026-03-19T05:19:59.102Z - [SYNC]: clearing sync generators cache due to file changes
[NX v22.3.1 Daemon Server] - 2026-03-19T05:19:59.102Z - [WATCHER]: Processing file changes in outputs
[NX v22.3.1 Daemon Server] - 2026-03-19T05:19:59.240Z - [WATCHER]: icons-export/all-new-figma-icons-16px/comparison.svg was modified
[NX v22.3.1 Daemon Server] - 2026-03-19T05:19:59.240Z - [SYNC]: clearing sync generators cache due to file changes
[NX v22.3.1 Daemon Server] - 2026-03-19T05:19:59.240Z - [WATCHER]: Processing file changes in outputs
[NX v22.3.1 Daemon Server] - 2026-03-19T05:19:59.264Z - [REQUEST]: Updated workspace context based on watched changes, recomputing project graph...
[NX v22.3.1 Daemon Server] - 2026-03-19T05:19:59.264Z - [REQUEST]: icons-export/all-new-figma-icons-16px/cloud-download.svg,icons-export/all-new-figma-icons-16px/cloud-server.svg,icons-export/all-new-figma-icons-16px/cloud-tick.svg,icons-export/all-new-figma-icons-16px/cloud-upload.svg,icons-export/all-new-figma-icons-16px/code.svg,icons-export/all-new-figma-icons-16px/code-block.svg,icons-export/all-new-figma-icons-16px/cog.svg,icons-export/all-new-figma-icons-16px/collapse-all.svg,icons-export/all-new-figma-icons-16px/color-fill.svg,icons-export/all-new-figma-icons-16px/column-layout.svg,icons-export/all-new-figma-icons-16px/comment.svg,icons-export/all-new-figma-icons-16px/comparison.svg
[NX v22.3.1 Daemon Server] - 2026-03-19T05:19:59.264Z - [REQUEST]: 
[NX v22.3.1 Daemon Server] - 2026-03-19T05:19:59.268Z - Time taken for 'hash changed files from watcher' 2.904374999983702ms
Time for 'nx/core/project-json:createNodes' 0.05683299998054281
Time for 'nx/js/dependencies-and-lockfile:createNodes' 9.726792000001296
Time for 'nx/core/package-json:createNodes' 10.750666000007186
[NX v22.3.1 Daemon Server] - 2026-03-19T05:19:59.309Z - Time taken for 'build-project-configs' 20.034000000043306ms
Time for 'build typescript dependencies' 0.01316699996823445
[NX v22.3.1 Daemon Server] - 2026-03-19T05:19:59.326Z - [SYNC]: collect registered sync generators
[NX v22.3.1 Daemon Server] - 2026-03-19T05:19:59.327Z - [SYNC]: project graph hash is the same, not collecting task sync generators
[NX v22.3.1 Daemon Server] - 2026-03-19T05:19:59.327Z - [SYNC]: nx.json hash is the same, not collecting global sync generators
[NX v22.3.1 Daemon Server] - 2026-03-19T05:19:59.327Z - Time taken for 'total execution time for createProjectGraph()' 28.20954199996777ms
[NX v22.3.1 Daemon Server] - 2026-03-19T05:19:59.377Z - [WATCHER]: icons-export/all-new-figma-icons-16px/compass.svg was modified
[NX v22.3.1 Daemon Server] - 2026-03-19T05:19:59.377Z - [SYNC]: clearing sync generators cache due to file changes
[NX v22.3.1 Daemon Server] - 2026-03-19T05:19:59.377Z - [WATCHER]: Processing file changes in outputs
[NX v22.3.1 Daemon Server] - 2026-03-19T05:19:59.506Z - [WATCHER]: icons-export/all-new-figma-icons-16px/compressed.svg was modified
[NX v22.3.1 Daemon Server] - 2026-03-19T05:19:59.506Z - [SYNC]: clearing sync generators cache due to file changes
[NX v22.3.1 Daemon Server] - 2026-03-19T05:19:59.506Z - [WATCHER]: Processing file changes in outputs
[NX v22.3.1 Daemon Server] - 2026-03-19T05:19:59.664Z - [WATCHER]: icons-export/all-new-figma-icons-16px/confirm.svg was modified
[NX v22.3.1 Daemon Server] - 2026-03-19T05:19:59.664Z - [SYNC]: clearing sync generators cache due to file changes
[NX v22.3.1 Daemon Server] - 2026-03-19T05:19:59.664Z - [WATCHER]: Processing file changes in outputs
[NX v22.3.1 Daemon Server] - 2026-03-19T05:19:59.796Z - [WATCHER]: icons-export/all-new-figma-icons-16px/console.svg was modified
[NX v22.3.1 Daemon Server] - 2026-03-19T05:19:59.796Z - [SYNC]: clearing sync generators cache due to file changes
[NX v22.3.1 Daemon Server] - 2026-03-19T05:19:59.796Z - [WATCHER]: Processing file changes in outputs
[NX v22.3.1 Daemon Server] - 2026-03-19T05:19:59.948Z - [WATCHER]: icons-export/all-new-figma-icons-16px/console-alert.svg was modified
[NX v22.3.1 Daemon Server] - 2026-03-19T05:19:59.948Z - [SYNC]: clearing sync generators cache due to file changes
[NX v22.3.1 Daemon Server] - 2026-03-19T05:19:59.948Z - [WATCHER]: Processing file changes in outputs
[NX v22.3.1 Daemon Server] - 2026-03-19T05:20:00.103Z - [WATCHER]: icons-export/all-new-figma-icons-16px/construction.svg was modified
[NX v22.3.1 Daemon Server] - 2026-03-19T05:20:00.103Z - [SYNC]: clearing sync generators cache due to file changes
[NX v22.3.1 Daemon Server] - 2026-03-19T05:20:00.103Z - [WATCHER]: Processing file changes in outputs
[NX v22.3.1 Daemon Server] - 2026-03-19T05:20:00.219Z - [WATCHER]: icons-export/all-new-figma-icons-16px/contrast.svg was modified
[NX v22.3.1 Daemon Server] - 2026-03-19T05:20:00.219Z - [SYNC]: clearing sync generators cache due to file changes
[NX v22.3.1 Daemon Server] - 2026-03-19T05:20:00.219Z - [WATCHER]: Processing file changes in outputs
[NX v22.3.1 Daemon Server] - 2026-03-19T05:20:00.355Z - [WATCHER]: icons-export/all-new-figma-icons-16px/control.svg was modified
[NX v22.3.1 Daemon Server] - 2026-03-19T05:20:00.355Z - [SYNC]: clearing sync generators cache due to file changes
[NX v22.3.1 Daemon Server] - 2026-03-19T05:20:00.355Z - [WATCHER]: Processing file changes in outputs
[NX v22.3.1 Daemon Server] - 2026-03-19T05:20:00.471Z - [WATCHER]: icons-export/all-new-figma-icons-16px/credit-card.svg was modified
[NX v22.3.1 Daemon Server] - 2026-03-19T05:20:00.475Z - [SYNC]: clearing sync generators cache due to file changes
[NX v22.3.1 Daemon Server] - 2026-03-19T05:20:00.475Z - [WATCHER]: Processing file changes in outputs
[NX v22.3.1 Daemon Server] - 2026-03-19T05:20:00.614Z - [WATCHER]: icons-export/all-new-figma-icons-16px/crop.svg was modified
[NX v22.3.1 Daemon Server] - 2026-03-19T05:20:00.615Z - [SYNC]: clearing sync generators cache due to file changes
[NX v22.3.1 Daemon Server] - 2026-03-19T05:20:00.615Z - [WATCHER]: Processing file changes in outputs
[NX v22.3.1 Daemon Server] - 2026-03-19T05:20:00.767Z - [WATCHER]: icons-export/all-new-figma-icons-16px/cross.svg was modified
[NX v22.3.1 Daemon Server] - 2026-03-19T05:20:00.767Z - [SYNC]: clearing sync generators cache due to file changes
[NX v22.3.1 Daemon Server] - 2026-03-19T05:20:00.767Z - [WATCHER]: Processing file changes in outputs
[NX v22.3.1 Daemon Server] - 2026-03-19T05:20:00.904Z - [WATCHER]: icons-export/all-new-figma-icons-16px/cross-circle.svg was modified
[NX v22.3.1 Daemon Server] - 2026-03-19T05:20:00.904Z - [SYNC]: clearing sync generators cache due to file changes
[NX v22.3.1 Daemon Server] - 2026-03-19T05:20:00.904Z - [WATCHER]: Processing file changes in outputs
[NX v22.3.1 Daemon Server] - 2026-03-19T05:20:01.040Z - [WATCHER]: icons-export/all-new-figma-icons-16px/crown.svg was modified
[NX v22.3.1 Daemon Server] - 2026-03-19T05:20:01.041Z - [SYNC]: clearing sync generators cache due to file changes
[NX v22.3.1 Daemon Server] - 2026-03-19T05:20:01.041Z - [WATCHER]: Processing file changes in outputs
[NX v22.3.1 Daemon Server] - 2026-03-19T05:20:01.163Z - [WATCHER]: icons-export/all-new-figma-icons-16px/css-style.svg was modified
[NX v22.3.1 Daemon Server] - 2026-03-19T05:20:01.164Z - [SYNC]: clearing sync generators cache due to file changes
[NX v22.3.1 Daemon Server] - 2026-03-19T05:20:01.164Z - [WATCHER]: Processing file changes in outputs
[NX v22.3.1 Daemon Server] - 2026-03-19T05:20:01.293Z - [WATCHER]: icons-export/all-new-figma-icons-16px/cube.svg was modified
[NX v22.3.1 Daemon Server] - 2026-03-19T05:20:01.293Z - [SYNC]: clearing sync generators cache due to file changes
[NX v22.3.1 Daemon Server] - 2026-03-19T05:20:01.293Z - [WATCHER]: Processing file changes in outputs
[NX v22.3.1 Daemon Server] - 2026-03-19T05:20:01.432Z - [WATCHER]: icons-export/all-new-figma-icons-16px/cube-add.svg was modified
[NX v22.3.1 Daemon Server] - 2026-03-19T05:20:01.432Z - [SYNC]: clearing sync generators cache due to file changes
[NX v22.3.1 Daemon Server] - 2026-03-19T05:20:01.432Z - [WATCHER]: Processing file changes in outputs
[NX v22.3.1 Daemon Server] - 2026-03-19T05:20:01.555Z - [WATCHER]: icons-export/all-new-figma-icons-16px/cube-cutout.svg was modified
[NX v22.3.1 Daemon Server] - 2026-03-19T05:20:01.555Z - [SYNC]: clearing sync generators cache due to file changes
[NX v22.3.1 Daemon Server] - 2026-03-19T05:20:01.555Z - [WATCHER]: Processing file changes in outputs
[NX v22.3.1 Daemon Server] - 2026-03-19T05:20:01.691Z - [WATCHER]: icons-export/all-new-figma-icons-16px/cube-cutouts.svg was modified
[NX v22.3.1 Daemon Server] - 2026-03-19T05:20:01.691Z - [SYNC]: clearing sync generators cache due to file changes
[NX v22.3.1 Daemon Server] - 2026-03-19T05:20:01.691Z - [WATCHER]: Processing file changes in outputs
[NX v22.3.1 Daemon Server] - 2026-03-19T05:20:01.851Z - [WATCHER]: icons-export/all-new-figma-icons-16px/cube-edit.svg was modified
[NX v22.3.1 Daemon Server] - 2026-03-19T05:20:01.851Z - [SYNC]: clearing sync generators cache due to file changes
[NX v22.3.1 Daemon Server] - 2026-03-19T05:20:01.851Z - [WATCHER]: Processing file changes in outputs
[NX v22.3.1 Daemon Server] - 2026-03-19T05:20:02.027Z - [WATCHER]: icons-export/all-new-figma-icons-16px/cube-remove.svg was modified
[NX v22.3.1 Daemon Server] - 2026-03-19T05:20:02.028Z - [SYNC]: clearing sync generators cache due to file changes
[NX v22.3.1 Daemon Server] - 2026-03-19T05:20:02.028Z - [WATCHER]: Processing file changes in outputs
[NX v22.3.1 Daemon Server] - 2026-03-19T05:20:02.182Z - [WATCHER]: icons-export/all-new-figma-icons-16px/cubes.svg was modified
[NX v22.3.1 Daemon Server] - 2026-03-19T05:20:02.182Z - [SYNC]: clearing sync generators cache due to file changes
[NX v22.3.1 Daemon Server] - 2026-03-19T05:20:02.182Z - [WATCHER]: Processing file changes in outputs
[NX v22.3.1 Daemon Server] - 2026-03-19T05:20:02.345Z - [WATCHER]: icons-export/all-new-figma-icons-16px/curly-braces.svg was modified
[NX v22.3.1 Daemon Server] - 2026-03-19T05:20:02.345Z - [SYNC]: clearing sync generators cache due to file changes
[NX v22.3.1 Daemon Server] - 2026-03-19T05:20:02.345Z - [WATCHER]: Processing file changes in outputs
[NX v22.3.1 Daemon Server] - 2026-03-19T05:20:02.492Z - [WATCHER]: icons-export/all-new-figma-icons-16px/curved-range-chart.svg was modified
[NX v22.3.1 Daemon Server] - 2026-03-19T05:20:02.492Z - [SYNC]: clearing sync generators cache due to file changes
[NX v22.3.1 Daemon Server] - 2026-03-19T05:20:02.492Z - [WATCHER]: Processing file changes in outputs
[NX v22.3.1 Daemon Server] - 2026-03-19T05:20:02.584Z - [REQUEST]: Updated workspace context based on watched changes, recomputing project graph...
[NX v22.3.1 Daemon Server] - 2026-03-19T05:20:02.584Z - [REQUEST]: icons-export/all-new-figma-icons-16px/compass.svg,icons-export/all-new-figma-icons-16px/compressed.svg,icons-export/all-new-figma-icons-16px/confirm.svg,icons-export/all-new-figma-icons-16px/console.svg,icons-export/all-new-figma-icons-16px/console-alert.svg,icons-export/all-new-figma-icons-16px/construction.svg,icons-export/all-new-figma-icons-16px/contrast.svg,icons-export/all-new-figma-icons-16px/control.svg,icons-export/all-new-figma-icons-16px/credit-card.svg,icons-export/all-new-figma-icons-16px/crop.svg,icons-export/all-new-figma-icons-16px/cross.svg,icons-export/all-new-figma-icons-16px/cross-circle.svg,icons-export/all-new-figma-icons-16px/crown.svg,icons-export/all-new-figma-icons-16px/css-style.svg,icons-export/all-new-figma-icons-16px/cube.svg,icons-export/all-new-figma-icons-16px/cube-add.svg,icons-export/all-new-figma-icons-16px/cube-cutout.svg,icons-export/all-new-figma-icons-16px/cube-cutouts.svg,icons-export/all-new-figma-icons-16px/cube-edit.svg,icons-export/all-new-figma-icons-16px/cube-remove.svg,icons-export/all-new-figma-icons-16px/cubes.svg,icons-export/all-new-figma-icons-16px/curly-braces.svg,icons-export/all-new-figma-icons-16px/curved-range-chart.svg
[NX v22.3.1 Daemon Server] - 2026-03-19T05:20:02.584Z - [REQUEST]: 
[NX v22.3.1 Daemon Server] - 2026-03-19T05:20:02.590Z - Time taken for 'hash changed files from watcher' 5.40625ms
Time for 'nx/core/project-json:createNodes' 0.06333299999823794
Time for 'nx/js/dependencies-and-lockfile:createNodes' 8.161375000025146
Time for 'nx/core/package-json:createNodes' 9.848375000001397
[NX v22.3.1 Daemon Server] - 2026-03-19T05:20:02.624Z - Time taken for 'build-project-configs' 16.904166000022087ms
[NX v22.3.1 Daemon Server] - 2026-03-19T05:20:02.627Z - [WATCHER]: icons-export/all-new-figma-icons-16px/cut.svg was modified
[NX v22.3.1 Daemon Server] - 2026-03-19T05:20:02.627Z - [SYNC]: clearing sync generators cache due to file changes
[NX v22.3.1 Daemon Server] - 2026-03-19T05:20:02.627Z - [WATCHER]: Processing file changes in outputs
Time for 'build typescript dependencies' 0.03883399994811043
[NX v22.3.1 Daemon Server] - 2026-03-19T05:20:02.648Z - [SYNC]: collect registered sync generators
[NX v22.3.1 Daemon Server] - 2026-03-19T05:20:02.648Z - [SYNC]: project graph hash is the same, not collecting task sync generators
[NX v22.3.1 Daemon Server] - 2026-03-19T05:20:02.649Z - [SYNC]: nx.json hash is the same, not collecting global sync generators
[NX v22.3.1 Daemon Server] - 2026-03-19T05:20:02.649Z - Time taken for 'total execution time for createProjectGraph()' 31.035250000015367ms
[NX v22.3.1 Daemon Server] - 2026-03-19T05:20:02.783Z - [WATCHER]: icons-export/all-new-figma-icons-16px/cycle.svg was modified
[NX v22.3.1 Daemon Server] - 2026-03-19T05:20:02.783Z - [SYNC]: clearing sync generators cache due to file changes
[NX v22.3.1 Daemon Server] - 2026-03-19T05:20:02.783Z - [WATCHER]: Processing file changes in outputs
[NX v22.3.1 Daemon Server] - 2026-03-19T05:20:02.929Z - [WATCHER]: icons-export/all-new-figma-icons-16px/dashboard.svg was modified
[NX v22.3.1 Daemon Server] - 2026-03-19T05:20:02.929Z - [SYNC]: clearing sync generators cache due to file changes
[NX v22.3.1 Daemon Server] - 2026-03-19T05:20:02.929Z - [WATCHER]: Processing file changes in outputs
[NX v22.3.1 Daemon Server] - 2026-03-19T05:20:03.060Z - [WATCHER]: Processing file changes in outputs
[NX v22.3.1 Daemon Server] - 2026-03-19T05:20:03.065Z - [WATCHER]: icons-export/all-new-figma-icons-16px/dashed-circle.svg was modified
[NX v22.3.1 Daemon Server] - 2026-03-19T05:20:03.066Z - [SYNC]: clearing sync generators cache due to file changes
[NX v22.3.1 Daemon Server] - 2026-03-19T05:20:03.219Z - [WATCHER]: Processing file changes in outputs
[NX v22.3.1 Daemon Server] - 2026-03-19T05:20:03.234Z - [WATCHER]: icons-export/all-new-figma-icons-16px/data-cloud.svg was modified
[NX v22.3.1 Daemon Server] - 2026-03-19T05:20:03.234Z - [SYNC]: clearing sync generators cache due to file changes
[NX v22.3.1 Daemon Server] - 2026-03-19T05:20:03.353Z - [WATCHER]: icons-export/all-new-figma-icons-16px/data-connection.svg was modified
[NX v22.3.1 Daemon Server] - 2026-03-19T05:20:03.353Z - [SYNC]: clearing sync generators cache due to file changes
[NX v22.3.1 Daemon Server] - 2026-03-19T05:20:03.353Z - [WATCHER]: Processing file changes in outputs
[NX v22.3.1 Daemon Server] - 2026-03-19T05:20:03.515Z - [WATCHER]: icons-export/all-new-figma-icons-16px/data-lineage.svg was modified
[NX v22.3.1 Daemon Server] - 2026-03-19T05:20:03.515Z - [SYNC]: clearing sync generators cache due to file changes
[NX v22.3.1 Daemon Server] - 2026-03-19T05:20:03.515Z - [WATCHER]: Processing file changes in outputs
[NX v22.3.1 Daemon Server] - 2026-03-19T05:20:03.655Z - [WATCHER]: icons-export/all-new-figma-icons-16px/data-search.svg was modified
[NX v22.3.1 Daemon Server] - 2026-03-19T05:20:03.655Z - [SYNC]: clearing sync generators cache due to file changes
[NX v22.3.1 Daemon Server] - 2026-03-19T05:20:03.655Z - [WATCHER]: Processing file changes in outputs
[NX v22.3.1 Daemon Server] - 2026-03-19T05:20:03.791Z - [WATCHER]: icons-export/all-new-figma-icons-16px/data-sync.svg was modified
[NX v22.3.1 Daemon Server] - 2026-03-19T05:20:03.791Z - [SYNC]: clearing sync generators cache due to file changes
[NX v22.3.1 Daemon Server] - 2026-03-19T05:20:03.791Z - [WATCHER]: Processing file changes in outputs
[NX v22.3.1 Daemon Server] - 2026-03-19T05:20:03.970Z - [WATCHER]: icons-export/all-new-figma-icons-16px/database.svg was modified
[NX v22.3.1 Daemon Server] - 2026-03-19T05:20:03.970Z - [SYNC]: clearing sync generators cache due to file changes
[NX v22.3.1 Daemon Server] - 2026-03-19T05:20:03.970Z - [WATCHER]: Processing file changes in outputs
[NX v22.3.1 Daemon Server] - 2026-03-19T05:20:04.098Z - [WATCHER]: icons-export/all-new-figma-icons-16px/delete.svg was modified
[NX v22.3.1 Daemon Server] - 2026-03-19T05:20:04.099Z - [SYNC]: clearing sync generators cache due to file changes
[NX v22.3.1 Daemon Server] - 2026-03-19T05:20:04.099Z - [WATCHER]: Processing file changes in outputs
[NX v22.3.1 Daemon Server] - 2026-03-19T05:20:04.237Z - [WATCHER]: icons-export/all-new-figma-icons-16px/delete-clip.svg was modified
[NX v22.3.1 Daemon Server] - 2026-03-19T05:20:04.237Z - [SYNC]: clearing sync generators cache due to file changes
[NX v22.3.1 Daemon Server] - 2026-03-19T05:20:04.237Z - [WATCHER]: Processing file changes in outputs
[NX v22.3.1 Daemon Server] - 2026-03-19T05:20:04.397Z - [WATCHER]: icons-export/all-new-figma-icons-16px/delta.svg was modified
[NX v22.3.1 Daemon Server] - 2026-03-19T05:20:04.397Z - [SYNC]: clearing sync generators cache due to file changes
[NX v22.3.1 Daemon Server] - 2026-03-19T05:20:04.397Z - [WATCHER]: Processing file changes in outputs
[NX v22.3.1 Daemon Server] - 2026-03-19T05:20:04.542Z - [WATCHER]: icons-export/all-new-figma-icons-16px/derive-column.svg was modified
[NX v22.3.1 Daemon Server] - 2026-03-19T05:20:04.542Z - [SYNC]: clearing sync generators cache due to file changes
[NX v22.3.1 Daemon Server] - 2026-03-19T05:20:04.542Z - [WATCHER]: Processing file changes in outputs
[NX v22.3.1 Daemon Server] - 2026-03-19T05:20:04.752Z - [WATCHER]: icons-export/all-new-figma-icons-16px/derived-column.svg was modified
[NX v22.3.1 Daemon Server] - 2026-03-19T05:20:04.752Z - [SYNC]: clearing sync generators cache due to file changes
[NX v22.3.1 Daemon Server] - 2026-03-19T05:20:04.752Z - [WATCHER]: Processing file changes in outputs
[NX v22.3.1 Daemon Server] - 2026-03-19T05:20:04.917Z - [WATCHER]: icons-export/all-new-figma-icons-16px/descendant.svg was modified
[NX v22.3.1 Daemon Server] - 2026-03-19T05:20:04.917Z - [SYNC]: clearing sync generators cache due to file changes
[NX v22.3.1 Daemon Server] - 2026-03-19T05:20:04.917Z - [WATCHER]: Processing file changes in outputs
[NX v22.3.1 Daemon Server] - 2026-03-19T05:20:05.071Z - [WATCHER]: icons-export/all-new-figma-icons-16px/desktop.svg was modified
[NX v22.3.1 Daemon Server] - 2026-03-19T05:20:05.071Z - [SYNC]: clearing sync generators cache due to file changes
[NX v22.3.1 Daemon Server] - 2026-03-19T05:20:05.071Z - [WATCHER]: Processing file changes in outputs
[NX v22.3.1 Daemon Server] - 2026-03-19T05:20:05.252Z - [WATCHER]: icons-export/all-new-figma-icons-16px/detection.svg was modified
[NX v22.3.1 Daemon Server] - 2026-03-19T05:20:05.252Z - [SYNC]: clearing sync generators cache due to file changes
[NX v22.3.1 Daemon Server] - 2026-03-19T05:20:05.252Z - [WATCHER]: Processing file changes in outputs
[NX v22.3.1 Daemon Server] - 2026-03-19T05:20:05.403Z - [WATCHER]: Processing file changes in outputs
[NX v22.3.1 Daemon Server] - 2026-03-19T05:20:05.404Z - [WATCHER]: icons-export/all-new-figma-icons-16px/diagnosis.svg was modified
[NX v22.3.1 Daemon Server] - 2026-03-19T05:20:05.404Z - [SYNC]: clearing sync generators cache due to file changes
[NX v22.3.1 Daemon Server] - 2026-03-19T05:20:05.567Z - [WATCHER]: icons-export/all-new-figma-icons-16px/diagram-tree.svg was modified
[NX v22.3.1 Daemon Server] - 2026-03-19T05:20:05.568Z - [SYNC]: clearing sync generators cache due to file changes
[NX v22.3.1 Daemon Server] - 2026-03-19T05:20:05.568Z - [WATCHER]: Processing file changes in outputs
[NX v22.3.1 Daemon Server] - 2026-03-19T05:20:05.736Z - [WATCHER]: icons-export/all-new-figma-icons-16px/direction-left.svg was modified
[NX v22.3.1 Daemon Server] - 2026-03-19T05:20:05.736Z - [SYNC]: clearing sync generators cache due to file changes
[NX v22.3.1 Daemon Server] - 2026-03-19T05:20:05.736Z - [WATCHER]: Processing file changes in outputs
[NX v22.3.1 Daemon Server] - 2026-03-19T05:20:05.878Z - [WATCHER]: icons-export/all-new-figma-icons-16px/direction-right.svg was modified
[NX v22.3.1 Daemon Server] - 2026-03-19T05:20:05.879Z - [SYNC]: clearing sync generators cache due to file changes
[NX v22.3.1 Daemon Server] - 2026-03-19T05:20:05.879Z - [WATCHER]: Processing file changes in outputs
[NX v22.3.1 Daemon Server] - 2026-03-19T05:20:06.040Z - [WATCHER]: icons-export/all-new-figma-icons-16px/disable.svg was modified
[NX v22.3.1 Daemon Server] - 2026-03-19T05:20:06.040Z - [SYNC]: clearing sync generators cache due to file changes
[NX v22.3.1 Daemon Server] - 2026-03-19T05:20:06.040Z - [WATCHER]: Processing file changes in outputs
[NX v22.3.1 Daemon Server] - 2026-03-19T05:20:06.200Z - [WATCHER]: icons-export/all-new-figma-icons-16px/divide.svg was modified
[NX v22.3.1 Daemon Server] - 2026-03-19T05:20:06.200Z - [SYNC]: clearing sync generators cache due to file changes
[NX v22.3.1 Daemon Server] - 2026-03-19T05:20:06.201Z - [WATCHER]: Processing file changes in outputs
[NX v22.3.1 Daemon Server] - 2026-03-19T05:20:06.398Z - [WATCHER]: icons-export/all-new-figma-icons-16px/document.svg was modified
[NX v22.3.1 Daemon Server] - 2026-03-19T05:20:06.399Z - [SYNC]: clearing sync generators cache due to file changes
[NX v22.3.1 Daemon Server] - 2026-03-19T05:20:06.399Z - [WATCHER]: Processing file changes in outputs
[NX v22.3.1 Daemon Server] - 2026-03-19T05:20:06.554Z - [WATCHER]: icons-export/all-new-figma-icons-16px/document-code.svg was modified
[NX v22.3.1 Daemon Server] - 2026-03-19T05:20:06.554Z - [SYNC]: clearing sync generators cache due to file changes
[NX v22.3.1 Daemon Server] - 2026-03-19T05:20:06.554Z - [WATCHER]: Processing file changes in outputs
[NX v22.3.1 Daemon Server] - 2026-03-19T05:20:06.709Z - [WATCHER]: icons-export/all-new-figma-icons-16px/document-locked.svg was modified
[NX v22.3.1 Daemon Server] - 2026-03-19T05:20:06.709Z - [SYNC]: clearing sync generators cache due to file changes
[NX v22.3.1 Daemon Server] - 2026-03-19T05:20:06.710Z - [WATCHER]: Processing file changes in outputs
[NX v22.3.1 Daemon Server] - 2026-03-19T05:20:06.864Z - [WATCHER]: icons-export/all-new-figma-icons-16px/document-open.svg was modified
[NX v22.3.1 Daemon Server] - 2026-03-19T05:20:06.865Z - [SYNC]: clearing sync generators cache due to file changes
[NX v22.3.1 Daemon Server] - 2026-03-19T05:20:06.865Z - [WATCHER]: Processing file changes in outputs
[NX v22.3.1 Daemon Server] - 2026-03-19T05:20:07.019Z - [WATCHER]: icons-export/all-new-figma-icons-16px/document-share.svg was modified
[NX v22.3.1 Daemon Server] - 2026-03-19T05:20:07.019Z - [SYNC]: clearing sync generators cache due to file changes
[NX v22.3.1 Daemon Server] - 2026-03-19T05:20:07.019Z - [WATCHER]: Processing file changes in outputs
[NX v22.3.1 Daemon Server] - 2026-03-19T05:20:07.184Z - [WATCHER]: icons-export/all-new-figma-icons-16px/dollar.svg was modified
[NX v22.3.1 Daemon Server] - 2026-03-19T05:20:07.184Z - [SYNC]: clearing sync generators cache due to file changes
[NX v22.3.1 Daemon Server] - 2026-03-19T05:20:07.184Z - [WATCHER]: Processing file changes in outputs
[NX v22.3.1 Daemon Server] - 2026-03-19T05:20:07.347Z - [WATCHER]: icons-export/all-new-figma-icons-16px/dot.svg was modified
[NX v22.3.1 Daemon Server] - 2026-03-19T05:20:07.347Z - [SYNC]: clearing sync generators cache due to file changes
[NX v22.3.1 Daemon Server] - 2026-03-19T05:20:07.347Z - [WATCHER]: Processing file changes in outputs
[NX v22.3.1 Daemon Server] - 2026-03-19T05:20:07.499Z - [WATCHER]: icons-export/all-new-figma-icons-16px/double-caret-horizontal.svg was modified
[NX v22.3.1 Daemon Server] - 2026-03-19T05:20:07.500Z - [SYNC]: clearing sync generators cache due to file changes
[NX v22.3.1 Daemon Server] - 2026-03-19T05:20:07.500Z - [WATCHER]: Processing file changes in outputs
[NX v22.3.1 Daemon Server] - 2026-03-19T05:20:07.658Z - [WATCHER]: icons-export/all-new-figma-icons-16px/double-caret-vertical.svg was modified
[NX v22.3.1 Daemon Server] - 2026-03-19T05:20:07.658Z - [SYNC]: clearing sync generators cache due to file changes
[NX v22.3.1 Daemon Server] - 2026-03-19T05:20:07.659Z - [WATCHER]: Processing file changes in outputs
[NX v22.3.1 Daemon Server] - 2026-03-19T05:20:07.798Z - [WATCHER]: icons-export/all-new-figma-icons-16px/double-chevron-down.svg was modified
[NX v22.3.1 Daemon Server] - 2026-03-19T05:20:07.798Z - [SYNC]: clearing sync generators cache due to file changes
[NX v22.3.1 Daemon Server] - 2026-03-19T05:20:07.799Z - [WATCHER]: Processing file changes in outputs
[NX v22.3.1 Daemon Server] - 2026-03-19T05:20:07.964Z - [WATCHER]: icons-export/all-new-figma-icons-16px/double-chevron-left.svg was modified
[NX v22.3.1 Daemon Server] - 2026-03-19T05:20:07.964Z - [SYNC]: clearing sync generators cache due to file changes
[NX v22.3.1 Daemon Server] - 2026-03-19T05:20:07.964Z - [WATCHER]: Processing file changes in outputs
[NX v22.3.1 Daemon Server] - 2026-03-19T05:20:08.126Z - [WATCHER]: icons-export/all-new-figma-icons-16px/double-chevron-right.svg was modified
[NX v22.3.1 Daemon Server] - 2026-03-19T05:20:08.127Z - [SYNC]: clearing sync generators cache due to file changes
[NX v22.3.1 Daemon Server] - 2026-03-19T05:20:08.127Z - [WATCHER]: Processing file changes in outputs
[NX v22.3.1 Daemon Server] - 2026-03-19T05:20:08.277Z - [WATCHER]: icons-export/all-new-figma-icons-16px/double-chevron-up.svg was modified
[NX v22.3.1 Daemon Server] - 2026-03-19T05:20:08.277Z - [SYNC]: clearing sync generators cache due to file changes
[NX v22.3.1 Daemon Server] - 2026-03-19T05:20:08.277Z - [WATCHER]: Processing file changes in outputs
[NX v22.3.1 Daemon Server] - 2026-03-19T05:20:08.410Z - [WATCHER]: icons-export/all-new-figma-icons-16px/doughnut-chart.svg was modified
[NX v22.3.1 Daemon Server] - 2026-03-19T05:20:08.410Z - [SYNC]: clearing sync generators cache due to file changes
[NX v22.3.1 Daemon Server] - 2026-03-19T05:20:08.410Z - [WATCHER]: Processing file changes in outputs
[NX v22.3.1 Daemon Server] - 2026-03-19T05:20:08.569Z - [WATCHER]: icons-export/all-new-figma-icons-16px/download.svg was modified
[NX v22.3.1 Daemon Server] - 2026-03-19T05:20:08.570Z - [SYNC]: clearing sync generators cache due to file changes
[NX v22.3.1 Daemon Server] - 2026-03-19T05:20:08.570Z - [WATCHER]: Processing file changes in outputs
[NX v22.3.1 Daemon Server] - 2026-03-19T05:20:08.724Z - [WATCHER]: icons-export/all-new-figma-icons-16px/drag-handle-horizontal.svg was modified
[NX v22.3.1 Daemon Server] - 2026-03-19T05:20:08.725Z - [SYNC]: clearing sync generators cache due to file changes
[NX v22.3.1 Daemon Server] - 2026-03-19T05:20:08.725Z - [WATCHER]: Processing file changes in outputs
[NX v22.3.1 Daemon Server] - 2026-03-19T05:20:08.867Z - [WATCHER]: icons-export/all-new-figma-icons-16px/drag-handle-vertical.svg was modified
[NX v22.3.1 Daemon Server] - 2026-03-19T05:20:08.868Z - [SYNC]: clearing sync generators cache due to file changes
[NX v22.3.1 Daemon Server] - 2026-03-19T05:20:08.875Z - [WATCHER]: Processing file changes in outputs
[NX v22.3.1 Daemon Server] - 2026-03-19T05:20:08.991Z - [WATCHER]: icons-export/all-new-figma-icons-16px/draw.svg was modified
[NX v22.3.1 Daemon Server] - 2026-03-19T05:20:08.992Z - [SYNC]: clearing sync generators cache due to file changes
[NX v22.3.1 Daemon Server] - 2026-03-19T05:20:08.992Z - [WATCHER]: Processing file changes in outputs
[NX v22.3.1 Daemon Server] - 2026-03-19T05:20:09.036Z - [REQUEST]: Updated workspace context based on watched changes, recomputing project graph...
[NX v22.3.1 Daemon Server] - 2026-03-19T05:20:09.036Z - [REQUEST]: icons-export/all-new-figma-icons-16px/cut.svg,icons-export/all-new-figma-icons-16px/cycle.svg,icons-export/all-new-figma-icons-16px/dashboard.svg,icons-export/all-new-figma-icons-16px/dashed-circle.svg,icons-export/all-new-figma-icons-16px/data-cloud.svg,icons-export/all-new-figma-icons-16px/data-connection.svg,icons-export/all-new-figma-icons-16px/data-lineage.svg,icons-export/all-new-figma-icons-16px/data-search.svg,icons-export/all-new-figma-icons-16px/data-sync.svg,icons-export/all-new-figma-icons-16px/database.svg,icons-export/all-new-figma-icons-16px/delete.svg,icons-export/all-new-figma-icons-16px/delete-clip.svg,icons-export/all-new-figma-icons-16px/delta.svg,icons-export/all-new-figma-icons-16px/derive-column.svg,icons-export/all-new-figma-icons-16px/derived-column.svg,icons-export/all-new-figma-icons-16px/descendant.svg,icons-export/all-new-figma-icons-16px/desktop.svg,icons-export/all-new-figma-icons-16px/detection.svg,icons-export/all-new-figma-icons-16px/diagnosis.svg,icons-export/all-new-figma-icons-16px/diagram-tree.svg,icons-export/all-new-figma-icons-16px/direction-left.svg,icons-export/all-new-figma-icons-16px/direction-right.svg,icons-export/all-new-figma-icons-16px/disable.svg,icons-export/all-new-figma-icons-16px/divide.svg,icons-export/all-new-figma-icons-16px/document.svg,icons-export/all-new-figma-icons-16px/document-code.svg,icons-export/all-new-figma-icons-16px/document-locked.svg,icons-export/all-new-figma-icons-16px/document-open.svg,icons-export/all-new-figma-icons-16px/document-share.svg,icons-export/all-new-figma-icons-16px/dollar.svg,icons-export/all-new-figma-icons-16px/dot.svg,icons-export/all-new-figma-icons-16px/double-caret-horizontal.svg,icons-export/all-new-figma-icons-16px/double-caret-vertical.svg,icons-export/all-new-figma-icons-16px/double-chevron-down.svg,icons-export/all-new-figma-icons-16px/double-chevron-left.svg,icons-export/all-new-figma-icons-16px/double-chevron-right.svg,icons-export/all-new-figma-icons-16px/double-chevron-up.svg,icons-export/all-new-figma-icons-16px/doughnut-chart.svg,icons-export/all-new-figma-icons-16px/download.svg,icons-export/all-new-figma-icons-16px/drag-handle-horizontal.svg,icons-export/all-new-figma-icons-16px/drag-handle-vertical.svg,icons-export/all-new-figma-icons-16px/draw.svg
[NX v22.3.1 Daemon Server] - 2026-03-19T05:20:09.036Z - [REQUEST]: 
[NX v22.3.1 Daemon Server] - 2026-03-19T05:20:09.043Z - Time taken for 'hash changed files from watcher' 7.528374999994412ms
Time for 'nx/core/project-json:createNodes' 0.11183299997355789
Time for 'nx/js/dependencies-and-lockfile:createNodes' 8.87604200001806
Time for 'nx/core/package-json:createNodes' 9.325917000009213
[NX v22.3.1 Daemon Server] - 2026-03-19T05:20:09.081Z - Time taken for 'build-project-configs' 19.84424999996554ms
Time for 'build typescript dependencies' 0.018417000013869256
[NX v22.3.1 Daemon Server] - 2026-03-19T05:20:09.095Z - [SYNC]: collect registered sync generators
[NX v22.3.1 Daemon Server] - 2026-03-19T05:20:09.096Z - [SYNC]: project graph hash is the same, not collecting task sync generators
[NX v22.3.1 Daemon Server] - 2026-03-19T05:20:09.096Z - [SYNC]: nx.json hash is the same, not collecting global sync generators
[NX v22.3.1 Daemon Server] - 2026-03-19T05:20:09.096Z - Time taken for 'total execution time for createProjectGraph()' 22.353917000000365ms
[NX v22.3.1 Daemon Server] - 2026-03-19T05:20:09.132Z - [WATCHER]: icons-export/all-new-figma-icons-16px/drawer-left.svg was modified
[NX v22.3.1 Daemon Server] - 2026-03-19T05:20:09.132Z - [SYNC]: clearing sync generators cache due to file changes
[NX v22.3.1 Daemon Server] - 2026-03-19T05:20:09.132Z - [WATCHER]: Processing file changes in outputs
[NX v22.3.1 Daemon Server] - 2026-03-19T05:20:09.274Z - [WATCHER]: icons-export/all-new-figma-icons-16px/drawer-left-filled.svg was modified
[NX v22.3.1 Daemon Server] - 2026-03-19T05:20:09.274Z - [SYNC]: clearing sync generators cache due to file changes
[NX v22.3.1 Daemon Server] - 2026-03-19T05:20:09.274Z - [WATCHER]: Processing file changes in outputs
[NX v22.3.1 Daemon Server] - 2026-03-19T05:20:09.431Z - [WATCHER]: icons-export/all-new-figma-icons-16px/drawer-right.svg was modified
[NX v22.3.1 Daemon Server] - 2026-03-19T05:20:09.432Z - [SYNC]: clearing sync generators cache due to file changes
[NX v22.3.1 Daemon Server] - 2026-03-19T05:20:09.432Z - [WATCHER]: Processing file changes in outputs
[NX v22.3.1 Daemon Server] - 2026-03-19T05:20:09.587Z - [WATCHER]: icons-export/all-new-figma-icons-16px/drawer-right-filled.svg was modified
[NX v22.3.1 Daemon Server] - 2026-03-19T05:20:09.587Z - [SYNC]: clearing sync generators cache due to file changes
[NX v22.3.1 Daemon Server] - 2026-03-19T05:20:09.587Z - [WATCHER]: Processing file changes in outputs
[NX v22.3.1 Daemon Server] - 2026-03-19T05:20:09.733Z - [WATCHER]: icons-export/all-new-figma-icons-16px/drive-time.svg was modified
[NX v22.3.1 Daemon Server] - 2026-03-19T05:20:09.733Z - [SYNC]: clearing sync generators cache due to file changes
[NX v22.3.1 Daemon Server] - 2026-03-19T05:20:09.733Z - [WATCHER]: Processing file changes in outputs
[NX v22.3.1 Daemon Server] - 2026-03-19T05:20:09.866Z - [WATCHER]: icons-export/all-new-figma-icons-16px/drone.svg was modified
[NX v22.3.1 Daemon Server] - 2026-03-19T05:20:09.866Z - [SYNC]: clearing sync generators cache due to file changes
[NX v22.3.1 Daemon Server] - 2026-03-19T05:20:09.866Z - [WATCHER]: Processing file changes in outputs
[NX v22.3.1 Daemon Server] - 2026-03-19T05:20:09.996Z - [WATCHER]: icons-export/all-new-figma-icons-16px/drone-uav.svg was modified
[NX v22.3.1 Daemon Server] - 2026-03-19T05:20:09.996Z - [SYNC]: clearing sync generators cache due to file changes
[NX v22.3.1 Daemon Server] - 2026-03-19T05:20:09.996Z - [WATCHER]: Processing file changes in outputs
[NX v22.3.1 Daemon Server] - 2026-03-19T05:20:10.141Z - [WATCHER]: icons-export/all-new-figma-icons-16px/duplicate.svg was modified
[NX v22.3.1 Daemon Server] - 2026-03-19T05:20:10.141Z - [SYNC]: clearing sync generators cache due to file changes
[NX v22.3.1 Daemon Server] - 2026-03-19T05:20:10.141Z - [WATCHER]: Processing file changes in outputs
[NX v22.3.1 Daemon Server] - 2026-03-19T05:20:10.273Z - [WATCHER]: icons-export/all-new-figma-icons-16px/edit.svg was modified
[NX v22.3.1 Daemon Server] - 2026-03-19T05:20:10.273Z - [SYNC]: clearing sync generators cache due to file changes
[NX v22.3.1 Daemon Server] - 2026-03-19T05:20:10.273Z - [WATCHER]: Processing file changes in outputs
[NX v22.3.1 Daemon Server] - 2026-03-19T05:20:10.417Z - [WATCHER]: icons-export/all-new-figma-icons-16px/eject.svg was modified
[NX v22.3.1 Daemon Server] - 2026-03-19T05:20:10.417Z - [SYNC]: clearing sync generators cache due to file changes
[NX v22.3.1 Daemon Server] - 2026-03-19T05:20:10.417Z - [WATCHER]: Processing file changes in outputs
[NX v22.3.1 Daemon Server] - 2026-03-19T05:20:10.552Z - [WATCHER]: icons-export/all-new-figma-icons-16px/emoji.svg was modified
[NX v22.3.1 Daemon Server] - 2026-03-19T05:20:10.552Z - [SYNC]: clearing sync generators cache due to file changes
[NX v22.3.1 Daemon Server] - 2026-03-19T05:20:10.552Z - [WATCHER]: Processing file changes in outputs
[NX v22.3.1 Daemon Server] - 2026-03-19T05:20:10.742Z - [WATCHER]: 1 file(s) created or restored, 1 file(s) modified, 1 file(s) deleted
[NX v22.3.1 Daemon Server] - 2026-03-19T05:20:10.742Z - [SYNC]: clearing sync generators cache due to file changes
[NX v22.3.1 Daemon Server] - 2026-03-19T05:20:10.742Z - [WATCHER]: Processing file changes in outputs
[NX v22.3.1 Daemon Server] - 2026-03-19T05:20:10.885Z - [WATCHER]: icons-export/all-new-figma-icons-16px/endorsed.svg was modified
[NX v22.3.1 Daemon Server] - 2026-03-19T05:20:10.885Z - [SYNC]: clearing sync generators cache due to file changes
[NX v22.3.1 Daemon Server] - 2026-03-19T05:20:10.886Z - [WATCHER]: Processing file changes in outputs
[NX v22.3.1 Daemon Server] - 2026-03-19T05:20:14.546Z - [WATCHER]: icons-export/all-new-figma-icons-16px/engagement.svg was modified
[NX v22.3.1 Daemon Server] - 2026-03-19T05:20:14.547Z - [SYNC]: clearing sync generators cache due to file changes
[NX v22.3.1 Daemon Server] - 2026-03-19T05:20:14.547Z - [WATCHER]: Processing file changes in outputs
[NX v22.3.1 Daemon Server] - 2026-03-19T05:20:15.076Z - [WATCHER]: icons-export/all-new-figma-icons-16px/envelope.svg was modified
[NX v22.3.1 Daemon Server] - 2026-03-19T05:20:15.076Z - [SYNC]: clearing sync generators cache due to file changes
[NX v22.3.1 Daemon Server] - 2026-03-19T05:20:15.076Z - [WATCHER]: Processing file changes in outputs
[NX v22.3.1 Daemon Server] - 2026-03-19T05:20:15.260Z - [WATCHER]: Processing file changes in outputs
[NX v22.3.1 Daemon Server] - 2026-03-19T05:20:15.263Z - [WATCHER]: icons-export/all-new-figma-icons-16px/equals.svg was modified
[NX v22.3.1 Daemon Server] - 2026-03-19T05:20:15.263Z - [SYNC]: clearing sync generators cache due to file changes
[NX v22.3.1 Daemon Server] - 2026-03-19T05:20:15.457Z - [WATCHER]: icons-export/all-new-figma-icons-16px/eraser.svg was modified
[NX v22.3.1 Daemon Server] - 2026-03-19T05:20:15.457Z - [SYNC]: clearing sync generators cache due to file changes
[NX v22.3.1 Daemon Server] - 2026-03-19T05:20:15.457Z - [WATCHER]: Processing file changes in outputs
[NX v22.3.1 Daemon Server] - 2026-03-19T05:20:15.552Z - [REQUEST]: Updated workspace context based on watched changes, recomputing project graph...
[NX v22.3.1 Daemon Server] - 2026-03-19T05:20:15.552Z - [REQUEST]: icons-export/all-new-figma-icons-16px/drawer-left.svg,icons-export/all-new-figma-icons-16px/drawer-left-filled.svg,icons-export/all-new-figma-icons-16px/drawer-right.svg,icons-export/all-new-figma-icons-16px/drawer-right-filled.svg,icons-export/all-new-figma-icons-16px/drive-time.svg,icons-export/all-new-figma-icons-16px/drone.svg,icons-export/all-new-figma-icons-16px/drone-uav.svg,icons-export/all-new-figma-icons-16px/duplicate.svg,icons-export/all-new-figma-icons-16px/edit.svg,icons-export/all-new-figma-icons-16px/eject.svg,icons-export/all-new-figma-icons-16px/emoji.svg,packages/demo-app/src/types/comparison.ts,icons-export/all-new-figma-icons-16px/endnote.svg,icons-export/all-new-figma-icons-16px/endorsed.svg,icons-export/all-new-figma-icons-16px/engagement.svg,icons-export/all-new-figma-icons-16px/envelope.svg,icons-export/all-new-figma-icons-16px/equals.svg,icons-export/all-new-figma-icons-16px/eraser.svg
[NX v22.3.1 Daemon Server] - 2026-03-19T05:20:15.552Z - [REQUEST]: packages/demo-app/src/types/comparison.ts.tmp.99078.1773897610697
[NX v22.3.1 Daemon Server] - 2026-03-19T05:20:15.556Z - Time taken for 'hash changed files from watcher' 13.899040999996942ms
Time for 'nx/core/project-json:createNodes' 0.05237499997019768
Time for 'nx/core/package-json:createNodes' 8.357791999995243
Time for 'nx/js/dependencies-and-lockfile:createNodes' 7.987625000008848
[NX v22.3.1 Daemon Server] - 2026-03-19T05:20:15.591Z - Time taken for 'build-project-configs' 15.884834000025876ms
Time for 'build typescript dependencies' 1.9229170000180602
[NX v22.3.1 Daemon Server] - 2026-03-19T05:20:15.614Z - [SYNC]: collect registered sync generators
[NX v22.3.1 Daemon Server] - 2026-03-19T05:20:15.615Z - [SYNC]: project graph hash is the same, not collecting task sync generators
[NX v22.3.1 Daemon Server] - 2026-03-19T05:20:15.615Z - [SYNC]: nx.json hash is the same, not collecting global sync generators
[NX v22.3.1 Daemon Server] - 2026-03-19T05:20:15.615Z - Time taken for 'total execution time for createProjectGraph()' 32.21433300001081ms
[NX v22.3.1 Daemon Server] - 2026-03-19T05:20:15.631Z - [WATCHER]: icons-export/all-new-figma-icons-16px/error.svg was modified
[NX v22.3.1 Daemon Server] - 2026-03-19T05:20:15.631Z - [SYNC]: clearing sync generators cache due to file changes
[NX v22.3.1 Daemon Server] - 2026-03-19T05:20:15.631Z - [WATCHER]: Processing file changes in outputs
[NX v22.3.1 Daemon Server] - 2026-03-19T05:20:15.760Z - [WATCHER]: icons-export/all-new-figma-icons-16px/euro.svg was modified
[NX v22.3.1 Daemon Server] - 2026-03-19T05:20:15.760Z - [SYNC]: clearing sync generators cache due to file changes
[NX v22.3.1 Daemon Server] - 2026-03-19T05:20:15.760Z - [WATCHER]: Processing file changes in outputs
[NX v22.3.1 Daemon Server] - 2026-03-19T05:20:15.836Z - [REQUEST]: Updated workspace context based on watched changes, recomputing project graph...
[NX v22.3.1 Daemon Server] - 2026-03-19T05:20:15.837Z - [REQUEST]: icons-export/all-new-figma-icons-16px/error.svg,icons-export/all-new-figma-icons-16px/euro.svg
[NX v22.3.1 Daemon Server] - 2026-03-19T05:20:15.837Z - [REQUEST]: 
[NX v22.3.1 Daemon Server] - 2026-03-19T05:20:15.841Z - Time taken for 'hash changed files from watcher' 3.5325420000008307ms
Time for 'nx/core/project-json:createNodes' 0.05883300001733005
Time for 'nx/js/dependencies-and-lockfile:createNodes' 8.896041999978479
Time for 'nx/core/package-json:createNodes' 10.457708999980241
[NX v22.3.1 Daemon Server] - 2026-03-19T05:20:15.880Z - Time taken for 'build-project-configs' 19.280166000011377ms
Time for 'build typescript dependencies' 0.02620800002478063
[NX v22.3.1 Daemon Server] - 2026-03-19T05:20:15.903Z - [SYNC]: collect registered sync generators
[NX v22.3.1 Daemon Server] - 2026-03-19T05:20:15.904Z - [SYNC]: project graph hash is the same, not collecting task sync generators
[NX v22.3.1 Daemon Server] - 2026-03-19T05:20:15.904Z - [SYNC]: nx.json hash is the same, not collecting global sync generators
[NX v22.3.1 Daemon Server] - 2026-03-19T05:20:15.904Z - Time taken for 'total execution time for createProjectGraph()' 32.05625000002328ms
[NX v22.3.1 Daemon Server] - 2026-03-19T05:20:15.911Z - [WATCHER]: icons-export/all-new-figma-icons-16px/excavator.svg was modified
[NX v22.3.1 Daemon Server] - 2026-03-19T05:20:15.911Z - [SYNC]: clearing sync generators cache due to file changes
[NX v22.3.1 Daemon Server] - 2026-03-19T05:20:15.911Z - [WATCHER]: Processing file changes in outputs
[NX v22.3.1 Daemon Server] - 2026-03-19T05:20:16.078Z - [WATCHER]: icons-export/all-new-figma-icons-16px/exchange.svg was modified
[NX v22.3.1 Daemon Server] - 2026-03-19T05:20:16.079Z - [SYNC]: clearing sync generators cache due to file changes
[NX v22.3.1 Daemon Server] - 2026-03-19T05:20:16.079Z - [WATCHER]: Processing file changes in outputs
[NX v22.3.1 Daemon Server] - 2026-03-19T05:20:16.233Z - [WATCHER]: icons-export/all-new-figma-icons-16px/exclude-row.svg was modified
[NX v22.3.1 Daemon Server] - 2026-03-19T05:20:16.234Z - [SYNC]: clearing sync generators cache due to file changes
[NX v22.3.1 Daemon Server] - 2026-03-19T05:20:16.234Z - [WATCHER]: Processing file changes in outputs
[NX v22.3.1 Daemon Server] - 2026-03-19T05:20:16.318Z - [REQUEST]: Updated workspace context based on watched changes, recomputing project graph...
[NX v22.3.1 Daemon Server] - 2026-03-19T05:20:16.318Z - [REQUEST]: icons-export/all-new-figma-icons-16px/excavator.svg,icons-export/all-new-figma-icons-16px/exchange.svg,icons-export/all-new-figma-icons-16px/exclude-row.svg
[NX v22.3.1 Daemon Server] - 2026-03-19T05:20:16.318Z - [REQUEST]: 
[NX v22.3.1 Daemon Server] - 2026-03-19T05:20:16.323Z - Time taken for 'hash changed files from watcher' 5.5647919999901205ms
Time for 'nx/core/project-json:createNodes' 0.0530000000144355
Time for 'nx/js/dependencies-and-lockfile:createNodes' 6.8778329999768175
Time for 'nx/core/package-json:createNodes' 10.307750000036322
[NX v22.3.1 Daemon Server] - 2026-03-19T05:20:16.357Z - Time taken for 'build-project-configs' 15.437084000033792ms
[NX v22.3.1 Daemon Server] - 2026-03-19T05:20:16.363Z - [WATCHER]: icons-export/all-new-figma-icons-16px/expand-all.svg was modified
[NX v22.3.1 Daemon Server] - 2026-03-19T05:20:16.363Z - [SYNC]: clearing sync generators cache due to file changes
[NX v22.3.1 Daemon Server] - 2026-03-19T05:20:16.363Z - [WATCHER]: Processing file changes in outputs
Time for 'build typescript dependencies' 0.0680419999989681
[NX v22.3.1 Daemon Server] - 2026-03-19T05:20:16.378Z - [SYNC]: collect registered sync generators
[NX v22.3.1 Daemon Server] - 2026-03-19T05:20:16.379Z - [SYNC]: project graph hash is the same, not collecting task sync generators
[NX v22.3.1 Daemon Server] - 2026-03-19T05:20:16.379Z - [SYNC]: nx.json hash is the same, not collecting global sync generators
[NX v22.3.1 Daemon Server] - 2026-03-19T05:20:16.379Z - Time taken for 'total execution time for createProjectGraph()' 30.18737499997951ms
[NX v22.3.1 Daemon Server] - 2026-03-19T05:20:16.492Z - [WATCHER]: icons-export/all-new-figma-icons-16px/explain.svg was modified
[NX v22.3.1 Daemon Server] - 2026-03-19T05:20:16.492Z - [SYNC]: clearing sync generators cache due to file changes
[NX v22.3.1 Daemon Server] - 2026-03-19T05:20:16.492Z - [WATCHER]: Processing file changes in outputs
[NX v22.3.1 Daemon Server] - 2026-03-19T05:20:16.616Z - [WATCHER]: icons-export/all-new-figma-icons-16px/export.svg was modified
[NX v22.3.1 Daemon Server] - 2026-03-19T05:20:16.617Z - [SYNC]: clearing sync generators cache due to file changes
[NX v22.3.1 Daemon Server] - 2026-03-19T05:20:16.617Z - [WATCHER]: Processing file changes in outputs
[NX v22.3.1 Daemon Server] - 2026-03-19T05:20:16.735Z - [WATCHER]: icons-export/all-new-figma-icons-16px/eye-off.svg was modified
[NX v22.3.1 Daemon Server] - 2026-03-19T05:20:16.735Z - [SYNC]: clearing sync generators cache due to file changes
[NX v22.3.1 Daemon Server] - 2026-03-19T05:20:16.746Z - [WATCHER]: Processing file changes in outputs
[NX v22.3.1 Daemon Server] - 2026-03-19T05:20:16.884Z - [WATCHER]: icons-export/all-new-figma-icons-16px/eye-on.svg was modified
[NX v22.3.1 Daemon Server] - 2026-03-19T05:20:16.887Z - [SYNC]: clearing sync generators cache due to file changes
[NX v22.3.1 Daemon Server] - 2026-03-19T05:20:16.887Z - [WATCHER]: Processing file changes in outputs
[NX v22.3.1 Daemon Server] - 2026-03-19T05:20:17.019Z - [WATCHER]: icons-export/all-new-figma-icons-16px/eye-open.svg was modified
[NX v22.3.1 Daemon Server] - 2026-03-19T05:20:17.019Z - [SYNC]: clearing sync generators cache due to file changes
[NX v22.3.1 Daemon Server] - 2026-03-19T05:20:17.019Z - [WATCHER]: Processing file changes in outputs
[NX v22.3.1 Daemon Server] - 2026-03-19T05:20:17.132Z - [WATCHER]: Processing file changes in outputs
[NX v22.3.1 Daemon Server] - 2026-03-19T05:20:17.133Z - [WATCHER]: icons-export/all-new-figma-icons-16px/fast-backward.svg was modified
[NX v22.3.1 Daemon Server] - 2026-03-19T05:20:17.133Z - [SYNC]: clearing sync generators cache due to file changes
[NX v22.3.1 Daemon Server] - 2026-03-19T05:20:17.168Z - [REQUEST]: Updated workspace context based on watched changes, recomputing project graph...
[NX v22.3.1 Daemon Server] - 2026-03-19T05:20:17.168Z - [REQUEST]: icons-export/all-new-figma-icons-16px/expand-all.svg,icons-export/all-new-figma-icons-16px/explain.svg,icons-export/all-new-figma-icons-16px/export.svg,icons-export/all-new-figma-icons-16px/eye-off.svg,icons-export/all-new-figma-icons-16px/eye-on.svg,icons-export/all-new-figma-icons-16px/eye-open.svg,icons-export/all-new-figma-icons-16px/fast-backward.svg
[NX v22.3.1 Daemon Server] - 2026-03-19T05:20:17.168Z - [REQUEST]: 
[NX v22.3.1 Daemon Server] - 2026-03-19T05:20:17.173Z - Time taken for 'hash changed files from watcher' 4.028959000017494ms
Time for 'nx/core/project-json:createNodes' 0.05475000001024455
Time for 'nx/js/dependencies-and-lockfile:createNodes' 6.879249999998137
Time for 'nx/core/package-json:createNodes' 8.513334000017494
[NX v22.3.1 Daemon Server] - 2026-03-19T05:20:17.206Z - Time taken for 'build-project-configs' 15.76445799996145ms
Time for 'build typescript dependencies' 0.014209000044502318
[NX v22.3.1 Daemon Server] - 2026-03-19T05:20:17.227Z - [SYNC]: collect registered sync generators
[NX v22.3.1 Daemon Server] - 2026-03-19T05:20:17.227Z - [SYNC]: project graph hash is the same, not collecting task sync generators
[NX v22.3.1 Daemon Server] - 2026-03-19T05:20:17.227Z - [SYNC]: nx.json hash is the same, not collecting global sync generators
[NX v22.3.1 Daemon Server] - 2026-03-19T05:20:17.228Z - Time taken for 'total execution time for createProjectGraph()' 28.49970799998846ms
[NX v22.3.1 Daemon Server] - 2026-03-19T05:20:17.248Z - [WATCHER]: icons-export/all-new-figma-icons-16px/fast-forward.svg was modified
[NX v22.3.1 Daemon Server] - 2026-03-19T05:20:17.248Z - [SYNC]: clearing sync generators cache due to file changes
[NX v22.3.1 Daemon Server] - 2026-03-19T05:20:17.248Z - [WATCHER]: Processing file changes in outputs
[NX v22.3.1 Daemon Server] - 2026-03-19T05:20:17.390Z - [WATCHER]: icons-export/all-new-figma-icons-16px/feed.svg was modified
[NX v22.3.1 Daemon Server] - 2026-03-19T05:20:17.390Z - [SYNC]: clearing sync generators cache due to file changes
[NX v22.3.1 Daemon Server] - 2026-03-19T05:20:17.390Z - [WATCHER]: Processing file changes in outputs
[NX v22.3.1 Daemon Server] - 2026-03-19T05:20:17.551Z - [WATCHER]: icons-export/all-new-figma-icons-16px/feed-subscribed.svg was modified
[NX v22.3.1 Daemon Server] - 2026-03-19T05:20:17.551Z - [SYNC]: clearing sync generators cache due to file changes
[NX v22.3.1 Daemon Server] - 2026-03-19T05:20:17.551Z - [WATCHER]: Processing file changes in outputs
[NX v22.3.1 Daemon Server] - 2026-03-19T05:20:17.693Z - [WATCHER]: icons-export/all-new-figma-icons-16px/fighter-jet.svg was modified
[NX v22.3.1 Daemon Server] - 2026-03-19T05:20:17.694Z - [SYNC]: clearing sync generators cache due to file changes
[NX v22.3.1 Daemon Server] - 2026-03-19T05:20:17.694Z - [WATCHER]: Processing file changes in outputs
[NX v22.3.1 Daemon Server] - 2026-03-19T05:20:17.864Z - [WATCHER]: icons-export/all-new-figma-icons-16px/film.svg was modified
[NX v22.3.1 Daemon Server] - 2026-03-19T05:20:17.864Z - [SYNC]: clearing sync generators cache due to file changes
[NX v22.3.1 Daemon Server] - 2026-03-19T05:20:17.864Z - [WATCHER]: Processing file changes in outputs
[NX v22.3.1 Daemon Server] - 2026-03-19T05:20:18.020Z - [WATCHER]: icons-export/all-new-figma-icons-16px/filter.svg was modified
[NX v22.3.1 Daemon Server] - 2026-03-19T05:20:18.020Z - [SYNC]: clearing sync generators cache due to file changes
[NX v22.3.1 Daemon Server] - 2026-03-19T05:20:18.020Z - [WATCHER]: Processing file changes in outputs
[NX v22.3.1 Daemon Server] - 2026-03-19T05:20:18.173Z - [WATCHER]: icons-export/all-new-figma-icons-16px/filter-keep.svg was modified
[NX v22.3.1 Daemon Server] - 2026-03-19T05:20:18.175Z - [SYNC]: clearing sync generators cache due to file changes
[NX v22.3.1 Daemon Server] - 2026-03-19T05:20:18.176Z - [WATCHER]: Processing file changes in outputs
[NX v22.3.1 Daemon Server] - 2026-03-19T05:20:18.328Z - [WATCHER]: icons-export/all-new-figma-icons-16px/filter-list.svg was modified
[NX v22.3.1 Daemon Server] - 2026-03-19T05:20:18.328Z - [SYNC]: clearing sync generators cache due to file changes
[NX v22.3.1 Daemon Server] - 2026-03-19T05:20:18.328Z - [WATCHER]: Processing file changes in outputs
[NX v22.3.1 Daemon Server] - 2026-03-19T05:20:18.465Z - [WATCHER]: Processing file changes in outputs
[NX v22.3.1 Daemon Server] - 2026-03-19T05:20:18.466Z - [WATCHER]: icons-export/all-new-figma-icons-16px/filter-open.svg was modified
[NX v22.3.1 Daemon Server] - 2026-03-19T05:20:18.466Z - [SYNC]: clearing sync generators cache due to file changes
[NX v22.3.1 Daemon Server] - 2026-03-19T05:20:18.609Z - [WATCHER]: icons-export/all-new-figma-icons-16px/filter-remove.svg was modified
[NX v22.3.1 Daemon Server] - 2026-03-19T05:20:18.609Z - [SYNC]: clearing sync generators cache due to file changes
[NX v22.3.1 Daemon Server] - 2026-03-19T05:20:18.609Z - [WATCHER]: Processing file changes in outputs
[NX v22.3.1 Daemon Server] - 2026-03-19T05:20:18.764Z - [WATCHER]: icons-export/all-new-figma-icons-16px/filter-sort-asc.svg was modified
[NX v22.3.1 Daemon Server] - 2026-03-19T05:20:18.764Z - [SYNC]: clearing sync generators cache due to file changes
[NX v22.3.1 Daemon Server] - 2026-03-19T05:20:18.764Z - [WATCHER]: Processing file changes in outputs
[NX v22.3.1 Daemon Server] - 2026-03-19T05:20:18.855Z - [REQUEST]: Updated workspace context based on watched changes, recomputing project graph...
[NX v22.3.1 Daemon Server] - 2026-03-19T05:20:18.856Z - [REQUEST]: icons-export/all-new-figma-icons-16px/fast-forward.svg,icons-export/all-new-figma-icons-16px/feed.svg,icons-export/all-new-figma-icons-16px/feed-subscribed.svg,icons-export/all-new-figma-icons-16px/fighter-jet.svg,icons-export/all-new-figma-icons-16px/film.svg,icons-export/all-new-figma-icons-16px/filter.svg,icons-export/all-new-figma-icons-16px/filter-keep.svg,icons-export/all-new-figma-icons-16px/filter-list.svg,icons-export/all-new-figma-icons-16px/filter-open.svg,icons-export/all-new-figma-icons-16px/filter-remove.svg,icons-export/all-new-figma-icons-16px/filter-sort-asc.svg
[NX v22.3.1 Daemon Server] - 2026-03-19T05:20:18.856Z - [REQUEST]: 
[NX v22.3.1 Daemon Server] - 2026-03-19T05:20:18.862Z - Time taken for 'hash changed files from watcher' 5.5331249999580905ms
Time for 'nx/core/project-json:createNodes' 0.07087499997578561
Time for 'nx/js/dependencies-and-lockfile:createNodes' 7.4638750000158325
Time for 'nx/core/package-json:createNodes' 10.270292000030167
[NX v22.3.1 Daemon Server] - 2026-03-19T05:20:18.897Z - Time taken for 'build-project-configs' 17.20187500002794ms
Time for 'build typescript dependencies' 0.013500000000931323
[NX v22.3.1 Daemon Server] - 2026-03-19T05:20:18.917Z - [SYNC]: collect registered sync generators
[NX v22.3.1 Daemon Server] - 2026-03-19T05:20:18.918Z - [SYNC]: project graph hash is the same, not collecting task sync generators
[NX v22.3.1 Daemon Server] - 2026-03-19T05:20:18.918Z - [SYNC]: nx.json hash is the same, not collecting global sync generators
[NX v22.3.1 Daemon Server] - 2026-03-19T05:20:18.918Z - Time taken for 'total execution time for createProjectGraph()' 28.105500000005122ms
[NX v22.3.1 Daemon Server] - 2026-03-19T05:20:18.934Z - [WATCHER]: icons-export/all-new-figma-icons-16px/filter-sort-desc.svg was modified
[NX v22.3.1 Daemon Server] - 2026-03-19T05:20:18.934Z - [SYNC]: clearing sync generators cache due to file changes
[NX v22.3.1 Daemon Server] - 2026-03-19T05:20:18.934Z - [WATCHER]: Processing file changes in outputs
[NX v22.3.1 Daemon Server] - 2026-03-19T05:20:19.052Z - [WATCHER]: icons-export/all-new-figma-icons-16px/flag.svg was modified
[NX v22.3.1 Daemon Server] - 2026-03-19T05:20:19.052Z - [SYNC]: clearing sync generators cache due to file changes
[NX v22.3.1 Daemon Server] - 2026-03-19T05:20:19.052Z - [WATCHER]: Processing file changes in outputs
[NX v22.3.1 Daemon Server] - 2026-03-19T05:20:19.202Z - [WATCHER]: icons-export/all-new-figma-icons-16px/flame.svg was modified
[NX v22.3.1 Daemon Server] - 2026-03-19T05:20:19.202Z - [SYNC]: clearing sync generators cache due to file changes
[NX v22.3.1 Daemon Server] - 2026-03-19T05:20:19.202Z - [WATCHER]: Processing file changes in outputs
[NX v22.3.1 Daemon Server] - 2026-03-19T05:20:19.318Z - [WATCHER]: icons-export/all-new-figma-icons-16px/flash.svg was modified
[NX v22.3.1 Daemon Server] - 2026-03-19T05:20:19.318Z - [SYNC]: clearing sync generators cache due to file changes
[NX v22.3.1 Daemon Server] - 2026-03-19T05:20:19.318Z - [WATCHER]: Processing file changes in outputs
[NX v22.3.1 Daemon Server] - 2026-03-19T05:20:19.446Z - [WATCHER]: icons-export/all-new-figma-icons-16px/floating-point.svg was modified
[NX v22.3.1 Daemon Server] - 2026-03-19T05:20:19.446Z - [SYNC]: clearing sync generators cache due to file changes
[NX v22.3.1 Daemon Server] - 2026-03-19T05:20:19.446Z - [WATCHER]: Processing file changes in outputs
[NX v22.3.1 Daemon Server] - 2026-03-19T05:20:19.598Z - [WATCHER]: icons-export/all-new-figma-icons-16px/floppy-disk.svg was modified
[NX v22.3.1 Daemon Server] - 2026-03-19T05:20:19.599Z - [SYNC]: clearing sync generators cache due to file changes
[NX v22.3.1 Daemon Server] - 2026-03-19T05:20:19.599Z - [WATCHER]: Processing file changes in outputs
[NX v22.3.1 Daemon Server] - 2026-03-19T05:20:19.734Z - [WATCHER]: icons-export/all-new-figma-icons-16px/flow-branch.svg was modified
[NX v22.3.1 Daemon Server] - 2026-03-19T05:20:19.735Z - [SYNC]: clearing sync generators cache due to file changes
[NX v22.3.1 Daemon Server] - 2026-03-19T05:20:19.735Z - [WATCHER]: Processing file changes in outputs
[NX v22.3.1 Daemon Server] - 2026-03-19T05:20:19.846Z - [WATCHER]: icons-export/all-new-figma-icons-16px/flow-end.svg was modified
[NX v22.3.1 Daemon Server] - 2026-03-19T05:20:19.846Z - [SYNC]: clearing sync generators cache due to file changes
[NX v22.3.1 Daemon Server] - 2026-03-19T05:20:19.846Z - [WATCHER]: Processing file changes in outputs
[NX v22.3.1 Daemon Server] - 2026-03-19T05:20:19.974Z - [WATCHER]: icons-export/all-new-figma-icons-16px/flow-linear.svg was modified
[NX v22.3.1 Daemon Server] - 2026-03-19T05:20:19.974Z - [SYNC]: clearing sync generators cache due to file changes
[NX v22.3.1 Daemon Server] - 2026-03-19T05:20:19.974Z - [WATCHER]: Processing file changes in outputs
[NX v22.3.1 Daemon Server] - 2026-03-19T05:20:20.105Z - [WATCHER]: icons-export/all-new-figma-icons-16px/flow-review.svg was modified
[NX v22.3.1 Daemon Server] - 2026-03-19T05:20:20.105Z - [SYNC]: clearing sync generators cache due to file changes
[NX v22.3.1 Daemon Server] - 2026-03-19T05:20:20.106Z - [WATCHER]: Processing file changes in outputs
[NX v22.3.1 Daemon Server] - 2026-03-19T05:20:20.226Z - [WATCHER]: icons-export/all-new-figma-icons-16px/flow-review-branch.svg was modified
[NX v22.3.1 Daemon Server] - 2026-03-19T05:20:20.226Z - [SYNC]: clearing sync generators cache due to file changes
[NX v22.3.1 Daemon Server] - 2026-03-19T05:20:20.226Z - [WATCHER]: Processing file changes in outputs
[NX v22.3.1 Daemon Server] - 2026-03-19T05:20:20.358Z - [WATCHER]: icons-export/all-new-figma-icons-16px/flows.svg was modified
[NX v22.3.1 Daemon Server] - 2026-03-19T05:20:20.358Z - [SYNC]: clearing sync generators cache due to file changes
[NX v22.3.1 Daemon Server] - 2026-03-19T05:20:20.358Z - [WATCHER]: Processing file changes in outputs
[NX v22.3.1 Daemon Server] - 2026-03-19T05:20:20.475Z - [WATCHER]: icons-export/all-new-figma-icons-16px/folder-close.svg was modified
[NX v22.3.1 Daemon Server] - 2026-03-19T05:20:20.477Z - [SYNC]: clearing sync generators cache due to file changes
[NX v22.3.1 Daemon Server] - 2026-03-19T05:20:20.478Z - [WATCHER]: Processing file changes in outputs
[NX v22.3.1 Daemon Server] - 2026-03-19T05:20:20.602Z - [WATCHER]: Processing file changes in outputs
[NX v22.3.1 Daemon Server] - 2026-03-19T05:20:20.602Z - [WATCHER]: icons-export/all-new-figma-icons-16px/folder-new.svg was modified
[NX v22.3.1 Daemon Server] - 2026-03-19T05:20:20.603Z - [SYNC]: clearing sync generators cache due to file changes
[NX v22.3.1 Daemon Server] - 2026-03-19T05:20:20.726Z - [WATCHER]: icons-export/all-new-figma-icons-16px/folder-open.svg was modified
[NX v22.3.1 Daemon Server] - 2026-03-19T05:20:20.726Z - [SYNC]: clearing sync generators cache due to file changes
[NX v22.3.1 Daemon Server] - 2026-03-19T05:20:20.727Z - [WATCHER]: Processing file changes in outputs
[NX v22.3.1 Daemon Server] - 2026-03-19T05:20:20.884Z - [WATCHER]: icons-export/all-new-figma-icons-16px/folder-shared.svg was modified
[NX v22.3.1 Daemon Server] - 2026-03-19T05:20:20.884Z - [SYNC]: clearing sync generators cache due to file changes
[NX v22.3.1 Daemon Server] - 2026-03-19T05:20:20.885Z - [WATCHER]: Processing file changes in outputs
[NX v22.3.1 Daemon Server] - 2026-03-19T05:20:21.029Z - [WATCHER]: icons-export/all-new-figma-icons-16px/folder-shared-open.svg was modified
[NX v22.3.1 Daemon Server] - 2026-03-19T05:20:21.030Z - [SYNC]: clearing sync generators cache due to file changes
[NX v22.3.1 Daemon Server] - 2026-03-19T05:20:21.030Z - [WATCHER]: Processing file changes in outputs
[NX v22.3.1 Daemon Server] - 2026-03-19T05:20:21.155Z - [WATCHER]: icons-export/all-new-figma-icons-16px/follower.svg was modified
[NX v22.3.1 Daemon Server] - 2026-03-19T05:20:21.155Z - [SYNC]: clearing sync generators cache due to file changes
[NX v22.3.1 Daemon Server] - 2026-03-19T05:20:21.155Z - [WATCHER]: Processing file changes in outputs
[NX v22.3.1 Daemon Server] - 2026-03-19T05:20:21.305Z - [WATCHER]: icons-export/all-new-figma-icons-16px/following.svg was modified
[NX v22.3.1 Daemon Server] - 2026-03-19T05:20:21.306Z - [SYNC]: clearing sync generators cache due to file changes
[NX v22.3.1 Daemon Server] - 2026-03-19T05:20:21.306Z - [WATCHER]: Processing file changes in outputs
[NX v22.3.1 Daemon Server] - 2026-03-19T05:20:21.477Z - [WATCHER]: icons-export/all-new-figma-icons-16px/font.svg was modified
[NX v22.3.1 Daemon Server] - 2026-03-19T05:20:21.477Z - [SYNC]: clearing sync generators cache due to file changes
[NX v22.3.1 Daemon Server] - 2026-03-19T05:20:21.477Z - [WATCHER]: Processing file changes in outputs
[NX v22.3.1 Daemon Server] - 2026-03-19T05:20:21.621Z - [WATCHER]: icons-export/all-new-figma-icons-16px/fork.svg was modified
[NX v22.3.1 Daemon Server] - 2026-03-19T05:20:21.621Z - [SYNC]: clearing sync generators cache due to file changes
[NX v22.3.1 Daemon Server] - 2026-03-19T05:20:21.621Z - [WATCHER]: Processing file changes in outputs
[NX v22.3.1 Daemon Server] - 2026-03-19T05:20:21.760Z - [WATCHER]: icons-export/all-new-figma-icons-16px/fork-end.svg was modified
[NX v22.3.1 Daemon Server] - 2026-03-19T05:20:21.760Z - [SYNC]: clearing sync generators cache due to file changes
[NX v22.3.1 Daemon Server] - 2026-03-19T05:20:21.760Z - [WATCHER]: Processing file changes in outputs
[NX v22.3.1 Daemon Server] - 2026-03-19T05:20:21.945Z - [WATCHER]: icons-export/all-new-figma-icons-16px/form.svg was modified
[NX v22.3.1 Daemon Server] - 2026-03-19T05:20:21.946Z - [SYNC]: clearing sync generators cache due to file changes
[NX v22.3.1 Daemon Server] - 2026-03-19T05:20:21.946Z - [WATCHER]: Processing file changes in outputs
[NX v22.3.1 Daemon Server] - 2026-03-19T05:20:22.100Z - [WATCHER]: icons-export/all-new-figma-icons-16px/forward-ten.svg was modified
[NX v22.3.1 Daemon Server] - 2026-03-19T05:20:22.104Z - [SYNC]: clearing sync generators cache due to file changes
[NX v22.3.1 Daemon Server] - 2026-03-19T05:20:22.106Z - [WATCHER]: Processing file changes in outputs
[NX v22.3.1 Daemon Server] - 2026-03-19T05:20:22.138Z - [REQUEST]: Updated workspace context based on watched changes, recomputing project graph...
[NX v22.3.1 Daemon Server] - 2026-03-19T05:20:22.138Z - [REQUEST]: icons-export/all-new-figma-icons-16px/filter-sort-desc.svg,icons-export/all-new-figma-icons-16px/flag.svg,icons-export/all-new-figma-icons-16px/flame.svg,icons-export/all-new-figma-icons-16px/flash.svg,icons-export/all-new-figma-icons-16px/floating-point.svg,icons-export/all-new-figma-icons-16px/floppy-disk.svg,icons-export/all-new-figma-icons-16px/flow-branch.svg,icons-export/all-new-figma-icons-16px/flow-end.svg,icons-export/all-new-figma-icons-16px/flow-linear.svg,icons-export/all-new-figma-icons-16px/flow-review.svg,icons-export/all-new-figma-icons-16px/flow-review-branch.svg,icons-export/all-new-figma-icons-16px/flows.svg,icons-export/all-new-figma-icons-16px/folder-close.svg,icons-export/all-new-figma-icons-16px/folder-new.svg,icons-export/all-new-figma-icons-16px/folder-open.svg,icons-export/all-new-figma-icons-16px/folder-shared.svg,icons-export/all-new-figma-icons-16px/folder-shared-open.svg,icons-export/all-new-figma-icons-16px/follower.svg,icons-export/all-new-figma-icons-16px/following.svg,icons-export/all-new-figma-icons-16px/font.svg,icons-export/all-new-figma-icons-16px/fork.svg,icons-export/all-new-figma-icons-16px/fork-end.svg,icons-export/all-new-figma-icons-16px/form.svg,icons-export/all-new-figma-icons-16px/forward-ten.svg
[NX v22.3.1 Daemon Server] - 2026-03-19T05:20:22.138Z - [REQUEST]: 
[NX v22.3.1 Daemon Server] - 2026-03-19T05:20:22.141Z - Time taken for 'hash changed files from watcher' 3.3826669999980368ms
Time for 'nx/core/project-json:createNodes' 0.08045800001127645
Time for 'nx/js/dependencies-and-lockfile:createNodes' 5.361667000048328
Time for 'nx/core/package-json:createNodes' 6.307584000052884
[NX v22.3.1 Daemon Server] - 2026-03-19T05:20:22.175Z - Time taken for 'build-project-configs' 16.834832999971695ms
Time for 'build typescript dependencies' 0.01808299997355789
[NX v22.3.1 Daemon Server] - 2026-03-19T05:20:22.192Z - [SYNC]: collect registered sync generators
[NX v22.3.1 Daemon Server] - 2026-03-19T05:20:22.192Z - [SYNC]: project graph hash is the same, not collecting task sync generators
[NX v22.3.1 Daemon Server] - 2026-03-19T05:20:22.192Z - [SYNC]: nx.json hash is the same, not collecting global sync generators
[NX v22.3.1 Daemon Server] - 2026-03-19T05:20:22.194Z - Time taken for 'total execution time for createProjectGraph()' 23.82491600001231ms
[NX v22.3.1 Daemon Server] - 2026-03-19T05:20:22.286Z - [WATCHER]: icons-export/all-new-figma-icons-16px/fuel.svg was modified
[NX v22.3.1 Daemon Server] - 2026-03-19T05:20:22.286Z - [SYNC]: clearing sync generators cache due to file changes
[NX v22.3.1 Daemon Server] - 2026-03-19T05:20:22.286Z - [WATCHER]: Processing file changes in outputs
[NX v22.3.1 Daemon Server] - 2026-03-19T05:20:22.417Z - [WATCHER]: icons-export/all-new-figma-icons-16px/full-circle.svg was modified
[NX v22.3.1 Daemon Server] - 2026-03-19T05:20:22.418Z - [SYNC]: clearing sync generators cache due to file changes
[NX v22.3.1 Daemon Server] - 2026-03-19T05:20:22.418Z - [WATCHER]: Processing file changes in outputs
[NX v22.3.1 Daemon Server] - 2026-03-19T05:20:22.563Z - [WATCHER]: icons-export/all-new-figma-icons-16px/full-stacked-chart.svg was modified
[NX v22.3.1 Daemon Server] - 2026-03-19T05:20:22.563Z - [SYNC]: clearing sync generators cache due to file changes
[NX v22.3.1 Daemon Server] - 2026-03-19T05:20:22.563Z - [WATCHER]: Processing file changes in outputs
[NX v22.3.1 Daemon Server] - 2026-03-19T05:20:22.710Z - [WATCHER]: icons-export/all-new-figma-icons-16px/fullscreen.svg was modified
[NX v22.3.1 Daemon Server] - 2026-03-19T05:20:22.710Z - [SYNC]: clearing sync generators cache due to file changes
[NX v22.3.1 Daemon Server] - 2026-03-19T05:20:22.710Z - [WATCHER]: Processing file changes in outputs
[NX v22.3.1 Daemon Server] - 2026-03-19T05:20:22.841Z - [WATCHER]: icons-export/all-new-figma-icons-16px/function.svg was modified
[NX v22.3.1 Daemon Server] - 2026-03-19T05:20:22.841Z - [SYNC]: clearing sync generators cache due to file changes
[NX v22.3.1 Daemon Server] - 2026-03-19T05:20:22.841Z - [WATCHER]: Processing file changes in outputs
[NX v22.3.1 Daemon Server] - 2026-03-19T05:20:22.955Z - [WATCHER]: icons-export/all-new-figma-icons-16px/function-minimal.svg was modified
[NX v22.3.1 Daemon Server] - 2026-03-19T05:20:22.956Z - [SYNC]: clearing sync generators cache due to file changes
[NX v22.3.1 Daemon Server] - 2026-03-19T05:20:22.956Z - [WATCHER]: Processing file changes in outputs
[NX v22.3.1 Daemon Server] - 2026-03-19T05:20:23.085Z - [WATCHER]: icons-export/all-new-figma-icons-16px/gantt-chart.svg was modified
[NX v22.3.1 Daemon Server] - 2026-03-19T05:20:23.085Z - [SYNC]: clearing sync generators cache due to file changes
[NX v22.3.1 Daemon Server] - 2026-03-19T05:20:23.085Z - [WATCHER]: Processing file changes in outputs
[NX v22.3.1 Daemon Server] - 2026-03-19T05:20:23.208Z - [WATCHER]: icons-export/all-new-figma-icons-16px/generate.svg was modified
[NX v22.3.1 Daemon Server] - 2026-03-19T05:20:23.209Z - [SYNC]: clearing sync generators cache due to file changes
[NX v22.3.1 Daemon Server] - 2026-03-19T05:20:23.209Z - [WATCHER]: Processing file changes in outputs
[NX v22.3.1 Daemon Server] - 2026-03-19T05:20:23.339Z - [WATCHER]: icons-export/all-new-figma-icons-16px/geofence.svg was modified
[NX v22.3.1 Daemon Server] - 2026-03-19T05:20:23.339Z - [SYNC]: clearing sync generators cache due to file changes
[NX v22.3.1 Daemon Server] - 2026-03-19T05:20:23.339Z - [WATCHER]: Processing file changes in outputs
[NX v22.3.1 Daemon Server] - 2026-03-19T05:20:23.483Z - [WATCHER]: icons-export/all-new-figma-icons-16px/geolocation.svg was modified
[NX v22.3.1 Daemon Server] - 2026-03-19T05:20:23.484Z - [SYNC]: clearing sync generators cache due to file changes
[NX v22.3.1 Daemon Server] - 2026-03-19T05:20:23.484Z - [WATCHER]: Processing file changes in outputs
[NX v22.3.1 Daemon Server] - 2026-03-19T05:20:23.675Z - [WATCHER]: Processing file changes in outputs
[NX v22.3.1 Daemon Server] - 2026-03-19T05:20:23.676Z - [WATCHER]: icons-export/all-new-figma-icons-16px/geosearch.svg was modified
[NX v22.3.1 Daemon Server] - 2026-03-19T05:20:23.677Z - [SYNC]: clearing sync generators cache due to file changes
[NX v22.3.1 Daemon Server] - 2026-03-19T05:20:23.834Z - [WATCHER]: icons-export/all-new-figma-icons-16px/geotime.svg was modified
[NX v22.3.1 Daemon Server] - 2026-03-19T05:20:23.835Z - [SYNC]: clearing sync generators cache due to file changes
[NX v22.3.1 Daemon Server] - 2026-03-19T05:20:23.835Z - [WATCHER]: Processing file changes in outputs
[NX v22.3.1 Daemon Server] - 2026-03-19T05:20:23.954Z - [WATCHER]: icons-export/all-new-figma-icons-16px/gift-box.svg was modified
[NX v22.3.1 Daemon Server] - 2026-03-19T05:20:23.954Z - [SYNC]: clearing sync generators cache due to file changes
[NX v22.3.1 Daemon Server] - 2026-03-19T05:20:23.954Z - [WATCHER]: Processing file changes in outputs
[NX v22.3.1 Daemon Server] - 2026-03-19T05:20:24.099Z - [WATCHER]: icons-export/all-new-figma-icons-16px/git-branch.svg was modified
[NX v22.3.1 Daemon Server] - 2026-03-19T05:20:24.099Z - [SYNC]: clearing sync generators cache due to file changes
[NX v22.3.1 Daemon Server] - 2026-03-19T05:20:24.099Z - [WATCHER]: Processing file changes in outputs
[NX v22.3.1 Daemon Server] - 2026-03-19T05:20:24.223Z - [WATCHER]: icons-export/all-new-figma-icons-16px/git-commit.svg was modified
[NX v22.3.1 Daemon Server] - 2026-03-19T05:20:24.223Z - [SYNC]: clearing sync generators cache due to file changes
[NX v22.3.1 Daemon Server] - 2026-03-19T05:20:24.223Z - [WATCHER]: Processing file changes in outputs
[NX v22.3.1 Daemon Server] - 2026-03-19T05:20:24.352Z - [WATCHER]: icons-export/all-new-figma-icons-16px/git-merge.svg was modified
[NX v22.3.1 Daemon Server] - 2026-03-19T05:20:24.352Z - [SYNC]: clearing sync generators cache due to file changes
[NX v22.3.1 Daemon Server] - 2026-03-19T05:20:24.352Z - [WATCHER]: Processing file changes in outputs
[NX v22.3.1 Daemon Server] - 2026-03-19T05:20:24.466Z - [WATCHER]: icons-export/all-new-figma-icons-16px/git-new-branch.svg was modified
[NX v22.3.1 Daemon Server] - 2026-03-19T05:20:24.466Z - [SYNC]: clearing sync generators cache due to file changes
[NX v22.3.1 Daemon Server] - 2026-03-19T05:20:24.466Z - [WATCHER]: Processing file changes in outputs
[NX v22.3.1 Daemon Server] - 2026-03-19T05:20:24.600Z - [WATCHER]: icons-export/all-new-figma-icons-16px/git-pull.svg was modified
[NX v22.3.1 Daemon Server] - 2026-03-19T05:20:24.600Z - [SYNC]: clearing sync generators cache due to file changes
[NX v22.3.1 Daemon Server] - 2026-03-19T05:20:24.600Z - [WATCHER]: Processing file changes in outputs
[NX v22.3.1 Daemon Server] - 2026-03-19T05:20:24.727Z - [WATCHER]: icons-export/all-new-figma-icons-16px/git-push.svg was modified
[NX v22.3.1 Daemon Server] - 2026-03-19T05:20:24.727Z - [SYNC]: clearing sync generators cache due to file changes
[NX v22.3.1 Daemon Server] - 2026-03-19T05:20:24.727Z - [WATCHER]: Processing file changes in outputs
[NX v22.3.1 Daemon Server] - 2026-03-19T05:20:24.906Z - [WATCHER]: icons-export/all-new-figma-icons-16px/git-rebase.svg was modified
[NX v22.3.1 Daemon Server] - 2026-03-19T05:20:24.906Z - [SYNC]: clearing sync generators cache due to file changes
[NX v22.3.1 Daemon Server] - 2026-03-19T05:20:24.906Z - [WATCHER]: Processing file changes in outputs
[NX v22.3.1 Daemon Server] - 2026-03-19T05:20:25.035Z - [WATCHER]: icons-export/all-new-figma-icons-16px/git-repo.svg was modified
[NX v22.3.1 Daemon Server] - 2026-03-19T05:20:25.035Z - [SYNC]: clearing sync generators cache due to file changes
[NX v22.3.1 Daemon Server] - 2026-03-19T05:20:25.035Z - [WATCHER]: Processing file changes in outputs
[NX v22.3.1 Daemon Server] - 2026-03-19T05:20:25.149Z - [WATCHER]: icons-export/all-new-figma-icons-16px/glass.svg was modified
[NX v22.3.1 Daemon Server] - 2026-03-19T05:20:25.149Z - [SYNC]: clearing sync generators cache due to file changes
[NX v22.3.1 Daemon Server] - 2026-03-19T05:20:25.149Z - [WATCHER]: Processing file changes in outputs
[NX v22.3.1 Daemon Server] - 2026-03-19T05:20:25.283Z - [WATCHER]: icons-export/all-new-figma-icons-16px/globe.svg was modified
[NX v22.3.1 Daemon Server] - 2026-03-19T05:20:25.283Z - [SYNC]: clearing sync generators cache due to file changes
[NX v22.3.1 Daemon Server] - 2026-03-19T05:20:25.283Z - [WATCHER]: Processing file changes in outputs
[NX v22.3.1 Daemon Server] - 2026-03-19T05:20:25.400Z - [WATCHER]: icons-export/all-new-figma-icons-16px/globe-network.svg was modified
[NX v22.3.1 Daemon Server] - 2026-03-19T05:20:25.400Z - [SYNC]: clearing sync generators cache due to file changes
[NX v22.3.1 Daemon Server] - 2026-03-19T05:20:25.400Z - [WATCHER]: Processing file changes in outputs
[NX v22.3.1 Daemon Server] - 2026-03-19T05:20:25.518Z - [WATCHER]: icons-export/all-new-figma-icons-16px/globe-network-add.svg was modified
[NX v22.3.1 Daemon Server] - 2026-03-19T05:20:25.518Z - [SYNC]: clearing sync generators cache due to file changes
[NX v22.3.1 Daemon Server] - 2026-03-19T05:20:25.518Z - [WATCHER]: Processing file changes in outputs
[NX v22.3.1 Daemon Server] - 2026-03-19T05:20:25.639Z - [WATCHER]: icons-export/all-new-figma-icons-16px/graph.svg was modified
[NX v22.3.1 Daemon Server] - 2026-03-19T05:20:25.640Z - [SYNC]: clearing sync generators cache due to file changes
[NX v22.3.1 Daemon Server] - 2026-03-19T05:20:25.640Z - [WATCHER]: Processing file changes in outputs
[NX v22.3.1 Daemon Server] - 2026-03-19T05:20:25.782Z - [WATCHER]: icons-export/all-new-figma-icons-16px/graph-remove.svg was modified
[NX v22.3.1 Daemon Server] - 2026-03-19T05:20:25.782Z - [SYNC]: clearing sync generators cache due to file changes
[NX v22.3.1 Daemon Server] - 2026-03-19T05:20:25.782Z - [WATCHER]: Processing file changes in outputs
[NX v22.3.1 Daemon Server] - 2026-03-19T05:20:25.929Z - [WATCHER]: icons-export/all-new-figma-icons-16px/greater-than.svg was modified
[NX v22.3.1 Daemon Server] - 2026-03-19T05:20:25.929Z - [SYNC]: clearing sync generators cache due to file changes
[NX v22.3.1 Daemon Server] - 2026-03-19T05:20:25.929Z - [WATCHER]: Processing file changes in outputs
[NX v22.3.1 Daemon Server] - 2026-03-19T05:20:26.052Z - [WATCHER]: icons-export/all-new-figma-icons-16px/greater-than-or-equal-to.svg was modified
[NX v22.3.1 Daemon Server] - 2026-03-19T05:20:26.053Z - [SYNC]: clearing sync generators cache due to file changes
[NX v22.3.1 Daemon Server] - 2026-03-19T05:20:26.053Z - [WATCHER]: Processing file changes in outputs
[NX v22.3.1 Daemon Server] - 2026-03-19T05:20:26.215Z - [WATCHER]: icons-export/all-new-figma-icons-16px/grid.svg was modified
[NX v22.3.1 Daemon Server] - 2026-03-19T05:20:26.215Z - [SYNC]: clearing sync generators cache due to file changes
[NX v22.3.1 Daemon Server] - 2026-03-19T05:20:26.215Z - [WATCHER]: Processing file changes in outputs
[NX v22.3.1 Daemon Server] - 2026-03-19T05:20:26.353Z - [WATCHER]: icons-export/all-new-figma-icons-16px/grid-view.svg was modified
[NX v22.3.1 Daemon Server] - 2026-03-19T05:20:26.353Z - [SYNC]: clearing sync generators cache due to file changes
[NX v22.3.1 Daemon Server] - 2026-03-19T05:20:26.354Z - [WATCHER]: Processing file changes in outputs
[NX v22.3.1 Daemon Server] - 2026-03-19T05:20:26.497Z - [WATCHER]: icons-export/all-new-figma-icons-16px/group-item.svg was modified
[NX v22.3.1 Daemon Server] - 2026-03-19T05:20:26.497Z - [SYNC]: clearing sync generators cache due to file changes
[NX v22.3.1 Daemon Server] - 2026-03-19T05:20:26.497Z - [WATCHER]: Processing file changes in outputs
[NX v22.3.1 Daemon Server] - 2026-03-19T05:20:26.673Z - [WATCHER]: icons-export/all-new-figma-icons-16px/group-objects.svg was modified
[NX v22.3.1 Daemon Server] - 2026-03-19T05:20:26.674Z - [SYNC]: clearing sync generators cache due to file changes
[NX v22.3.1 Daemon Server] - 2026-03-19T05:20:26.678Z - [WATCHER]: Processing file changes in outputs
[NX v22.3.1 Daemon Server] - 2026-03-19T05:20:26.819Z - [WATCHER]: icons-export/all-new-figma-icons-16px/grouped-bar-chart.svg was modified
[NX v22.3.1 Daemon Server] - 2026-03-19T05:20:26.819Z - [SYNC]: clearing sync generators cache due to file changes
[NX v22.3.1 Daemon Server] - 2026-03-19T05:20:26.819Z - [WATCHER]: Processing file changes in outputs
[NX v22.3.1 Daemon Server] - 2026-03-19T05:20:26.929Z - [WATCHER]: icons-export/all-new-figma-icons-16px/hand.svg was modified
[NX v22.3.1 Daemon Server] - 2026-03-19T05:20:26.929Z - [SYNC]: clearing sync generators cache due to file changes
[NX v22.3.1 Daemon Server] - 2026-03-19T05:20:26.929Z - [WATCHER]: Processing file changes in outputs
[NX v22.3.1 Daemon Server] - 2026-03-19T05:20:27.046Z - [WATCHER]: icons-export/all-new-figma-icons-16px/hand-down.svg was modified
[NX v22.3.1 Daemon Server] - 2026-03-19T05:20:27.046Z - [SYNC]: clearing sync generators cache due to file changes
[NX v22.3.1 Daemon Server] - 2026-03-19T05:20:27.046Z - [WATCHER]: Processing file changes in outputs
[NX v22.3.1 Daemon Server] - 2026-03-19T05:20:27.176Z - [WATCHER]: icons-export/all-new-figma-icons-16px/hand-left.svg was modified
[NX v22.3.1 Daemon Server] - 2026-03-19T05:20:27.176Z - [SYNC]: clearing sync generators cache due to file changes
[NX v22.3.1 Daemon Server] - 2026-03-19T05:20:27.176Z - [WATCHER]: Processing file changes in outputs
[NX v22.3.1 Daemon Server] - 2026-03-19T05:20:27.309Z - [WATCHER]: icons-export/all-new-figma-icons-16px/hand-right.svg was modified
[NX v22.3.1 Daemon Server] - 2026-03-19T05:20:27.309Z - [SYNC]: clearing sync generators cache due to file changes
[NX v22.3.1 Daemon Server] - 2026-03-19T05:20:27.309Z - [WATCHER]: Processing file changes in outputs
[NX v22.3.1 Daemon Server] - 2026-03-19T05:20:27.421Z - [WATCHER]: icons-export/all-new-figma-icons-16px/hand-up.svg was modified
[NX v22.3.1 Daemon Server] - 2026-03-19T05:20:27.421Z - [SYNC]: clearing sync generators cache due to file changes
[NX v22.3.1 Daemon Server] - 2026-03-19T05:20:27.421Z - [WATCHER]: Processing file changes in outputs
[NX v22.3.1 Daemon Server] - 2026-03-19T05:20:27.589Z - [WATCHER]: icons-export/all-new-figma-icons-16px/hat.svg was modified
[NX v22.3.1 Daemon Server] - 2026-03-19T05:20:27.589Z - [SYNC]: clearing sync generators cache due to file changes
[NX v22.3.1 Daemon Server] - 2026-03-19T05:20:27.589Z - [WATCHER]: Processing file changes in outputs
[NX v22.3.1 Daemon Server] - 2026-03-19T05:20:27.722Z - [WATCHER]: icons-export/all-new-figma-icons-16px/header.svg was modified
[NX v22.3.1 Daemon Server] - 2026-03-19T05:20:27.722Z - [SYNC]: clearing sync generators cache due to file changes
[NX v22.3.1 Daemon Server] - 2026-03-19T05:20:27.723Z - [WATCHER]: Processing file changes in outputs
[NX v22.3.1 Daemon Server] - 2026-03-19T05:20:27.903Z - [WATCHER]: icons-export/all-new-figma-icons-16px/header-one.svg was modified
[NX v22.3.1 Daemon Server] - 2026-03-19T05:20:27.903Z - [SYNC]: clearing sync generators cache due to file changes
[NX v22.3.1 Daemon Server] - 2026-03-19T05:20:27.903Z - [WATCHER]: Processing file changes in outputs
[NX v22.3.1 Daemon Server] - 2026-03-19T05:20:28.037Z - [WATCHER]: icons-export/all-new-figma-icons-16px/header-three.svg was modified
[NX v22.3.1 Daemon Server] - 2026-03-19T05:20:28.037Z - [SYNC]: clearing sync generators cache due to file changes
[NX v22.3.1 Daemon Server] - 2026-03-19T05:20:28.037Z - [WATCHER]: Processing file changes in outputs
[NX v22.3.1 Daemon Server] - 2026-03-19T05:20:28.181Z - [WATCHER]: icons-export/all-new-figma-icons-16px/header-two.svg was modified
[NX v22.3.1 Daemon Server] - 2026-03-19T05:20:28.182Z - [SYNC]: clearing sync generators cache due to file changes
[NX v22.3.1 Daemon Server] - 2026-03-19T05:20:28.183Z - [WATCHER]: Processing file changes in outputs
[NX v22.3.1 Daemon Server] - 2026-03-19T05:20:28.356Z - [WATCHER]: icons-export/all-new-figma-icons-16px/headset.svg was modified
[NX v22.3.1 Daemon Server] - 2026-03-19T05:20:28.356Z - [SYNC]: clearing sync generators cache due to file changes
[NX v22.3.1 Daemon Server] - 2026-03-19T05:20:28.356Z - [WATCHER]: Processing file changes in outputs
[NX v22.3.1 Daemon Server] - 2026-03-19T05:20:28.539Z - [WATCHER]: icons-export/all-new-figma-icons-16px/heart.svg was modified
[NX v22.3.1 Daemon Server] - 2026-03-19T05:20:28.539Z - [SYNC]: clearing sync generators cache due to file changes
[NX v22.3.1 Daemon Server] - 2026-03-19T05:20:28.539Z - [WATCHER]: Processing file changes in outputs
[NX v22.3.1 Daemon Server] - 2026-03-19T05:20:28.678Z - [WATCHER]: icons-export/all-new-figma-icons-16px/heart-broken.svg was modified
[NX v22.3.1 Daemon Server] - 2026-03-19T05:20:28.678Z - [SYNC]: clearing sync generators cache due to file changes
[NX v22.3.1 Daemon Server] - 2026-03-19T05:20:28.678Z - [WATCHER]: Processing file changes in outputs
[NX v22.3.1 Daemon Server] - 2026-03-19T05:20:28.693Z - [REQUEST]: Updated workspace context based on watched changes, recomputing project graph...
[NX v22.3.1 Daemon Server] - 2026-03-19T05:20:28.693Z - [REQUEST]: icons-export/all-new-figma-icons-16px/fuel.svg,icons-export/all-new-figma-icons-16px/full-circle.svg,icons-export/all-new-figma-icons-16px/full-stacked-chart.svg,icons-export/all-new-figma-icons-16px/fullscreen.svg,icons-export/all-new-figma-icons-16px/function.svg,icons-export/all-new-figma-icons-16px/function-minimal.svg,icons-export/all-new-figma-icons-16px/gantt-chart.svg,icons-export/all-new-figma-icons-16px/generate.svg,icons-export/all-new-figma-icons-16px/geofence.svg,icons-export/all-new-figma-icons-16px/geolocation.svg,icons-export/all-new-figma-icons-16px/geosearch.svg,icons-export/all-new-figma-icons-16px/geotime.svg,icons-export/all-new-figma-icons-16px/gift-box.svg,icons-export/all-new-figma-icons-16px/git-branch.svg,icons-export/all-new-figma-icons-16px/git-commit.svg,icons-export/all-new-figma-icons-16px/git-merge.svg,icons-export/all-new-figma-icons-16px/git-new-branch.svg,icons-export/all-new-figma-icons-16px/git-pull.svg,icons-export/all-new-figma-icons-16px/git-push.svg,icons-export/all-new-figma-icons-16px/git-rebase.svg,icons-export/all-new-figma-icons-16px/git-repo.svg,icons-export/all-new-figma-icons-16px/glass.svg,icons-export/all-new-figma-icons-16px/globe.svg,icons-export/all-new-figma-icons-16px/globe-network.svg,icons-export/all-new-figma-icons-16px/globe-network-add.svg,icons-export/all-new-figma-icons-16px/graph.svg,icons-export/all-new-figma-icons-16px/graph-remove.svg,icons-export/all-new-figma-icons-16px/greater-than.svg,icons-export/all-new-figma-icons-16px/greater-than-or-equal-to.svg,icons-export/all-new-figma-icons-16px/grid.svg,icons-export/all-new-figma-icons-16px/grid-view.svg,icons-export/all-new-figma-icons-16px/group-item.svg,icons-export/all-new-figma-icons-16px/group-objects.svg,icons-export/all-new-figma-icons-16px/grouped-bar-chart.svg,icons-export/all-new-figma-icons-16px/hand.svg,icons-export/all-new-figma-icons-16px/hand-down.svg,icons-export/all-new-figma-icons-16px/hand-left.svg,icons-export/all-new-figma-icons-16px/hand-right.svg,icons-export/all-new-figma-icons-16px/hand-up.svg,icons-export/all-new-figma-icons-16px/hat.svg,icons-export/all-new-figma-icons-16px/header.svg,icons-export/all-new-figma-icons-16px/header-one.svg,icons-export/all-new-figma-icons-16px/header-three.svg,icons-export/all-new-figma-icons-16px/header-two.svg,icons-export/all-new-figma-icons-16px/headset.svg,icons-export/all-new-figma-icons-16px/heart.svg,icons-export/all-new-figma-icons-16px/heart-broken.svg
[NX v22.3.1 Daemon Server] - 2026-03-19T05:20:28.693Z - [REQUEST]: 
[NX v22.3.1 Daemon Server] - 2026-03-19T05:20:28.698Z - Time taken for 'hash changed files from watcher' 6.4887089999974705ms
Time for 'nx/core/project-json:createNodes' 0.05462500004796311
Time for 'nx/js/dependencies-and-lockfile:createNodes' 7.150457999960054
Time for 'nx/core/package-json:createNodes' 9.112042000051588
[NX v22.3.1 Daemon Server] - 2026-03-19T05:20:28.732Z - Time taken for 'build-project-configs' 16.28483399999095ms
Time for 'build typescript dependencies' 0.014208000036887825
[NX v22.3.1 Daemon Server] - 2026-03-19T05:20:28.748Z - [SYNC]: collect registered sync generators
[NX v22.3.1 Daemon Server] - 2026-03-19T05:20:28.749Z - [SYNC]: project graph hash is the same, not collecting task sync generators
[NX v22.3.1 Daemon Server] - 2026-03-19T05:20:28.749Z - [SYNC]: nx.json hash is the same, not collecting global sync generators
[NX v22.3.1 Daemon Server] - 2026-03-19T05:20:28.749Z - Time taken for 'total execution time for createProjectGraph()' 23.65441599994665ms
[NX v22.3.1 Daemon Server] - 2026-03-19T05:20:28.831Z - [WATCHER]: icons-export/all-new-figma-icons-16px/heat-grid.svg was modified
[NX v22.3.1 Daemon Server] - 2026-03-19T05:20:28.831Z - [SYNC]: clearing sync generators cache due to file changes
[NX v22.3.1 Daemon Server] - 2026-03-19T05:20:28.831Z - [WATCHER]: Processing file changes in outputs
[NX v22.3.1 Daemon Server] - 2026-03-19T05:20:28.972Z - [WATCHER]: icons-export/all-new-figma-icons-16px/heatmap.svg was modified
[NX v22.3.1 Daemon Server] - 2026-03-19T05:20:28.972Z - [SYNC]: clearing sync generators cache due to file changes
[NX v22.3.1 Daemon Server] - 2026-03-19T05:20:28.972Z - [WATCHER]: Processing file changes in outputs
[NX v22.3.1 Daemon Server] - 2026-03-19T05:20:33.375Z - [WATCHER]: icons-export/all-new-figma-icons-16px/helicopter.svg was modified
[NX v22.3.1 Daemon Server] - 2026-03-19T05:20:33.375Z - [SYNC]: clearing sync generators cache due to file changes
[NX v22.3.1 Daemon Server] - 2026-03-19T05:20:33.375Z - [WATCHER]: Processing file changes in outputs
[NX v22.3.1 Daemon Server] - 2026-03-19T05:20:33.820Z - [WATCHER]: Processing file changes in outputs
[NX v22.3.1 Daemon Server] - 2026-03-19T05:20:33.824Z - [WATCHER]: icons-export/all-new-figma-icons-16px/help.svg was modified
[NX v22.3.1 Daemon Server] - 2026-03-19T05:20:33.824Z - [SYNC]: clearing sync generators cache due to file changes
[NX v22.3.1 Daemon Server] - 2026-03-19T05:20:33.965Z - [WATCHER]: icons-export/all-new-figma-icons-16px/helper-management.svg was modified
[NX v22.3.1 Daemon Server] - 2026-03-19T05:20:33.965Z - [SYNC]: clearing sync generators cache due to file changes
[NX v22.3.1 Daemon Server] - 2026-03-19T05:20:33.965Z - [WATCHER]: Processing file changes in outputs
[NX v22.3.1 Daemon Server] - 2026-03-19T05:20:34.075Z - [WATCHER]: icons-export/all-new-figma-icons-16px/hexagon.svg was modified
[NX v22.3.1 Daemon Server] - 2026-03-19T05:20:34.075Z - [SYNC]: clearing sync generators cache due to file changes
[NX v22.3.1 Daemon Server] - 2026-03-19T05:20:34.075Z - [WATCHER]: Processing file changes in outputs
[NX v22.3.1 Daemon Server] - 2026-03-19T05:20:34.205Z - [WATCHER]: icons-export/all-new-figma-icons-16px/high-priority.svg was modified
[NX v22.3.1 Daemon Server] - 2026-03-19T05:20:34.205Z - [SYNC]: clearing sync generators cache due to file changes
[NX v22.3.1 Daemon Server] - 2026-03-19T05:20:34.205Z - [WATCHER]: Processing file changes in outputs
[NX v22.3.1 Daemon Server] - 2026-03-19T05:20:34.348Z - [WATCHER]: icons-export/all-new-figma-icons-16px/high-voltage-pole.svg was modified
[NX v22.3.1 Daemon Server] - 2026-03-19T05:20:34.348Z - [SYNC]: clearing sync generators cache due to file changes
[NX v22.3.1 Daemon Server] - 2026-03-19T05:20:34.348Z - [WATCHER]: Processing file changes in outputs
[NX v22.3.1 Daemon Server] - 2026-03-19T05:20:34.497Z - [WATCHER]: icons-export/all-new-figma-icons-16px/highlight.svg was modified
[NX v22.3.1 Daemon Server] - 2026-03-19T05:20:34.497Z - [SYNC]: clearing sync generators cache due to file changes
[NX v22.3.1 Daemon Server] - 2026-03-19T05:20:34.497Z - [WATCHER]: Processing file changes in outputs
[NX v22.3.1 Daemon Server] - 2026-03-19T05:20:34.635Z - [WATCHER]: icons-export/all-new-figma-icons-16px/history.svg was modified
[NX v22.3.1 Daemon Server] - 2026-03-19T05:20:34.635Z - [SYNC]: clearing sync generators cache due to file changes
[NX v22.3.1 Daemon Server] - 2026-03-19T05:20:34.635Z - [WATCHER]: Processing file changes in outputs
[NX v22.3.1 Daemon Server] - 2026-03-19T05:20:34.764Z - [WATCHER]: icons-export/all-new-figma-icons-16px/home.svg was modified
[NX v22.3.1 Daemon Server] - 2026-03-19T05:20:34.764Z - [SYNC]: clearing sync generators cache due to file changes
[NX v22.3.1 Daemon Server] - 2026-03-19T05:20:34.764Z - [WATCHER]: Processing file changes in outputs
[NX v22.3.1 Daemon Server] - 2026-03-19T05:20:34.900Z - [WATCHER]: icons-export/all-new-figma-icons-16px/horizontal-bar-chart.svg was modified
[NX v22.3.1 Daemon Server] - 2026-03-19T05:20:34.900Z - [SYNC]: clearing sync generators cache due to file changes
[NX v22.3.1 Daemon Server] - 2026-03-19T05:20:34.900Z - [WATCHER]: Processing file changes in outputs
[NX v22.3.1 Daemon Server] - 2026-03-19T05:20:35.024Z - [WATCHER]: icons-export/all-new-figma-icons-16px/horizontal-bar-chart-asc.svg was modified
[NX v22.3.1 Daemon Server] - 2026-03-19T05:20:35.025Z - [SYNC]: clearing sync generators cache due to file changes
[NX v22.3.1 Daemon Server] - 2026-03-19T05:20:35.025Z - [WATCHER]: Processing file changes in outputs
[NX v22.3.1 Daemon Server] - 2026-03-19T05:20:35.159Z - [WATCHER]: icons-export/all-new-figma-icons-16px/horizontal-bar-chart-desc.svg was modified
[NX v22.3.1 Daemon Server] - 2026-03-19T05:20:35.159Z - [SYNC]: clearing sync generators cache due to file changes
[NX v22.3.1 Daemon Server] - 2026-03-19T05:20:35.159Z - [WATCHER]: Processing file changes in outputs
[NX v22.3.1 Daemon Server] - 2026-03-19T05:20:35.235Z - [REQUEST]: Updated workspace context based on watched changes, recomputing project graph...
[NX v22.3.1 Daemon Server] - 2026-03-19T05:20:35.235Z - [REQUEST]: icons-export/all-new-figma-icons-16px/heat-grid.svg,icons-export/all-new-figma-icons-16px/heatmap.svg,icons-export/all-new-figma-icons-16px/helicopter.svg,icons-export/all-new-figma-icons-16px/help.svg,icons-export/all-new-figma-icons-16px/helper-management.svg,icons-export/all-new-figma-icons-16px/hexagon.svg,icons-export/all-new-figma-icons-16px/high-priority.svg,icons-export/all-new-figma-icons-16px/high-voltage-pole.svg,icons-export/all-new-figma-icons-16px/highlight.svg,icons-export/all-new-figma-icons-16px/history.svg,icons-export/all-new-figma-icons-16px/home.svg,icons-export/all-new-figma-icons-16px/horizontal-bar-chart.svg,icons-export/all-new-figma-icons-16px/horizontal-bar-chart-asc.svg,icons-export/all-new-figma-icons-16px/horizontal-bar-chart-desc.svg
[NX v22.3.1 Daemon Server] - 2026-03-19T05:20:35.235Z - [REQUEST]: 
[NX v22.3.1 Daemon Server] - 2026-03-19T05:20:35.240Z - Time taken for 'hash changed files from watcher' 3.673125000030268ms
Time for 'nx/core/project-json:createNodes' 0.052124999987427145
Time for 'nx/js/dependencies-and-lockfile:createNodes' 5.677167000016198
Time for 'nx/core/package-json:createNodes' 7.884250000002794
[NX v22.3.1 Daemon Server] - 2026-03-19T05:20:35.273Z - Time taken for 'build-project-configs' 15.04849999997532ms
Time for 'build typescript dependencies' 0.013291999988723546
[NX v22.3.1 Daemon Server] - 2026-03-19T05:20:35.297Z - [SYNC]: collect registered sync generators
[NX v22.3.1 Daemon Server] - 2026-03-19T05:20:35.298Z - [SYNC]: project graph hash is the same, not collecting task sync generators
[NX v22.3.1 Daemon Server] - 2026-03-19T05:20:35.298Z - [SYNC]: nx.json hash is the same, not collecting global sync generators
[NX v22.3.1 Daemon Server] - 2026-03-19T05:20:35.298Z - Time taken for 'total execution time for createProjectGraph()' 31.81162499997299ms
[NX v22.3.1 Daemon Server] - 2026-03-19T05:20:35.303Z - [WATCHER]: icons-export/all-new-figma-icons-16px/horizontal-distribution.svg was modified
[NX v22.3.1 Daemon Server] - 2026-03-19T05:20:35.303Z - [SYNC]: clearing sync generators cache due to file changes
[NX v22.3.1 Daemon Server] - 2026-03-19T05:20:35.303Z - [WATCHER]: Processing file changes in outputs
[NX v22.3.1 Daemon Server] - 2026-03-19T05:20:35.423Z - [WATCHER]: icons-export/all-new-figma-icons-16px/horizontal-inbetween.svg was modified
[NX v22.3.1 Daemon Server] - 2026-03-19T05:20:35.423Z - [SYNC]: clearing sync generators cache due to file changes
[NX v22.3.1 Daemon Server] - 2026-03-19T05:20:35.423Z - [WATCHER]: Processing file changes in outputs
[NX v22.3.1 Daemon Server] - 2026-03-19T05:20:35.561Z - [WATCHER]: icons-export/all-new-figma-icons-16px/hurricane.svg was modified
[NX v22.3.1 Daemon Server] - 2026-03-19T05:20:35.561Z - [SYNC]: clearing sync generators cache due to file changes
[NX v22.3.1 Daemon Server] - 2026-03-19T05:20:35.561Z - [WATCHER]: Processing file changes in outputs
[NX v22.3.1 Daemon Server] - 2026-03-19T05:20:35.718Z - [WATCHER]: icons-export/all-new-figma-icons-16px/id-number.svg was modified
[NX v22.3.1 Daemon Server] - 2026-03-19T05:20:35.718Z - [SYNC]: clearing sync generators cache due to file changes
[NX v22.3.1 Daemon Server] - 2026-03-19T05:20:35.719Z - [WATCHER]: Processing file changes in outputs
[NX v22.3.1 Daemon Server] - 2026-03-19T05:20:35.856Z - [WATCHER]: icons-export/all-new-figma-icons-16px/image-rotate-left.svg was modified
[NX v22.3.1 Daemon Server] - 2026-03-19T05:20:35.857Z - [SYNC]: clearing sync generators cache due to file changes
[NX v22.3.1 Daemon Server] - 2026-03-19T05:20:35.857Z - [WATCHER]: Processing file changes in outputs
[NX v22.3.1 Daemon Server] - 2026-03-19T05:20:36.003Z - [WATCHER]: Processing file changes in outputs
[NX v22.3.1 Daemon Server] - 2026-03-19T05:20:36.004Z - [WATCHER]: icons-export/all-new-figma-icons-16px/image-rotate-right.svg was modified
[NX v22.3.1 Daemon Server] - 2026-03-19T05:20:36.005Z - [SYNC]: clearing sync generators cache due to file changes
[NX v22.3.1 Daemon Server] - 2026-03-19T05:20:36.134Z - [WATCHER]: icons-export/all-new-figma-icons-16px/import.svg was modified
[NX v22.3.1 Daemon Server] - 2026-03-19T05:20:36.135Z - [SYNC]: clearing sync generators cache due to file changes
[NX v22.3.1 Daemon Server] - 2026-03-19T05:20:36.137Z - [WATCHER]: Processing file changes in outputs
[NX v22.3.1 Daemon Server] - 2026-03-19T05:20:36.270Z - [WATCHER]: icons-export/all-new-figma-icons-16px/inbox.svg was modified
[NX v22.3.1 Daemon Server] - 2026-03-19T05:20:36.270Z - [SYNC]: clearing sync generators cache due to file changes
[NX v22.3.1 Daemon Server] - 2026-03-19T05:20:36.270Z - [WATCHER]: Processing file changes in outputs
[NX v22.3.1 Daemon Server] - 2026-03-19T05:20:36.411Z - [WATCHER]: icons-export/all-new-figma-icons-16px/inbox-filtered.svg was modified
[NX v22.3.1 Daemon Server] - 2026-03-19T05:20:36.412Z - [SYNC]: clearing sync generators cache due to file changes
[NX v22.3.1 Daemon Server] - 2026-03-19T05:20:36.412Z - [WATCHER]: Processing file changes in outputs
[NX v22.3.1 Daemon Server] - 2026-03-19T05:20:36.616Z - [WATCHER]: icons-export/all-new-figma-icons-16px/inbox-geo.svg was modified
[NX v22.3.1 Daemon Server] - 2026-03-19T05:20:36.617Z - [SYNC]: clearing sync generators cache due to file changes
[NX v22.3.1 Daemon Server] - 2026-03-19T05:20:36.617Z - [WATCHER]: Processing file changes in outputs
[NX v22.3.1 Daemon Server] - 2026-03-19T05:20:36.753Z - [WATCHER]: icons-export/all-new-figma-icons-16px/inbox-search.svg was modified
[NX v22.3.1 Daemon Server] - 2026-03-19T05:20:36.753Z - [SYNC]: clearing sync generators cache due to file changes
[NX v22.3.1 Daemon Server] - 2026-03-19T05:20:36.753Z - [WATCHER]: Processing file changes in outputs
[NX v22.3.1 Daemon Server] - 2026-03-19T05:20:36.899Z - [WATCHER]: icons-export/all-new-figma-icons-16px/inbox-update.svg was modified
[NX v22.3.1 Daemon Server] - 2026-03-19T05:20:36.899Z - [SYNC]: clearing sync generators cache due to file changes
[NX v22.3.1 Daemon Server] - 2026-03-19T05:20:36.899Z - [WATCHER]: Processing file changes in outputs
[NX v22.3.1 Daemon Server] - 2026-03-19T05:20:37.059Z - [WATCHER]: icons-export/all-new-figma-icons-16px/info-sign.svg was modified
[NX v22.3.1 Daemon Server] - 2026-03-19T05:20:37.059Z - [SYNC]: clearing sync generators cache due to file changes
[NX v22.3.1 Daemon Server] - 2026-03-19T05:20:37.060Z - [WATCHER]: Processing file changes in outputs
[NX v22.3.1 Daemon Server] - 2026-03-19T05:20:37.196Z - [WATCHER]: icons-export/all-new-figma-icons-16px/inheritance.svg was modified
[NX v22.3.1 Daemon Server] - 2026-03-19T05:20:37.196Z - [SYNC]: clearing sync generators cache due to file changes
[NX v22.3.1 Daemon Server] - 2026-03-19T05:20:37.196Z - [WATCHER]: Processing file changes in outputs
[NX v22.3.1 Daemon Server] - 2026-03-19T05:20:37.312Z - [WATCHER]: icons-export/all-new-figma-icons-16px/inherited-group.svg was modified
[NX v22.3.1 Daemon Server] - 2026-03-19T05:20:37.313Z - [SYNC]: clearing sync generators cache due to file changes
[NX v22.3.1 Daemon Server] - 2026-03-19T05:20:37.313Z - [WATCHER]: Processing file changes in outputs
[NX v22.3.1 Daemon Server] - 2026-03-19T05:20:37.448Z - [WATCHER]: icons-export/all-new-figma-icons-16px/inner-join.svg was modified
[NX v22.3.1 Daemon Server] - 2026-03-19T05:20:37.448Z - [SYNC]: clearing sync generators cache due to file changes
[NX v22.3.1 Daemon Server] - 2026-03-19T05:20:37.448Z - [WATCHER]: Processing file changes in outputs
[NX v22.3.1 Daemon Server] - 2026-03-19T05:20:37.595Z - [WATCHER]: icons-export/all-new-figma-icons-16px/input.svg was modified
[NX v22.3.1 Daemon Server] - 2026-03-19T05:20:37.595Z - [SYNC]: clearing sync generators cache due to file changes
[NX v22.3.1 Daemon Server] - 2026-03-19T05:20:37.595Z - [WATCHER]: Processing file changes in outputs
[NX v22.3.1 Daemon Server] - 2026-03-19T05:20:37.718Z - [WATCHER]: icons-export/all-new-figma-icons-16px/insert.svg was modified
[NX v22.3.1 Daemon Server] - 2026-03-19T05:20:37.718Z - [SYNC]: clearing sync generators cache due to file changes
[NX v22.3.1 Daemon Server] - 2026-03-19T05:20:37.718Z - [WATCHER]: Processing file changes in outputs
[NX v22.3.1 Daemon Server] - 2026-03-19T05:20:37.854Z - [WATCHER]: icons-export/all-new-figma-icons-16px/intelligence.svg was modified
[NX v22.3.1 Daemon Server] - 2026-03-19T05:20:37.854Z - [SYNC]: clearing sync generators cache due to file changes
[NX v22.3.1 Daemon Server] - 2026-03-19T05:20:37.854Z - [WATCHER]: Processing file changes in outputs
[NX v22.3.1 Daemon Server] - 2026-03-19T05:20:37.984Z - [WATCHER]: icons-export/all-new-figma-icons-16px/intersection.svg was modified
[NX v22.3.1 Daemon Server] - 2026-03-19T05:20:37.985Z - [SYNC]: clearing sync generators cache due to file changes
[NX v22.3.1 Daemon Server] - 2026-03-19T05:20:37.985Z - [WATCHER]: Processing file changes in outputs
[NX v22.3.1 Daemon Server] - 2026-03-19T05:20:38.122Z - [WATCHER]: icons-export/all-new-figma-icons-16px/ip-address.svg was modified
[NX v22.3.1 Daemon Server] - 2026-03-19T05:20:38.122Z - [SYNC]: clearing sync generators cache due to file changes
[NX v22.3.1 Daemon Server] - 2026-03-19T05:20:38.122Z - [WATCHER]: Processing file changes in outputs
[NX v22.3.1 Daemon Server] - 2026-03-19T05:20:38.256Z - [WATCHER]: icons-export/all-new-figma-icons-16px/issue.svg was modified
[NX v22.3.1 Daemon Server] - 2026-03-19T05:20:38.256Z - [SYNC]: clearing sync generators cache due to file changes
[NX v22.3.1 Daemon Server] - 2026-03-19T05:20:38.256Z - [WATCHER]: Processing file changes in outputs
[NX v22.3.1 Daemon Server] - 2026-03-19T05:20:38.392Z - [WATCHER]: icons-export/all-new-figma-icons-16px/issue-closed.svg was modified
[NX v22.3.1 Daemon Server] - 2026-03-19T05:20:38.392Z - [SYNC]: clearing sync generators cache due to file changes
[NX v22.3.1 Daemon Server] - 2026-03-19T05:20:38.392Z - [WATCHER]: Processing file changes in outputs
[NX v22.3.1 Daemon Server] - 2026-03-19T05:20:38.542Z - [WATCHER]: icons-export/all-new-figma-icons-16px/issue-new.svg was modified
[NX v22.3.1 Daemon Server] - 2026-03-19T05:20:38.542Z - [SYNC]: clearing sync generators cache due to file changes
[NX v22.3.1 Daemon Server] - 2026-03-19T05:20:38.542Z - [WATCHER]: Processing file changes in outputs
[NX v22.3.1 Daemon Server] - 2026-03-19T05:20:38.703Z - [WATCHER]: icons-export/all-new-figma-icons-16px/italic.svg was modified
[NX v22.3.1 Daemon Server] - 2026-03-19T05:20:38.703Z - [SYNC]: clearing sync generators cache due to file changes
[NX v22.3.1 Daemon Server] - 2026-03-19T05:20:38.703Z - [WATCHER]: Processing file changes in outputs
[NX v22.3.1 Daemon Server] - 2026-03-19T05:20:38.845Z - [WATCHER]: Processing file changes in outputs
[NX v22.3.1 Daemon Server] - 2026-03-19T05:20:38.846Z - [WATCHER]: icons-export/all-new-figma-icons-16px/join-table.svg was modified
[NX v22.3.1 Daemon Server] - 2026-03-19T05:20:38.846Z - [SYNC]: clearing sync generators cache due to file changes
[NX v22.3.1 Daemon Server] - 2026-03-19T05:20:38.979Z - [WATCHER]: icons-export/all-new-figma-icons-16px/key.svg was modified
[NX v22.3.1 Daemon Server] - 2026-03-19T05:20:38.979Z - [SYNC]: clearing sync generators cache due to file changes
[NX v22.3.1 Daemon Server] - 2026-03-19T05:20:38.979Z - [WATCHER]: Processing file changes in outputs
[NX v22.3.1 Daemon Server] - 2026-03-19T05:20:39.121Z - [WATCHER]: icons-export/all-new-figma-icons-16px/key-backspace.svg was modified
[NX v22.3.1 Daemon Server] - 2026-03-19T05:20:39.122Z - [SYNC]: clearing sync generators cache due to file changes
[NX v22.3.1 Daemon Server] - 2026-03-19T05:20:39.122Z - [WATCHER]: Processing file changes in outputs
[NX v22.3.1 Daemon Server] - 2026-03-19T05:20:39.246Z - [WATCHER]: icons-export/all-new-figma-icons-16px/key-command.svg was modified
[NX v22.3.1 Daemon Server] - 2026-03-19T05:20:39.246Z - [SYNC]: clearing sync generators cache due to file changes
[NX v22.3.1 Daemon Server] - 2026-03-19T05:20:39.247Z - [WATCHER]: Processing file changes in outputs
[NX v22.3.1 Daemon Server] - 2026-03-19T05:20:39.366Z - [WATCHER]: icons-export/all-new-figma-icons-16px/key-control.svg was modified
[NX v22.3.1 Daemon Server] - 2026-03-19T05:20:39.366Z - [SYNC]: clearing sync generators cache due to file changes
[NX v22.3.1 Daemon Server] - 2026-03-19T05:20:39.366Z - [WATCHER]: Processing file changes in outputs
[NX v22.3.1 Daemon Server] - 2026-03-19T05:20:39.516Z - [WATCHER]: icons-export/all-new-figma-icons-16px/key-delete.svg was modified
[NX v22.3.1 Daemon Server] - 2026-03-19T05:20:39.516Z - [SYNC]: clearing sync generators cache due to file changes
[NX v22.3.1 Daemon Server] - 2026-03-19T05:20:39.517Z - [WATCHER]: Processing file changes in outputs
[NX v22.3.1 Daemon Server] - 2026-03-19T05:20:39.657Z - [WATCHER]: icons-export/all-new-figma-icons-16px/key-enter.svg was modified
[NX v22.3.1 Daemon Server] - 2026-03-19T05:20:39.657Z - [SYNC]: clearing sync generators cache due to file changes
[NX v22.3.1 Daemon Server] - 2026-03-19T05:20:39.657Z - [WATCHER]: Processing file changes in outputs
[NX v22.3.1 Daemon Server] - 2026-03-19T05:20:39.778Z - [WATCHER]: icons-export/all-new-figma-icons-16px/key-escape.svg was modified
[NX v22.3.1 Daemon Server] - 2026-03-19T05:20:39.778Z - [SYNC]: clearing sync generators cache due to file changes
[NX v22.3.1 Daemon Server] - 2026-03-19T05:20:39.779Z - [WATCHER]: Processing file changes in outputs
[NX v22.3.1 Daemon Server] - 2026-03-19T05:20:39.909Z - [WATCHER]: icons-export/all-new-figma-icons-16px/key-option.svg was modified
[NX v22.3.1 Daemon Server] - 2026-03-19T05:20:39.909Z - [SYNC]: clearing sync generators cache due to file changes
[NX v22.3.1 Daemon Server] - 2026-03-19T05:20:39.909Z - [WATCHER]: Processing file changes in outputs
[NX v22.3.1 Daemon Server] - 2026-03-19T05:20:40.050Z - [WATCHER]: icons-export/all-new-figma-icons-16px/key-shift.svg was modified
[NX v22.3.1 Daemon Server] - 2026-03-19T05:20:40.050Z - [SYNC]: clearing sync generators cache due to file changes
[NX v22.3.1 Daemon Server] - 2026-03-19T05:20:40.050Z - [WATCHER]: Processing file changes in outputs
[NX v22.3.1 Daemon Server] - 2026-03-19T05:20:40.172Z - [WATCHER]: icons-export/all-new-figma-icons-16px/key-tab.svg was modified
[NX v22.3.1 Daemon Server] - 2026-03-19T05:20:40.172Z - [SYNC]: clearing sync generators cache due to file changes
[NX v22.3.1 Daemon Server] - 2026-03-19T05:20:40.172Z - [WATCHER]: Processing file changes in outputs
[NX v22.3.1 Daemon Server] - 2026-03-19T05:20:40.310Z - [WATCHER]: icons-export/all-new-figma-icons-16px/known-vehicle.svg was modified
[NX v22.3.1 Daemon Server] - 2026-03-19T05:20:40.310Z - [SYNC]: clearing sync generators cache due to file changes
[NX v22.3.1 Daemon Server] - 2026-03-19T05:20:40.310Z - [WATCHER]: Processing file changes in outputs
[NX v22.3.1 Daemon Server] - 2026-03-19T05:20:40.438Z - [WATCHER]: icons-export/all-new-figma-icons-16px/lab-test.svg was modified
[NX v22.3.1 Daemon Server] - 2026-03-19T05:20:40.438Z - [SYNC]: clearing sync generators cache due to file changes
[NX v22.3.1 Daemon Server] - 2026-03-19T05:20:40.438Z - [WATCHER]: Processing file changes in outputs
[NX v22.3.1 Daemon Server] - 2026-03-19T05:20:40.723Z - [WATCHER]: Processing file changes in outputs
[NX v22.3.1 Daemon Server] - 2026-03-19T05:20:40.724Z - [WATCHER]: icons-export/all-new-figma-icons-16px/label.svg was modified
[NX v22.3.1 Daemon Server] - 2026-03-19T05:20:40.724Z - [SYNC]: clearing sync generators cache due to file changes
[NX v22.3.1 Daemon Server] - 2026-03-19T05:20:40.873Z - [WATCHER]: icons-export/all-new-figma-icons-16px/layer.svg was modified
[NX v22.3.1 Daemon Server] - 2026-03-19T05:20:40.873Z - [SYNC]: clearing sync generators cache due to file changes
[NX v22.3.1 Daemon Server] - 2026-03-19T05:20:40.873Z - [WATCHER]: Processing file changes in outputs
[NX v22.3.1 Daemon Server] - 2026-03-19T05:20:41.013Z - [WATCHER]: icons-export/all-new-figma-icons-16px/layer-outline.svg was modified
[NX v22.3.1 Daemon Server] - 2026-03-19T05:20:41.013Z - [SYNC]: clearing sync generators cache due to file changes
[NX v22.3.1 Daemon Server] - 2026-03-19T05:20:41.013Z - [WATCHER]: Processing file changes in outputs
[NX v22.3.1 Daemon Server] - 2026-03-19T05:20:41.153Z - [WATCHER]: icons-export/all-new-figma-icons-16px/layers.svg was modified
[NX v22.3.1 Daemon Server] - 2026-03-19T05:20:41.153Z - [SYNC]: clearing sync generators cache due to file changes
[NX v22.3.1 Daemon Server] - 2026-03-19T05:20:41.153Z - [WATCHER]: Processing file changes in outputs
[NX v22.3.1 Daemon Server] - 2026-03-19T05:20:41.302Z - [WATCHER]: icons-export/all-new-figma-icons-16px/layout.svg was modified
[NX v22.3.1 Daemon Server] - 2026-03-19T05:20:41.303Z - [SYNC]: clearing sync generators cache due to file changes
[NX v22.3.1 Daemon Server] - 2026-03-19T05:20:41.303Z - [WATCHER]: Processing file changes in outputs
[NX v22.3.1 Daemon Server] - 2026-03-19T05:20:41.444Z - [WATCHER]: icons-export/all-new-figma-icons-16px/layout-auto.svg was modified
[NX v22.3.1 Daemon Server] - 2026-03-19T05:20:41.444Z - [SYNC]: clearing sync generators cache due to file changes
[NX v22.3.1 Daemon Server] - 2026-03-19T05:20:41.444Z - [WATCHER]: Processing file changes in outputs
[NX v22.3.1 Daemon Server] - 2026-03-19T05:20:41.580Z - [WATCHER]: Processing file changes in outputs
[NX v22.3.1 Daemon Server] - 2026-03-19T05:20:41.581Z - [WATCHER]: icons-export/all-new-figma-icons-16px/layout-balloon.svg was modified
[NX v22.3.1 Daemon Server] - 2026-03-19T05:20:41.581Z - [SYNC]: clearing sync generators cache due to file changes
[NX v22.3.1 Daemon Server] - 2026-03-19T05:20:41.711Z - [REQUEST]: Updated workspace context based on watched changes, recomputing project graph...
[NX v22.3.1 Daemon Server] - 2026-03-19T05:20:41.711Z - [REQUEST]: icons-export/all-new-figma-icons-16px/horizontal-distribution.svg,icons-export/all-new-figma-icons-16px/horizontal-inbetween.svg,icons-export/all-new-figma-icons-16px/hurricane.svg,icons-export/all-new-figma-icons-16px/id-number.svg,icons-export/all-new-figma-icons-16px/image-rotate-left.svg,icons-export/all-new-figma-icons-16px/image-rotate-right.svg,icons-export/all-new-figma-icons-16px/import.svg,icons-export/all-new-figma-icons-16px/inbox.svg,icons-export/all-new-figma-icons-16px/inbox-filtered.svg,icons-export/all-new-figma-icons-16px/inbox-geo.svg,icons-export/all-new-figma-icons-16px/inbox-search.svg,icons-export/all-new-figma-icons-16px/inbox-update.svg,icons-export/all-new-figma-icons-16px/info-sign.svg,icons-export/all-new-figma-icons-16px/inheritance.svg,icons-export/all-new-figma-icons-16px/inherited-group.svg,icons-export/all-new-figma-icons-16px/inner-join.svg,icons-export/all-new-figma-icons-16px/input.svg,icons-export/all-new-figma-icons-16px/insert.svg,icons-export/all-new-figma-icons-16px/intelligence.svg,icons-export/all-new-figma-icons-16px/intersection.svg,icons-export/all-new-figma-icons-16px/ip-address.svg,icons-export/all-new-figma-icons-16px/issue.svg,icons-export/all-new-figma-icons-16px/issue-closed.svg,icons-export/all-new-figma-icons-16px/issue-new.svg,icons-export/all-new-figma-icons-16px/italic.svg,icons-export/all-new-figma-icons-16px/join-table.svg,icons-export/all-new-figma-icons-16px/key.svg,icons-export/all-new-figma-icons-16px/key-backspace.svg,icons-export/all-new-figma-icons-16px/key-command.svg,icons-export/all-new-figma-icons-16px/key-control.svg,icons-export/all-new-figma-icons-16px/key-delete.svg,icons-export/all-new-figma-icons-16px/key-enter.svg,icons-export/all-new-figma-icons-16px/key-escape.svg,icons-export/all-new-figma-icons-16px/key-option.svg,icons-export/all-new-figma-icons-16px/key-shift.svg,icons-export/all-new-figma-icons-16px/key-tab.svg,icons-export/all-new-figma-icons-16px/known-vehicle.svg,icons-export/all-new-figma-icons-16px/lab-test.svg,icons-export/all-new-figma-icons-16px/label.svg,icons-export/all-new-figma-icons-16px/layer.svg,icons-export/all-new-figma-icons-16px/layer-outline.svg,icons-export/all-new-figma-icons-16px/layers.svg,icons-export/all-new-figma-icons-16px/layout.svg,icons-export/all-new-figma-icons-16px/layout-auto.svg,icons-export/all-new-figma-icons-16px/layout-balloon.svg
[NX v22.3.1 Daemon Server] - 2026-03-19T05:20:41.711Z - [REQUEST]: 
[NX v22.3.1 Daemon Server] - 2026-03-19T05:20:41.717Z - Time taken for 'hash changed files from watcher' 6.4510840000002645ms
Time for 'nx/core/project-json:createNodes' 0.07675000000745058
[NX v22.3.1 Daemon Server] - 2026-03-19T05:20:41.719Z - [WATCHER]: icons-export/all-new-figma-icons-16px/layout-bottom-row-three-tiles.svg was modified
[NX v22.3.1 Daemon Server] - 2026-03-19T05:20:41.719Z - [SYNC]: clearing sync generators cache due to file changes
[NX v22.3.1 Daemon Server] - 2026-03-19T05:20:41.719Z - [WATCHER]: Processing file changes in outputs
Time for 'nx/js/dependencies-and-lockfile:createNodes' 7.528249999973923
Time for 'nx/core/package-json:createNodes' 8.635792000044603
[NX v22.3.1 Daemon Server] - 2026-03-19T05:20:41.751Z - Time taken for 'build-project-configs' 17.02004199998919ms
Time for 'build typescript dependencies' 0.009208000032231212
[NX v22.3.1 Daemon Server] - 2026-03-19T05:20:41.768Z - [SYNC]: collect registered sync generators
[NX v22.3.1 Daemon Server] - 2026-03-19T05:20:41.768Z - [SYNC]: project graph hash is the same, not collecting task sync generators
[NX v22.3.1 Daemon Server] - 2026-03-19T05:20:41.768Z - [SYNC]: nx.json hash is the same, not collecting global sync generators
[NX v22.3.1 Daemon Server] - 2026-03-19T05:20:41.768Z - Time taken for 'total execution time for createProjectGraph()' 23.777291999955196ms
[NX v22.3.1 Daemon Server] - 2026-03-19T05:20:41.844Z - [WATCHER]: icons-export/all-new-figma-icons-16px/layout-bottom-row-two-tiles.svg was modified
[NX v22.3.1 Daemon Server] - 2026-03-19T05:20:41.844Z - [SYNC]: clearing sync generators cache due to file changes
[NX v22.3.1 Daemon Server] - 2026-03-19T05:20:41.844Z - [WATCHER]: Processing file changes in outputs
[NX v22.3.1 Daemon Server] - 2026-03-19T05:20:41.965Z - [WATCHER]: icons-export/all-new-figma-icons-16px/layout-circle.svg was modified
[NX v22.3.1 Daemon Server] - 2026-03-19T05:20:41.965Z - [SYNC]: clearing sync generators cache due to file changes
[NX v22.3.1 Daemon Server] - 2026-03-19T05:20:41.965Z - [WATCHER]: Processing file changes in outputs
[NX v22.3.1 Daemon Server] - 2026-03-19T05:20:42.117Z - [WATCHER]: icons-export/all-new-figma-icons-16px/layout-grid.svg was modified
[NX v22.3.1 Daemon Server] - 2026-03-19T05:20:42.117Z - [SYNC]: clearing sync generators cache due to file changes
[NX v22.3.1 Daemon Server] - 2026-03-19T05:20:42.117Z - [WATCHER]: Processing file changes in outputs
[NX v22.3.1 Daemon Server] - 2026-03-19T05:20:42.289Z - [WATCHER]: icons-export/all-new-figma-icons-16px/layout-group-by.svg was modified
[NX v22.3.1 Daemon Server] - 2026-03-19T05:20:42.289Z - [SYNC]: clearing sync generators cache due to file changes
[NX v22.3.1 Daemon Server] - 2026-03-19T05:20:42.290Z - [WATCHER]: Processing file changes in outputs
[NX v22.3.1 Daemon Server] - 2026-03-19T05:20:42.477Z - [WATCHER]: icons-export/all-new-figma-icons-16px/layout-hierarchy.svg was modified
[NX v22.3.1 Daemon Server] - 2026-03-19T05:20:42.477Z - [SYNC]: clearing sync generators cache due to file changes
[NX v22.3.1 Daemon Server] - 2026-03-19T05:20:42.477Z - [WATCHER]: Processing file changes in outputs
[NX v22.3.1 Daemon Server] - 2026-03-19T05:20:42.615Z - [WATCHER]: icons-export/all-new-figma-icons-16px/layout-left-column-three-tiles.svg was modified
[NX v22.3.1 Daemon Server] - 2026-03-19T05:20:42.615Z - [SYNC]: clearing sync generators cache due to file changes
[NX v22.3.1 Daemon Server] - 2026-03-19T05:20:42.615Z - [WATCHER]: Processing file changes in outputs
[NX v22.3.1 Daemon Server] - 2026-03-19T05:20:42.732Z - [WATCHER]: icons-export/all-new-figma-icons-16px/layout-left-column-two-tiles.svg was modified
[NX v22.3.1 Daemon Server] - 2026-03-19T05:20:42.732Z - [SYNC]: clearing sync generators cache due to file changes
[NX v22.3.1 Daemon Server] - 2026-03-19T05:20:42.732Z - [WATCHER]: Processing file changes in outputs
[NX v22.3.1 Daemon Server] - 2026-03-19T05:20:42.868Z - [WATCHER]: icons-export/all-new-figma-icons-16px/layout-linear.svg was modified
[NX v22.3.1 Daemon Server] - 2026-03-19T05:20:42.868Z - [SYNC]: clearing sync generators cache due to file changes
[NX v22.3.1 Daemon Server] - 2026-03-19T05:20:42.868Z - [WATCHER]: Processing file changes in outputs
[NX v22.3.1 Daemon Server] - 2026-03-19T05:20:42.988Z - [WATCHER]: icons-export/all-new-figma-icons-16px/layout-right-column-three-tiles.svg was modified
[NX v22.3.1 Daemon Server] - 2026-03-19T05:20:42.988Z - [SYNC]: clearing sync generators cache due to file changes
[NX v22.3.1 Daemon Server] - 2026-03-19T05:20:42.988Z - [WATCHER]: Processing file changes in outputs
[NX v22.3.1 Daemon Server] - 2026-03-19T05:20:43.115Z - [WATCHER]: icons-export/all-new-figma-icons-16px/layout-right-column-two-tiles.svg was modified
[NX v22.3.1 Daemon Server] - 2026-03-19T05:20:43.116Z - [SYNC]: clearing sync generators cache due to file changes
[NX v22.3.1 Daemon Server] - 2026-03-19T05:20:43.116Z - [WATCHER]: Processing file changes in outputs
[NX v22.3.1 Daemon Server] - 2026-03-19T05:20:43.252Z - [WATCHER]: icons-export/all-new-figma-icons-16px/layout-skew-grid.svg was modified
[NX v22.3.1 Daemon Server] - 2026-03-19T05:20:43.253Z - [SYNC]: clearing sync generators cache due to file changes
[NX v22.3.1 Daemon Server] - 2026-03-19T05:20:43.253Z - [WATCHER]: Processing file changes in outputs
[NX v22.3.1 Daemon Server] - 2026-03-19T05:20:43.368Z - [WATCHER]: icons-export/all-new-figma-icons-16px/layout-sorted-clusters.svg was modified
[NX v22.3.1 Daemon Server] - 2026-03-19T05:20:43.368Z - [SYNC]: clearing sync generators cache due to file changes
[NX v22.3.1 Daemon Server] - 2026-03-19T05:20:43.368Z - [WATCHER]: Processing file changes in outputs
[NX v22.3.1 Daemon Server] - 2026-03-19T05:20:43.514Z - [WATCHER]: icons-export/all-new-figma-icons-16px/layout-three-columns.svg was modified
[NX v22.3.1 Daemon Server] - 2026-03-19T05:20:43.514Z - [SYNC]: clearing sync generators cache due to file changes
[NX v22.3.1 Daemon Server] - 2026-03-19T05:20:43.514Z - [WATCHER]: Processing file changes in outputs
[NX v22.3.1 Daemon Server] - 2026-03-19T05:20:43.693Z - [WATCHER]: Processing file changes in outputs
[NX v22.3.1 Daemon Server] - 2026-03-19T05:20:43.693Z - [WATCHER]: icons-export/all-new-figma-icons-16px/layout-three-rows.svg was modified
[NX v22.3.1 Daemon Server] - 2026-03-19T05:20:43.694Z - [SYNC]: clearing sync generators cache due to file changes
[NX v22.3.1 Daemon Server] - 2026-03-19T05:20:43.824Z - [WATCHER]: icons-export/all-new-figma-icons-16px/layout-top-row-three-tiles.svg was modified
[NX v22.3.1 Daemon Server] - 2026-03-19T05:20:43.824Z - [SYNC]: clearing sync generators cache due to file changes
[NX v22.3.1 Daemon Server] - 2026-03-19T05:20:43.825Z - [WATCHER]: Processing file changes in outputs
[NX v22.3.1 Daemon Server] - 2026-03-19T05:20:43.968Z - [WATCHER]: icons-export/all-new-figma-icons-16px/layout-top-row-two-tiles.svg was modified
[NX v22.3.1 Daemon Server] - 2026-03-19T05:20:43.968Z - [SYNC]: clearing sync generators cache due to file changes
[NX v22.3.1 Daemon Server] - 2026-03-19T05:20:43.968Z - [WATCHER]: Processing file changes in outputs
[NX v22.3.1 Daemon Server] - 2026-03-19T05:20:44.107Z - [WATCHER]: icons-export/all-new-figma-icons-16px/layout-two-columns.svg was modified
[NX v22.3.1 Daemon Server] - 2026-03-19T05:20:44.107Z - [SYNC]: clearing sync generators cache due to file changes
[NX v22.3.1 Daemon Server] - 2026-03-19T05:20:44.107Z - [WATCHER]: Processing file changes in outputs
[NX v22.3.1 Daemon Server] - 2026-03-19T05:20:44.255Z - [WATCHER]: icons-export/all-new-figma-icons-16px/layout-two-rows.svg was modified
[NX v22.3.1 Daemon Server] - 2026-03-19T05:20:44.256Z - [SYNC]: clearing sync generators cache due to file changes
[NX v22.3.1 Daemon Server] - 2026-03-19T05:20:44.256Z - [WATCHER]: Processing file changes in outputs
[NX v22.3.1 Daemon Server] - 2026-03-19T05:20:44.384Z - [WATCHER]: icons-export/all-new-figma-icons-16px/learning.svg was modified
[NX v22.3.1 Daemon Server] - 2026-03-19T05:20:44.384Z - [SYNC]: clearing sync generators cache due to file changes
[NX v22.3.1 Daemon Server] - 2026-03-19T05:20:44.384Z - [WATCHER]: Processing file changes in outputs
[NX v22.3.1 Daemon Server] - 2026-03-19T05:20:44.510Z - [WATCHER]: icons-export/all-new-figma-icons-16px/left-join.svg was modified
[NX v22.3.1 Daemon Server] - 2026-03-19T05:20:44.510Z - [SYNC]: clearing sync generators cache due to file changes
[NX v22.3.1 Daemon Server] - 2026-03-19T05:20:44.510Z - [WATCHER]: Processing file changes in outputs
[NX v22.3.1 Daemon Server] - 2026-03-19T05:20:44.634Z - [WATCHER]: icons-export/all-new-figma-icons-16px/lengthen-text.svg was modified
[NX v22.3.1 Daemon Server] - 2026-03-19T05:20:44.634Z - [SYNC]: clearing sync generators cache due to file changes
[NX v22.3.1 Daemon Server] - 2026-03-19T05:20:44.634Z - [WATCHER]: Processing file changes in outputs
[NX v22.3.1 Daemon Server] - 2026-03-19T05:20:44.772Z - [WATCHER]: icons-export/all-new-figma-icons-16px/less-than.svg was modified
[NX v22.3.1 Daemon Server] - 2026-03-19T05:20:44.773Z - [SYNC]: clearing sync generators cache due to file changes
[NX v22.3.1 Daemon Server] - 2026-03-19T05:20:44.773Z - [WATCHER]: Processing file changes in outputs
[NX v22.3.1 Daemon Server] - 2026-03-19T05:20:44.910Z - [WATCHER]: icons-export/all-new-figma-icons-16px/less-than-or-equal-to.svg was modified
[NX v22.3.1 Daemon Server] - 2026-03-19T05:20:44.910Z - [SYNC]: clearing sync generators cache due to file changes
[NX v22.3.1 Daemon Server] - 2026-03-19T05:20:44.910Z - [WATCHER]: Processing file changes in outputs
[NX v22.3.1 Daemon Server] - 2026-03-19T05:20:45.055Z - [WATCHER]: icons-export/all-new-figma-icons-16px/lifesaver.svg was modified
[NX v22.3.1 Daemon Server] - 2026-03-19T05:20:45.055Z - [SYNC]: clearing sync generators cache due to file changes
[NX v22.3.1 Daemon Server] - 2026-03-19T05:20:45.056Z - [WATCHER]: Processing file changes in outputs
[NX v22.3.1 Daemon Server] - 2026-03-19T05:20:45.208Z - [WATCHER]: icons-export/all-new-figma-icons-16px/lightbulb.svg was modified
[NX v22.3.1 Daemon Server] - 2026-03-19T05:20:45.209Z - [SYNC]: clearing sync generators cache due to file changes
[NX v22.3.1 Daemon Server] - 2026-03-19T05:20:45.209Z - [WATCHER]: Processing file changes in outputs
[NX v22.3.1 Daemon Server] - 2026-03-19T05:20:45.340Z - [WATCHER]: icons-export/all-new-figma-icons-16px/lightning.svg was modified
[NX v22.3.1 Daemon Server] - 2026-03-19T05:20:45.341Z - [SYNC]: clearing sync generators cache due to file changes
[NX v22.3.1 Daemon Server] - 2026-03-19T05:20:45.341Z - [WATCHER]: Processing file changes in outputs
[NX v22.3.1 Daemon Server] - 2026-03-19T05:20:45.468Z - [WATCHER]: icons-export/all-new-figma-icons-16px/link.svg was modified
[NX v22.3.1 Daemon Server] - 2026-03-19T05:20:45.468Z - [SYNC]: clearing sync generators cache due to file changes
[NX v22.3.1 Daemon Server] - 2026-03-19T05:20:45.468Z - [WATCHER]: Processing file changes in outputs
[NX v22.3.1 Daemon Server] - 2026-03-19T05:20:45.576Z - [WATCHER]: icons-export/all-new-figma-icons-16px/linked-squares.svg was modified
[NX v22.3.1 Daemon Server] - 2026-03-19T05:20:45.576Z - [SYNC]: clearing sync generators cache due to file changes
[NX v22.3.1 Daemon Server] - 2026-03-19T05:20:45.577Z - [WATCHER]: Processing file changes in outputs
[NX v22.3.1 Daemon Server] - 2026-03-19T05:20:45.736Z - [WATCHER]: icons-export/all-new-figma-icons-16px/list.svg was modified
[NX v22.3.1 Daemon Server] - 2026-03-19T05:20:45.736Z - [SYNC]: clearing sync generators cache due to file changes
[NX v22.3.1 Daemon Server] - 2026-03-19T05:20:45.736Z - [WATCHER]: Processing file changes in outputs
[NX v22.3.1 Daemon Server] - 2026-03-19T05:20:45.890Z - [WATCHER]: icons-export/all-new-figma-icons-16px/list-columns.svg was modified
[NX v22.3.1 Daemon Server] - 2026-03-19T05:20:45.891Z - [SYNC]: clearing sync generators cache due to file changes
[NX v22.3.1 Daemon Server] - 2026-03-19T05:20:45.891Z - [WATCHER]: Processing file changes in outputs
[NX v22.3.1 Daemon Server] - 2026-03-19T05:20:46.038Z - [WATCHER]: icons-export/all-new-figma-icons-16px/list-detail-view.svg was modified
[NX v22.3.1 Daemon Server] - 2026-03-19T05:20:46.038Z - [SYNC]: clearing sync generators cache due to file changes
[NX v22.3.1 Daemon Server] - 2026-03-19T05:20:46.038Z - [WATCHER]: Processing file changes in outputs
[NX v22.3.1 Daemon Server] - 2026-03-19T05:20:46.189Z - [WATCHER]: icons-export/all-new-figma-icons-16px/locate.svg was modified
[NX v22.3.1 Daemon Server] - 2026-03-19T05:20:46.189Z - [SYNC]: clearing sync generators cache due to file changes
[NX v22.3.1 Daemon Server] - 2026-03-19T05:20:46.189Z - [WATCHER]: Processing file changes in outputs
[NX v22.3.1 Daemon Server] - 2026-03-19T05:20:46.354Z - [WATCHER]: icons-export/all-new-figma-icons-16px/lock.svg was modified
[NX v22.3.1 Daemon Server] - 2026-03-19T05:20:46.354Z - [SYNC]: clearing sync generators cache due to file changes
[NX v22.3.1 Daemon Server] - 2026-03-19T05:20:46.354Z - [WATCHER]: Processing file changes in outputs
[NX v22.3.1 Daemon Server] - 2026-03-19T05:20:46.487Z - [WATCHER]: icons-export/all-new-figma-icons-16px/locomotive.svg was modified
[NX v22.3.1 Daemon Server] - 2026-03-19T05:20:46.487Z - [SYNC]: clearing sync generators cache due to file changes
[NX v22.3.1 Daemon Server] - 2026-03-19T05:20:46.487Z - [WATCHER]: Processing file changes in outputs
[NX v22.3.1 Daemon Server] - 2026-03-19T05:20:46.611Z - [WATCHER]: icons-export/all-new-figma-icons-16px/log-in.svg was modified
[NX v22.3.1 Daemon Server] - 2026-03-19T05:20:46.612Z - [SYNC]: clearing sync generators cache due to file changes
[NX v22.3.1 Daemon Server] - 2026-03-19T05:20:46.612Z - [WATCHER]: Processing file changes in outputs
[NX v22.3.1 Daemon Server] - 2026-03-19T05:20:46.797Z - [WATCHER]: icons-export/all-new-figma-icons-16px/log-out.svg was modified
[NX v22.3.1 Daemon Server] - 2026-03-19T05:20:46.797Z - [SYNC]: clearing sync generators cache due to file changes
[NX v22.3.1 Daemon Server] - 2026-03-19T05:20:46.798Z - [WATCHER]: Processing file changes in outputs
[NX v22.3.1 Daemon Server] - 2026-03-19T05:20:46.930Z - [WATCHER]: icons-export/all-new-figma-icons-16px/low-voltage-pole.svg was modified
[NX v22.3.1 Daemon Server] - 2026-03-19T05:20:46.931Z - [SYNC]: clearing sync generators cache due to file changes
[NX v22.3.1 Daemon Server] - 2026-03-19T05:20:46.931Z - [WATCHER]: Processing file changes in outputs
[NX v22.3.1 Daemon Server] - 2026-03-19T05:20:47.049Z - [WATCHER]: icons-export/all-new-figma-icons-16px/manual.svg was modified
[NX v22.3.1 Daemon Server] - 2026-03-19T05:20:47.050Z - [SYNC]: clearing sync generators cache due to file changes
[NX v22.3.1 Daemon Server] - 2026-03-19T05:20:47.050Z - [WATCHER]: Processing file changes in outputs
[NX v22.3.1 Daemon Server] - 2026-03-19T05:20:47.174Z - [WATCHER]: icons-export/all-new-figma-icons-16px/manually-entered-data.svg was modified
[NX v22.3.1 Daemon Server] - 2026-03-19T05:20:47.175Z - [SYNC]: clearing sync generators cache due to file changes
[NX v22.3.1 Daemon Server] - 2026-03-19T05:20:47.175Z - [WATCHER]: Processing file changes in outputs
[NX v22.3.1 Daemon Server] - 2026-03-19T05:20:47.293Z - [WATCHER]: icons-export/all-new-figma-icons-16px/many-to-many.svg was modified
[NX v22.3.1 Daemon Server] - 2026-03-19T05:20:47.293Z - [SYNC]: clearing sync generators cache due to file changes
[NX v22.3.1 Daemon Server] - 2026-03-19T05:20:47.293Z - [WATCHER]: Processing file changes in outputs
[NX v22.3.1 Daemon Server] - 2026-03-19T05:20:47.488Z - [WATCHER]: icons-export/all-new-figma-icons-16px/many-to-one.svg was modified
[NX v22.3.1 Daemon Server] - 2026-03-19T05:20:47.488Z - [SYNC]: clearing sync generators cache due to file changes
[NX v22.3.1 Daemon Server] - 2026-03-19T05:20:47.488Z - [WATCHER]: Processing file changes in outputs
[NX v22.3.1 Daemon Server] - 2026-03-19T05:20:47.629Z - [WATCHER]: icons-export/all-new-figma-icons-16px/map.svg was modified
[NX v22.3.1 Daemon Server] - 2026-03-19T05:20:47.629Z - [SYNC]: clearing sync generators cache due to file changes
[NX v22.3.1 Daemon Server] - 2026-03-19T05:20:47.629Z - [WATCHER]: Processing file changes in outputs
[NX v22.3.1 Daemon Server] - 2026-03-19T05:20:48.128Z - [REQUEST]: Updated workspace context based on watched changes, recomputing project graph...
[NX v22.3.1 Daemon Server] - 2026-03-19T05:20:48.128Z - [REQUEST]: icons-export/all-new-figma-icons-16px/layout-bottom-row-two-tiles.svg,icons-export/all-new-figma-icons-16px/layout-circle.svg,icons-export/all-new-figma-icons-16px/layout-grid.svg,icons-export/all-new-figma-icons-16px/layout-group-by.svg,icons-export/all-new-figma-icons-16px/layout-hierarchy.svg,icons-export/all-new-figma-icons-16px/layout-left-column-three-tiles.svg,icons-export/all-new-figma-icons-16px/layout-left-column-two-tiles.svg,icons-export/all-new-figma-icons-16px/layout-linear.svg,icons-export/all-new-figma-icons-16px/layout-right-column-three-tiles.svg,icons-export/all-new-figma-icons-16px/layout-right-column-two-tiles.svg,icons-export/all-new-figma-icons-16px/layout-skew-grid.svg,icons-export/all-new-figma-icons-16px/layout-sorted-clusters.svg,icons-export/all-new-figma-icons-16px/layout-three-columns.svg,icons-export/all-new-figma-icons-16px/layout-three-rows.svg,icons-export/all-new-figma-icons-16px/layout-top-row-three-tiles.svg,icons-export/all-new-figma-icons-16px/layout-top-row-two-tiles.svg,icons-export/all-new-figma-icons-16px/layout-two-columns.svg,icons-export/all-new-figma-icons-16px/layout-two-rows.svg,icons-export/all-new-figma-icons-16px/learning.svg,icons-export/all-new-figma-icons-16px/left-join.svg,icons-export/all-new-figma-icons-16px/lengthen-text.svg,icons-export/all-new-figma-icons-16px/less-than.svg,icons-export/all-new-figma-icons-16px/less-than-or-equal-to.svg,icons-export/all-new-figma-icons-16px/lifesaver.svg,icons-export/all-new-figma-icons-16px/lightbulb.svg,icons-export/all-new-figma-icons-16px/lightning.svg,icons-export/all-new-figma-icons-16px/link.svg,icons-export/all-new-figma-icons-16px/linked-squares.svg,icons-export/all-new-figma-icons-16px/list.svg,icons-export/all-new-figma-icons-16px/list-columns.svg,icons-export/all-new-figma-icons-16px/list-detail-view.svg,icons-export/all-new-figma-icons-16px/locate.svg,icons-export/all-new-figma-icons-16px/lock.svg,icons-export/all-new-figma-icons-16px/locomotive.svg,icons-export/all-new-figma-icons-16px/log-in.svg,icons-export/all-new-figma-icons-16px/log-out.svg,icons-export/all-new-figma-icons-16px/low-voltage-pole.svg,icons-export/all-new-figma-icons-16px/manual.svg,icons-export/all-new-figma-icons-16px/manually-entered-data.svg,icons-export/all-new-figma-icons-16px/many-to-many.svg,icons-export/all-new-figma-icons-16px/many-to-one.svg,icons-export/all-new-figma-icons-16px/map.svg
[NX v22.3.1 Daemon Server] - 2026-03-19T05:20:48.128Z - [REQUEST]: 
[NX v22.3.1 Daemon Server] - 2026-03-19T05:20:48.133Z - Time taken for 'hash changed files from watcher' 7.028458000044338ms
Time for 'nx/core/project-json:createNodes' 0.05400000000372529
Time for 'nx/js/dependencies-and-lockfile:createNodes' 8.917000000015832
Time for 'nx/core/package-json:createNodes' 9.915250000020023
[NX v22.3.1 Daemon Server] - 2026-03-19T05:20:48.168Z - Time taken for 'build-project-configs' 18.228374999947846ms
Time for 'build typescript dependencies' 0.013458000030368567
[NX v22.3.1 Daemon Server] - 2026-03-19T05:20:48.188Z - [SYNC]: collect registered sync generators
[NX v22.3.1 Daemon Server] - 2026-03-19T05:20:48.189Z - [SYNC]: project graph hash is the same, not collecting task sync generators
[NX v22.3.1 Daemon Server] - 2026-03-19T05:20:48.189Z - [SYNC]: nx.json hash is the same, not collecting global sync generators
[NX v22.3.1 Daemon Server] - 2026-03-19T05:20:48.189Z - Time taken for 'total execution time for createProjectGraph()' 26.40437500004191ms
[NX v22.3.1 Daemon Server] - 2026-03-19T05:20:51.522Z - [WATCHER]: icons-export/all-new-figma-icons-16px/map-create.svg was modified
[NX v22.3.1 Daemon Server] - 2026-03-19T05:20:51.522Z - [SYNC]: clearing sync generators cache due to file changes
[NX v22.3.1 Daemon Server] - 2026-03-19T05:20:51.522Z - [WATCHER]: Processing file changes in outputs
[NX v22.3.1 Daemon Server] - 2026-03-19T05:20:51.862Z - [WATCHER]: icons-export/all-new-figma-icons-16px/map-marker.svg was modified
[NX v22.3.1 Daemon Server] - 2026-03-19T05:20:51.862Z - [SYNC]: clearing sync generators cache due to file changes
[NX v22.3.1 Daemon Server] - 2026-03-19T05:20:51.862Z - [WATCHER]: Processing file changes in outputs
[NX v22.3.1 Daemon Server] - 2026-03-19T05:20:51.979Z - [WATCHER]: icons-export/all-new-figma-icons-16px/markdown.svg was modified
[NX v22.3.1 Daemon Server] - 2026-03-19T05:20:51.979Z - [SYNC]: clearing sync generators cache due to file changes
[NX v22.3.1 Daemon Server] - 2026-03-19T05:20:51.979Z - [WATCHER]: Processing file changes in outputs
[NX v22.3.1 Daemon Server] - 2026-03-19T05:20:52.100Z - [WATCHER]: icons-export/all-new-figma-icons-16px/maximize.svg was modified
[NX v22.3.1 Daemon Server] - 2026-03-19T05:20:52.100Z - [SYNC]: clearing sync generators cache due to file changes
[NX v22.3.1 Daemon Server] - 2026-03-19T05:20:52.100Z - [WATCHER]: Processing file changes in outputs
[NX v22.3.1 Daemon Server] - 2026-03-19T05:20:52.213Z - [WATCHER]: icons-export/all-new-figma-icons-16px/media.svg was modified
[NX v22.3.1 Daemon Server] - 2026-03-19T05:20:52.213Z - [SYNC]: clearing sync generators cache due to file changes
[NX v22.3.1 Daemon Server] - 2026-03-19T05:20:52.213Z - [WATCHER]: Processing file changes in outputs
[NX v22.3.1 Daemon Server] - 2026-03-19T05:20:52.329Z - [WATCHER]: icons-export/all-new-figma-icons-16px/media-set-add.svg was modified
[NX v22.3.1 Daemon Server] - 2026-03-19T05:20:52.329Z - [SYNC]: clearing sync generators cache due to file changes
[NX v22.3.1 Daemon Server] - 2026-03-19T05:20:52.329Z - [WATCHER]: Processing file changes in outputs
[NX v22.3.1 Daemon Server] - 2026-03-19T05:20:52.452Z - [WATCHER]: icons-export/all-new-figma-icons-16px/menu.svg was modified
[NX v22.3.1 Daemon Server] - 2026-03-19T05:20:52.452Z - [SYNC]: clearing sync generators cache due to file changes
[NX v22.3.1 Daemon Server] - 2026-03-19T05:20:52.452Z - [WATCHER]: Processing file changes in outputs
[NX v22.3.1 Daemon Server] - 2026-03-19T05:20:52.564Z - [WATCHER]: icons-export/all-new-figma-icons-16px/menu-closed.svg was modified
[NX v22.3.1 Daemon Server] - 2026-03-19T05:20:52.564Z - [SYNC]: clearing sync generators cache due to file changes
[NX v22.3.1 Daemon Server] - 2026-03-19T05:20:52.564Z - [WATCHER]: Processing file changes in outputs
[NX v22.3.1 Daemon Server] - 2026-03-19T05:20:52.719Z - [WATCHER]: icons-export/all-new-figma-icons-16px/menu-open.svg was modified
[NX v22.3.1 Daemon Server] - 2026-03-19T05:20:52.719Z - [SYNC]: clearing sync generators cache due to file changes
[NX v22.3.1 Daemon Server] - 2026-03-19T05:20:52.719Z - [WATCHER]: Processing file changes in outputs
[NX v22.3.1 Daemon Server] - 2026-03-19T05:20:52.833Z - [WATCHER]: Processing file changes in outputs
[NX v22.3.1 Daemon Server] - 2026-03-19T05:20:52.841Z - [WATCHER]: icons-export/all-new-figma-icons-16px/merge-columns.svg was modified
[NX v22.3.1 Daemon Server] - 2026-03-19T05:20:52.841Z - [SYNC]: clearing sync generators cache due to file changes
[NX v22.3.1 Daemon Server] - 2026-03-19T05:20:52.953Z - [WATCHER]: icons-export/all-new-figma-icons-16px/merge-links.svg was modified
[NX v22.3.1 Daemon Server] - 2026-03-19T05:20:52.953Z - [SYNC]: clearing sync generators cache due to file changes
[NX v22.3.1 Daemon Server] - 2026-03-19T05:20:52.953Z - [WATCHER]: Processing file changes in outputs
[NX v22.3.1 Daemon Server] - 2026-03-19T05:20:53.068Z - [WATCHER]: icons-export/all-new-figma-icons-16px/microphone.svg was modified
[NX v22.3.1 Daemon Server] - 2026-03-19T05:20:53.068Z - [SYNC]: clearing sync generators cache due to file changes
[NX v22.3.1 Daemon Server] - 2026-03-19T05:20:53.068Z - [WATCHER]: Processing file changes in outputs
[NX v22.3.1 Daemon Server] - 2026-03-19T05:20:53.203Z - [WATCHER]: icons-export/all-new-figma-icons-16px/minimize.svg was modified
[NX v22.3.1 Daemon Server] - 2026-03-19T05:20:53.204Z - [SYNC]: clearing sync generators cache due to file changes
[NX v22.3.1 Daemon Server] - 2026-03-19T05:20:53.204Z - [WATCHER]: Processing file changes in outputs
[NX v22.3.1 Daemon Server] - 2026-03-19T05:20:53.320Z - [WATCHER]: icons-export/all-new-figma-icons-16px/minus.svg was modified
[NX v22.3.1 Daemon Server] - 2026-03-19T05:20:53.320Z - [SYNC]: clearing sync generators cache due to file changes
[NX v22.3.1 Daemon Server] - 2026-03-19T05:20:53.321Z - [WATCHER]: Processing file changes in outputs
[NX v22.3.1 Daemon Server] - 2026-03-19T05:20:53.428Z - [WATCHER]: Processing file changes in outputs
[NX v22.3.1 Daemon Server] - 2026-03-19T05:20:53.429Z - [WATCHER]: icons-export/all-new-figma-icons-16px/mobile-phone.svg was modified
[NX v22.3.1 Daemon Server] - 2026-03-19T05:20:53.429Z - [SYNC]: clearing sync generators cache due to file changes
[NX v22.3.1 Daemon Server] - 2026-03-19T05:20:53.543Z - [WATCHER]: icons-export/all-new-figma-icons-16px/mobile-video.svg was modified
[NX v22.3.1 Daemon Server] - 2026-03-19T05:20:53.543Z - [SYNC]: clearing sync generators cache due to file changes
[NX v22.3.1 Daemon Server] - 2026-03-19T05:20:53.543Z - [WATCHER]: Processing file changes in outputs
[NX v22.3.1 Daemon Server] - 2026-03-19T05:20:53.644Z - [WATCHER]: icons-export/all-new-figma-icons-16px/modal.svg was modified
[NX v22.3.1 Daemon Server] - 2026-03-19T05:20:53.644Z - [SYNC]: clearing sync generators cache due to file changes
[NX v22.3.1 Daemon Server] - 2026-03-19T05:20:53.644Z - [WATCHER]: Processing file changes in outputs
[NX v22.3.1 Daemon Server] - 2026-03-19T05:20:53.766Z - [WATCHER]: icons-export/all-new-figma-icons-16px/modal-filled.svg was modified
[NX v22.3.1 Daemon Server] - 2026-03-19T05:20:53.766Z - [SYNC]: clearing sync generators cache due to file changes
[NX v22.3.1 Daemon Server] - 2026-03-19T05:20:53.766Z - [WATCHER]: Processing file changes in outputs
[NX v22.3.1 Daemon Server] - 2026-03-19T05:20:53.882Z - [WATCHER]: icons-export/all-new-figma-icons-16px/model.svg was modified
[NX v22.3.1 Daemon Server] - 2026-03-19T05:20:53.882Z - [SYNC]: clearing sync generators cache due to file changes
[NX v22.3.1 Daemon Server] - 2026-03-19T05:20:53.882Z - [WATCHER]: Processing file changes in outputs
[NX v22.3.1 Daemon Server] - 2026-03-19T05:20:54.000Z - [WATCHER]: icons-export/all-new-figma-icons-16px/moon.svg was modified
[NX v22.3.1 Daemon Server] - 2026-03-19T05:20:54.000Z - [SYNC]: clearing sync generators cache due to file changes
[NX v22.3.1 Daemon Server] - 2026-03-19T05:20:54.000Z - [WATCHER]: Processing file changes in outputs
[NX v22.3.1 Daemon Server] - 2026-03-19T05:20:54.117Z - [WATCHER]: icons-export/all-new-figma-icons-16px/more.svg was modified
[NX v22.3.1 Daemon Server] - 2026-03-19T05:20:54.117Z - [SYNC]: clearing sync generators cache due to file changes
[NX v22.3.1 Daemon Server] - 2026-03-19T05:20:54.118Z - [WATCHER]: Processing file changes in outputs
[NX v22.3.1 Daemon Server] - 2026-03-19T05:20:54.236Z - [WATCHER]: icons-export/all-new-figma-icons-16px/mountain.svg was modified
[NX v22.3.1 Daemon Server] - 2026-03-19T05:20:54.236Z - [SYNC]: clearing sync generators cache due to file changes
[NX v22.3.1 Daemon Server] - 2026-03-19T05:20:54.236Z - [WATCHER]: Processing file changes in outputs
[NX v22.3.1 Daemon Server] - 2026-03-19T05:20:54.356Z - [WATCHER]: icons-export/all-new-figma-icons-16px/move.svg was modified
[NX v22.3.1 Daemon Server] - 2026-03-19T05:20:54.356Z - [SYNC]: clearing sync generators cache due to file changes
[NX v22.3.1 Daemon Server] - 2026-03-19T05:20:54.356Z - [WATCHER]: Processing file changes in outputs
[NX v22.3.1 Daemon Server] - 2026-03-19T05:20:54.469Z - [WATCHER]: icons-export/all-new-figma-icons-16px/mugshot.svg was modified
[NX v22.3.1 Daemon Server] - 2026-03-19T05:20:54.469Z - [SYNC]: clearing sync generators cache due to file changes
[NX v22.3.1 Daemon Server] - 2026-03-19T05:20:54.470Z - [WATCHER]: Processing file changes in outputs
[NX v22.3.1 Daemon Server] - 2026-03-19T05:20:54.590Z - [WATCHER]: icons-export/all-new-figma-icons-16px/multi-select.svg was modified
[NX v22.3.1 Daemon Server] - 2026-03-19T05:20:54.590Z - [SYNC]: clearing sync generators cache due to file changes
[NX v22.3.1 Daemon Server] - 2026-03-19T05:20:54.590Z - [WATCHER]: Processing file changes in outputs
[NX v22.3.1 Daemon Server] - 2026-03-19T05:20:54.695Z - [WATCHER]: icons-export/all-new-figma-icons-16px/music.svg was modified
[NX v22.3.1 Daemon Server] - 2026-03-19T05:20:54.695Z - [SYNC]: clearing sync generators cache due to file changes
[NX v22.3.1 Daemon Server] - 2026-03-19T05:20:54.695Z - [WATCHER]: Processing file changes in outputs
[NX v22.3.1 Daemon Server] - 2026-03-19T05:20:54.822Z - [WATCHER]: icons-export/all-new-figma-icons-16px/nest.svg was modified
[NX v22.3.1 Daemon Server] - 2026-03-19T05:20:54.822Z - [SYNC]: clearing sync generators cache due to file changes
[NX v22.3.1 Daemon Server] - 2026-03-19T05:20:54.822Z - [WATCHER]: Processing file changes in outputs
[NX v22.3.1 Daemon Server] - 2026-03-19T05:20:54.935Z - [WATCHER]: icons-export/all-new-figma-icons-16px/new-comment.svg was modified
[NX v22.3.1 Daemon Server] - 2026-03-19T05:20:54.935Z - [SYNC]: clearing sync generators cache due to file changes
[NX v22.3.1 Daemon Server] - 2026-03-19T05:20:54.935Z - [WATCHER]: Processing file changes in outputs
[NX v22.3.1 Daemon Server] - 2026-03-19T05:20:55.037Z - [WATCHER]: icons-export/all-new-figma-icons-16px/new-drawing.svg was modified
[NX v22.3.1 Daemon Server] - 2026-03-19T05:20:55.037Z - [SYNC]: clearing sync generators cache due to file changes
[NX v22.3.1 Daemon Server] - 2026-03-19T05:20:55.037Z - [WATCHER]: Processing file changes in outputs
[NX v22.3.1 Daemon Server] - 2026-03-19T05:20:55.157Z - [WATCHER]: icons-export/all-new-figma-icons-16px/new-grid-item.svg was modified
[NX v22.3.1 Daemon Server] - 2026-03-19T05:20:55.157Z - [SYNC]: clearing sync generators cache due to file changes
[NX v22.3.1 Daemon Server] - 2026-03-19T05:20:55.157Z - [WATCHER]: Processing file changes in outputs
[NX v22.3.1 Daemon Server] - 2026-03-19T05:20:55.256Z - [WATCHER]: icons-export/all-new-figma-icons-16px/new-layer.svg was modified
[NX v22.3.1 Daemon Server] - 2026-03-19T05:20:55.256Z - [SYNC]: clearing sync generators cache due to file changes
[NX v22.3.1 Daemon Server] - 2026-03-19T05:20:55.256Z - [WATCHER]: Processing file changes in outputs
[NX v22.3.1 Daemon Server] - 2026-03-19T05:20:55.373Z - [WATCHER]: icons-export/all-new-figma-icons-16px/new-layers.svg was modified
[NX v22.3.1 Daemon Server] - 2026-03-19T05:20:55.373Z - [SYNC]: clearing sync generators cache due to file changes
[NX v22.3.1 Daemon Server] - 2026-03-19T05:20:55.373Z - [WATCHER]: Processing file changes in outputs
[NX v22.3.1 Daemon Server] - 2026-03-19T05:20:55.477Z - [WATCHER]: icons-export/all-new-figma-icons-16px/new-link.svg was modified
[NX v22.3.1 Daemon Server] - 2026-03-19T05:20:55.477Z - [SYNC]: clearing sync generators cache due to file changes
[NX v22.3.1 Daemon Server] - 2026-03-19T05:20:55.477Z - [WATCHER]: Processing file changes in outputs
[NX v22.3.1 Daemon Server] - 2026-03-19T05:20:55.598Z - [WATCHER]: icons-export/all-new-figma-icons-16px/new-object.svg was modified
[NX v22.3.1 Daemon Server] - 2026-03-19T05:20:55.598Z - [SYNC]: clearing sync generators cache due to file changes
[NX v22.3.1 Daemon Server] - 2026-03-19T05:20:55.598Z - [WATCHER]: Processing file changes in outputs
[NX v22.3.1 Daemon Server] - 2026-03-19T05:20:55.705Z - [WATCHER]: icons-export/all-new-figma-icons-16px/new-person.svg was modified
[NX v22.3.1 Daemon Server] - 2026-03-19T05:20:55.706Z - [SYNC]: clearing sync generators cache due to file changes
[NX v22.3.1 Daemon Server] - 2026-03-19T05:20:55.706Z - [WATCHER]: Processing file changes in outputs
[NX v22.3.1 Daemon Server] - 2026-03-19T05:20:55.821Z - [WATCHER]: icons-export/all-new-figma-icons-16px/new-prescription.svg was modified
[NX v22.3.1 Daemon Server] - 2026-03-19T05:20:55.821Z - [SYNC]: clearing sync generators cache due to file changes
[NX v22.3.1 Daemon Server] - 2026-03-19T05:20:55.821Z - [WATCHER]: Processing file changes in outputs
[NX v22.3.1 Daemon Server] - 2026-03-19T05:20:55.924Z - [WATCHER]: icons-export/all-new-figma-icons-16px/new-shield.svg was modified
[NX v22.3.1 Daemon Server] - 2026-03-19T05:20:55.924Z - [SYNC]: clearing sync generators cache due to file changes
[NX v22.3.1 Daemon Server] - 2026-03-19T05:20:55.924Z - [WATCHER]: Processing file changes in outputs
[NX v22.3.1 Daemon Server] - 2026-03-19T05:20:56.044Z - [WATCHER]: icons-export/all-new-figma-icons-16px/new-text-box.svg was modified
[NX v22.3.1 Daemon Server] - 2026-03-19T05:20:56.044Z - [SYNC]: clearing sync generators cache due to file changes
[NX v22.3.1 Daemon Server] - 2026-03-19T05:20:56.044Z - [WATCHER]: Processing file changes in outputs
[NX v22.3.1 Daemon Server] - 2026-03-19T05:20:56.161Z - [WATCHER]: icons-export/all-new-figma-icons-16px/ninja.svg was modified
[NX v22.3.1 Daemon Server] - 2026-03-19T05:20:56.161Z - [SYNC]: clearing sync generators cache due to file changes
[NX v22.3.1 Daemon Server] - 2026-03-19T05:20:56.161Z - [WATCHER]: Processing file changes in outputs
[NX v22.3.1 Daemon Server] - 2026-03-19T05:20:56.261Z - [WATCHER]: icons-export/all-new-figma-icons-16px/not-equal-to.svg was modified
[NX v22.3.1 Daemon Server] - 2026-03-19T05:20:56.262Z - [SYNC]: clearing sync generators cache due to file changes
[NX v22.3.1 Daemon Server] - 2026-03-19T05:20:56.262Z - [WATCHER]: Processing file changes in outputs
[NX v22.3.1 Daemon Server] - 2026-03-19T05:20:56.387Z - [WATCHER]: icons-export/all-new-figma-icons-16px/notifications.svg was modified
[NX v22.3.1 Daemon Server] - 2026-03-19T05:20:56.387Z - [SYNC]: clearing sync generators cache due to file changes
[NX v22.3.1 Daemon Server] - 2026-03-19T05:20:56.387Z - [WATCHER]: Processing file changes in outputs
[NX v22.3.1 Daemon Server] - 2026-03-19T05:20:56.514Z - [WATCHER]: icons-export/all-new-figma-icons-16px/notifications-add.svg was modified
[NX v22.3.1 Daemon Server] - 2026-03-19T05:20:56.514Z - [SYNC]: clearing sync generators cache due to file changes
[NX v22.3.1 Daemon Server] - 2026-03-19T05:20:56.515Z - [WATCHER]: Processing file changes in outputs
[NX v22.3.1 Daemon Server] - 2026-03-19T05:20:56.620Z - [WATCHER]: Processing file changes in outputs
[NX v22.3.1 Daemon Server] - 2026-03-19T05:20:56.623Z - [WATCHER]: icons-export/all-new-figma-icons-16px/notifications-snooze.svg was modified
[NX v22.3.1 Daemon Server] - 2026-03-19T05:20:56.623Z - [SYNC]: clearing sync generators cache due to file changes
[NX v22.3.1 Daemon Server] - 2026-03-19T05:20:56.733Z - [WATCHER]: icons-export/all-new-figma-icons-16px/notifications-updated.svg was modified
[NX v22.3.1 Daemon Server] - 2026-03-19T05:20:56.733Z - [SYNC]: clearing sync generators cache due to file changes
[NX v22.3.1 Daemon Server] - 2026-03-19T05:20:56.733Z - [WATCHER]: Processing file changes in outputs
[NX v22.3.1 Daemon Server] - 2026-03-19T05:20:56.853Z - [WATCHER]: icons-export/all-new-figma-icons-16px/numbered-list.svg was modified
[NX v22.3.1 Daemon Server] - 2026-03-19T05:20:56.853Z - [SYNC]: clearing sync generators cache due to file changes
[NX v22.3.1 Daemon Server] - 2026-03-19T05:20:56.853Z - [WATCHER]: Processing file changes in outputs
[NX v22.3.1 Daemon Server] - 2026-03-19T05:20:56.960Z - [WATCHER]: icons-export/all-new-figma-icons-16px/numerical.svg was modified
[NX v22.3.1 Daemon Server] - 2026-03-19T05:20:56.960Z - [SYNC]: clearing sync generators cache due to file changes
[NX v22.3.1 Daemon Server] - 2026-03-19T05:20:56.960Z - [WATCHER]: Processing file changes in outputs
[NX v22.3.1 Daemon Server] - 2026-03-19T05:20:57.069Z - [WATCHER]: icons-export/all-new-figma-icons-16px/object-view.svg was modified
[NX v22.3.1 Daemon Server] - 2026-03-19T05:20:57.070Z - [SYNC]: clearing sync generators cache due to file changes
[NX v22.3.1 Daemon Server] - 2026-03-19T05:20:57.070Z - [WATCHER]: Processing file changes in outputs
[NX v22.3.1 Daemon Server] - 2026-03-19T05:20:57.186Z - [WATCHER]: icons-export/all-new-figma-icons-16px/office.svg was modified
[NX v22.3.1 Daemon Server] - 2026-03-19T05:20:57.186Z - [SYNC]: clearing sync generators cache due to file changes
[NX v22.3.1 Daemon Server] - 2026-03-19T05:20:57.186Z - [WATCHER]: Processing file changes in outputs
[NX v22.3.1 Daemon Server] - 2026-03-19T05:20:57.302Z - [WATCHER]: icons-export/all-new-figma-icons-16px/offline.svg was modified
[NX v22.3.1 Daemon Server] - 2026-03-19T05:20:57.302Z - [SYNC]: clearing sync generators cache due to file changes
[NX v22.3.1 Daemon Server] - 2026-03-19T05:20:57.302Z - [WATCHER]: Processing file changes in outputs
[NX v22.3.1 Daemon Server] - 2026-03-19T05:20:57.410Z - [WATCHER]: icons-export/all-new-figma-icons-16px/oil-field.svg was modified
[NX v22.3.1 Daemon Server] - 2026-03-19T05:20:57.410Z - [SYNC]: clearing sync generators cache due to file changes
[NX v22.3.1 Daemon Server] - 2026-03-19T05:20:57.410Z - [WATCHER]: Processing file changes in outputs
[NX v22.3.1 Daemon Server] - 2026-03-19T05:20:57.565Z - [WATCHER]: icons-export/all-new-figma-icons-16px/one-column.svg was modified
[NX v22.3.1 Daemon Server] - 2026-03-19T05:20:57.565Z - [SYNC]: clearing sync generators cache due to file changes
[NX v22.3.1 Daemon Server] - 2026-03-19T05:20:57.565Z - [WATCHER]: Processing file changes in outputs
[NX v22.3.1 Daemon Server] - 2026-03-19T05:20:57.690Z - [WATCHER]: icons-export/all-new-figma-icons-16px/one-to-many.svg was modified
[NX v22.3.1 Daemon Server] - 2026-03-19T05:20:57.690Z - [SYNC]: clearing sync generators cache due to file changes
[NX v22.3.1 Daemon Server] - 2026-03-19T05:20:57.690Z - [WATCHER]: Processing file changes in outputs
[NX v22.3.1 Daemon Server] - 2026-03-19T05:20:57.805Z - [WATCHER]: icons-export/all-new-figma-icons-16px/one-to-one.svg was modified
[NX v22.3.1 Daemon Server] - 2026-03-19T05:20:57.805Z - [SYNC]: clearing sync generators cache due to file changes
[NX v22.3.1 Daemon Server] - 2026-03-19T05:20:57.805Z - [WATCHER]: Processing file changes in outputs
[NX v22.3.1 Daemon Server] - 2026-03-19T05:20:57.932Z - [REQUEST]: Updated workspace context based on watched changes, recomputing project graph...
[NX v22.3.1 Daemon Server] - 2026-03-19T05:20:57.932Z - [REQUEST]: icons-export/all-new-figma-icons-16px/map-create.svg,icons-export/all-new-figma-icons-16px/map-marker.svg,icons-export/all-new-figma-icons-16px/markdown.svg,icons-export/all-new-figma-icons-16px/maximize.svg,icons-export/all-new-figma-icons-16px/media.svg,icons-export/all-new-figma-icons-16px/media-set-add.svg,icons-export/all-new-figma-icons-16px/menu.svg,icons-export/all-new-figma-icons-16px/menu-closed.svg,icons-export/all-new-figma-icons-16px/menu-open.svg,icons-export/all-new-figma-icons-16px/merge-columns.svg,icons-export/all-new-figma-icons-16px/merge-links.svg,icons-export/all-new-figma-icons-16px/microphone.svg,icons-export/all-new-figma-icons-16px/minimize.svg,icons-export/all-new-figma-icons-16px/minus.svg,icons-export/all-new-figma-icons-16px/mobile-phone.svg,icons-export/all-new-figma-icons-16px/mobile-video.svg,icons-export/all-new-figma-icons-16px/modal.svg,icons-export/all-new-figma-icons-16px/modal-filled.svg,icons-export/all-new-figma-icons-16px/model.svg,icons-export/all-new-figma-icons-16px/moon.svg,icons-export/all-new-figma-icons-16px/more.svg,icons-export/all-new-figma-icons-16px/mountain.svg,icons-export/all-new-figma-icons-16px/move.svg,icons-export/all-new-figma-icons-16px/mugshot.svg,icons-export/all-new-figma-icons-16px/multi-select.svg,icons-export/all-new-figma-icons-16px/music.svg,icons-export/all-new-figma-icons-16px/nest.svg,icons-export/all-new-figma-icons-16px/new-comment.svg,icons-export/all-new-figma-icons-16px/new-drawing.svg,icons-export/all-new-figma-icons-16px/new-grid-item.svg,icons-export/all-new-figma-icons-16px/new-layer.svg,icons-export/all-new-figma-icons-16px/new-layers.svg,icons-export/all-new-figma-icons-16px/new-link.svg,icons-export/all-new-figma-icons-16px/new-object.svg,icons-export/all-new-figma-icons-16px/new-person.svg,icons-export/all-new-figma-icons-16px/new-prescription.svg,icons-export/all-new-figma-icons-16px/new-shield.svg,icons-export/all-new-figma-icons-16px/new-text-box.svg,icons-export/all-new-figma-icons-16px/ninja.svg,icons-export/all-new-figma-icons-16px/not-equal-to.svg,icons-export/all-new-figma-icons-16px/notifications.svg,icons-export/all-new-figma-icons-16px/notifications-add.svg,icons-export/all-new-figma-icons-16px/notifications-snooze.svg,icons-export/all-new-figma-icons-16px/notifications-updated.svg,icons-export/all-new-figma-icons-16px/numbered-list.svg,icons-export/all-new-figma-icons-16px/numerical.svg,icons-export/all-new-figma-icons-16px/object-view.svg,icons-export/all-new-figma-icons-16px/office.svg,icons-export/all-new-figma-icons-16px/offline.svg,icons-export/all-new-figma-icons-16px/oil-field.svg,icons-export/all-new-figma-icons-16px/one-column.svg,icons-export/all-new-figma-icons-16px/one-to-many.svg,icons-export/all-new-figma-icons-16px/one-to-one.svg
[NX v22.3.1 Daemon Server] - 2026-03-19T05:20:57.932Z - [REQUEST]: 
[NX v22.3.1 Daemon Server] - 2026-03-19T05:20:57.938Z - Time taken for 'hash changed files from watcher' 8.738959000038449ms
Time for 'nx/core/project-json:createNodes' 0.05470799998147413
Time for 'nx/js/dependencies-and-lockfile:createNodes' 10.912083000002895
Time for 'nx/core/package-json:createNodes' 16.726457999960985
[NX v22.3.1 Daemon Server] - 2026-03-19T05:20:57.977Z - Time taken for 'build-project-configs' 21.880291000008583ms
[NX v22.3.1 Daemon Server] - 2026-03-19T05:20:57.977Z - [WATCHER]: icons-export/all-new-figma-icons-16px/open-application.svg was modified
[NX v22.3.1 Daemon Server] - 2026-03-19T05:20:57.977Z - [SYNC]: clearing sync generators cache due to file changes
[NX v22.3.1 Daemon Server] - 2026-03-19T05:20:57.977Z - [WATCHER]: Processing file changes in outputs
Time for 'build typescript dependencies' 0.019709000014699996
[NX v22.3.1 Daemon Server] - 2026-03-19T05:20:58.004Z - [SYNC]: collect registered sync generators
[NX v22.3.1 Daemon Server] - 2026-03-19T05:20:58.005Z - [SYNC]: project graph hash is the same, not collecting task sync generators
[NX v22.3.1 Daemon Server] - 2026-03-19T05:20:58.005Z - [SYNC]: nx.json hash is the same, not collecting global sync generators
[NX v22.3.1 Daemon Server] - 2026-03-19T05:20:58.005Z - Time taken for 'total execution time for createProjectGraph()' 35.50454200000968ms
[NX v22.3.1 Daemon Server] - 2026-03-19T05:20:58.077Z - [WATCHER]: icons-export/all-new-figma-icons-16px/outdated.svg was modified
[NX v22.3.1 Daemon Server] - 2026-03-19T05:20:58.077Z - [SYNC]: clearing sync generators cache due to file changes
[NX v22.3.1 Daemon Server] - 2026-03-19T05:20:58.077Z - [WATCHER]: Processing file changes in outputs
[NX v22.3.1 Daemon Server] - 2026-03-19T05:20:58.259Z - [WATCHER]: icons-export/all-new-figma-icons-16px/outer-join.svg was modified
[NX v22.3.1 Daemon Server] - 2026-03-19T05:20:58.259Z - [SYNC]: clearing sync generators cache due to file changes
[NX v22.3.1 Daemon Server] - 2026-03-19T05:20:58.259Z - [WATCHER]: Processing file changes in outputs
[NX v22.3.1 Daemon Server] - 2026-03-19T05:20:58.370Z - [WATCHER]: icons-export/all-new-figma-icons-16px/output.svg was modified
[NX v22.3.1 Daemon Server] - 2026-03-19T05:20:58.371Z - [SYNC]: clearing sync generators cache due to file changes
[NX v22.3.1 Daemon Server] - 2026-03-19T05:20:58.371Z - [WATCHER]: Processing file changes in outputs
[NX v22.3.1 Daemon Server] - 2026-03-19T05:20:58.481Z - [WATCHER]: icons-export/all-new-figma-icons-16px/package.svg was modified
[NX v22.3.1 Daemon Server] - 2026-03-19T05:20:58.482Z - [SYNC]: clearing sync generators cache due to file changes
[NX v22.3.1 Daemon Server] - 2026-03-19T05:20:58.482Z - [WATCHER]: Processing file changes in outputs
[NX v22.3.1 Daemon Server] - 2026-03-19T05:20:58.600Z - [WATCHER]: icons-export/all-new-figma-icons-16px/page-break.svg was modified
[NX v22.3.1 Daemon Server] - 2026-03-19T05:20:58.602Z - [SYNC]: clearing sync generators cache due to file changes
[NX v22.3.1 Daemon Server] - 2026-03-19T05:20:58.603Z - [WATCHER]: Processing file changes in outputs
[NX v22.3.1 Daemon Server] - 2026-03-19T05:20:58.714Z - [WATCHER]: icons-export/all-new-figma-icons-16px/page-layout.svg was modified
[NX v22.3.1 Daemon Server] - 2026-03-19T05:20:58.714Z - [SYNC]: clearing sync generators cache due to file changes
[NX v22.3.1 Daemon Server] - 2026-03-19T05:20:58.715Z - [WATCHER]: Processing file changes in outputs
[NX v22.3.1 Daemon Server] - 2026-03-19T05:20:58.855Z - [WATCHER]: icons-export/all-new-figma-icons-16px/panel.svg was modified
[NX v22.3.1 Daemon Server] - 2026-03-19T05:20:58.855Z - [SYNC]: clearing sync generators cache due to file changes
[NX v22.3.1 Daemon Server] - 2026-03-19T05:20:58.855Z - [WATCHER]: Processing file changes in outputs
[NX v22.3.1 Daemon Server] - 2026-03-19T05:20:58.989Z - [WATCHER]: icons-export/all-new-figma-icons-16px/panel-stats.svg was modified
[NX v22.3.1 Daemon Server] - 2026-03-19T05:20:58.989Z - [SYNC]: clearing sync generators cache due to file changes
[NX v22.3.1 Daemon Server] - 2026-03-19T05:20:58.989Z - [WATCHER]: Processing file changes in outputs
[NX v22.3.1 Daemon Server] - 2026-03-19T05:20:59.133Z - [WATCHER]: icons-export/all-new-figma-icons-16px/panel-table.svg was modified
[NX v22.3.1 Daemon Server] - 2026-03-19T05:20:59.133Z - [SYNC]: clearing sync generators cache due to file changes
[NX v22.3.1 Daemon Server] - 2026-03-19T05:20:59.133Z - [WATCHER]: Processing file changes in outputs
[NX v22.3.1 Daemon Server] - 2026-03-19T05:20:59.253Z - [WATCHER]: icons-export/all-new-figma-icons-16px/paperclip.svg was modified
[NX v22.3.1 Daemon Server] - 2026-03-19T05:20:59.253Z - [SYNC]: clearing sync generators cache due to file changes
[NX v22.3.1 Daemon Server] - 2026-03-19T05:20:59.254Z - [WATCHER]: Processing file changes in outputs
[NX v22.3.1 Daemon Server] - 2026-03-19T05:20:59.366Z - [WATCHER]: icons-export/all-new-figma-icons-16px/paragraph.svg was modified
[NX v22.3.1 Daemon Server] - 2026-03-19T05:20:59.366Z - [SYNC]: clearing sync generators cache due to file changes
[NX v22.3.1 Daemon Server] - 2026-03-19T05:20:59.367Z - [WATCHER]: Processing file changes in outputs
[NX v22.3.1 Daemon Server] - 2026-03-19T05:20:59.494Z - [WATCHER]: icons-export/all-new-figma-icons-16px/paste-variable.svg was modified
[NX v22.3.1 Daemon Server] - 2026-03-19T05:20:59.494Z - [SYNC]: clearing sync generators cache due to file changes
[NX v22.3.1 Daemon Server] - 2026-03-19T05:20:59.494Z - [WATCHER]: Processing file changes in outputs
[NX v22.3.1 Daemon Server] - 2026-03-19T05:20:59.611Z - [WATCHER]: icons-export/all-new-figma-icons-16px/path.svg was modified
[NX v22.3.1 Daemon Server] - 2026-03-19T05:20:59.611Z - [SYNC]: clearing sync generators cache due to file changes
[NX v22.3.1 Daemon Server] - 2026-03-19T05:20:59.611Z - [WATCHER]: Processing file changes in outputs
[NX v22.3.1 Daemon Server] - 2026-03-19T05:20:59.726Z - [WATCHER]: icons-export/all-new-figma-icons-16px/path-search.svg was modified
[NX v22.3.1 Daemon Server] - 2026-03-19T05:20:59.727Z - [SYNC]: clearing sync generators cache due to file changes
[NX v22.3.1 Daemon Server] - 2026-03-19T05:20:59.727Z - [WATCHER]: Processing file changes in outputs
[NX v22.3.1 Daemon Server] - 2026-03-19T05:20:59.840Z - [WATCHER]: Processing file changes in outputs
[NX v22.3.1 Daemon Server] - 2026-03-19T05:20:59.842Z - [WATCHER]: icons-export/all-new-figma-icons-16px/pause.svg was modified
[NX v22.3.1 Daemon Server] - 2026-03-19T05:20:59.842Z - [SYNC]: clearing sync generators cache due to file changes
[NX v22.3.1 Daemon Server] - 2026-03-19T05:20:59.986Z - [WATCHER]: icons-export/all-new-figma-icons-16px/people.svg was modified
[NX v22.3.1 Daemon Server] - 2026-03-19T05:20:59.986Z - [SYNC]: clearing sync generators cache due to file changes
[NX v22.3.1 Daemon Server] - 2026-03-19T05:20:59.986Z - [WATCHER]: Processing file changes in outputs
[NX v22.3.1 Daemon Server] - 2026-03-19T05:21:00.099Z - [WATCHER]: icons-export/all-new-figma-icons-16px/percentage.svg was modified
[NX v22.3.1 Daemon Server] - 2026-03-19T05:21:00.099Z - [SYNC]: clearing sync generators cache due to file changes
[NX v22.3.1 Daemon Server] - 2026-03-19T05:21:00.099Z - [WATCHER]: Processing file changes in outputs
[NX v22.3.1 Daemon Server] - 2026-03-19T05:21:00.230Z - [WATCHER]: icons-export/all-new-figma-icons-16px/person.svg was modified
[NX v22.3.1 Daemon Server] - 2026-03-19T05:21:00.230Z - [SYNC]: clearing sync generators cache due to file changes
[NX v22.3.1 Daemon Server] - 2026-03-19T05:21:00.230Z - [WATCHER]: Processing file changes in outputs
[NX v22.3.1 Daemon Server] - 2026-03-19T05:21:00.362Z - [WATCHER]: icons-export/all-new-figma-icons-16px/phone.svg was modified
[NX v22.3.1 Daemon Server] - 2026-03-19T05:21:00.362Z - [SYNC]: clearing sync generators cache due to file changes
[NX v22.3.1 Daemon Server] - 2026-03-19T05:21:00.363Z - [WATCHER]: Processing file changes in outputs
[NX v22.3.1 Daemon Server] - 2026-03-19T05:21:00.484Z - [WATCHER]: icons-export/all-new-figma-icons-16px/phone-call.svg was modified
[NX v22.3.1 Daemon Server] - 2026-03-19T05:21:00.484Z - [SYNC]: clearing sync generators cache due to file changes
[NX v22.3.1 Daemon Server] - 2026-03-19T05:21:00.484Z - [WATCHER]: Processing file changes in outputs
[NX v22.3.1 Daemon Server] - 2026-03-19T05:21:00.596Z - [WATCHER]: icons-export/all-new-figma-icons-16px/phone-forward.svg was modified
[NX v22.3.1 Daemon Server] - 2026-03-19T05:21:00.596Z - [SYNC]: clearing sync generators cache due to file changes
[NX v22.3.1 Daemon Server] - 2026-03-19T05:21:00.596Z - [WATCHER]: Processing file changes in outputs
[NX v22.3.1 Daemon Server] - 2026-03-19T05:21:00.698Z - [WATCHER]: icons-export/all-new-figma-icons-16px/phone-search.svg was modified
[NX v22.3.1 Daemon Server] - 2026-03-19T05:21:00.698Z - [SYNC]: clearing sync generators cache due to file changes
[NX v22.3.1 Daemon Server] - 2026-03-19T05:21:00.698Z - [WATCHER]: Processing file changes in outputs
[NX v22.3.1 Daemon Server] - 2026-03-19T05:21:00.843Z - [WATCHER]: icons-export/all-new-figma-icons-16px/pie-chart.svg was modified
[NX v22.3.1 Daemon Server] - 2026-03-19T05:21:00.843Z - [SYNC]: clearing sync generators cache due to file changes
[NX v22.3.1 Daemon Server] - 2026-03-19T05:21:00.843Z - [WATCHER]: Processing file changes in outputs
[NX v22.3.1 Daemon Server] - 2026-03-19T05:21:00.962Z - [WATCHER]: icons-export/all-new-figma-icons-16px/pill.svg was modified
[NX v22.3.1 Daemon Server] - 2026-03-19T05:21:00.962Z - [SYNC]: clearing sync generators cache due to file changes
[NX v22.3.1 Daemon Server] - 2026-03-19T05:21:00.962Z - [WATCHER]: Processing file changes in outputs
[NX v22.3.1 Daemon Server] - 2026-03-19T05:21:01.085Z - [WATCHER]: icons-export/all-new-figma-icons-16px/pin.svg was modified
[NX v22.3.1 Daemon Server] - 2026-03-19T05:21:01.085Z - [SYNC]: clearing sync generators cache due to file changes
[NX v22.3.1 Daemon Server] - 2026-03-19T05:21:01.085Z - [WATCHER]: Processing file changes in outputs
[NX v22.3.1 Daemon Server] - 2026-03-19T05:21:01.202Z - [WATCHER]: icons-export/all-new-figma-icons-16px/pistol.svg was modified
[NX v22.3.1 Daemon Server] - 2026-03-19T05:21:01.202Z - [SYNC]: clearing sync generators cache due to file changes
[NX v22.3.1 Daemon Server] - 2026-03-19T05:21:01.202Z - [WATCHER]: Processing file changes in outputs
[NX v22.3.1 Daemon Server] - 2026-03-19T05:21:01.316Z - [WATCHER]: icons-export/all-new-figma-icons-16px/pivot.svg was modified
[NX v22.3.1 Daemon Server] - 2026-03-19T05:21:01.316Z - [SYNC]: clearing sync generators cache due to file changes
[NX v22.3.1 Daemon Server] - 2026-03-19T05:21:01.316Z - [WATCHER]: Processing file changes in outputs
[NX v22.3.1 Daemon Server] - 2026-03-19T05:21:01.450Z - [WATCHER]: icons-export/all-new-figma-icons-16px/pivot-table.svg was modified
[NX v22.3.1 Daemon Server] - 2026-03-19T05:21:01.450Z - [SYNC]: clearing sync generators cache due to file changes
[NX v22.3.1 Daemon Server] - 2026-03-19T05:21:01.450Z - [WATCHER]: Processing file changes in outputs
[NX v22.3.1 Daemon Server] - 2026-03-19T05:21:01.575Z - [WATCHER]: icons-export/all-new-figma-icons-16px/play.svg was modified
[NX v22.3.1 Daemon Server] - 2026-03-19T05:21:01.575Z - [SYNC]: clearing sync generators cache due to file changes
[NX v22.3.1 Daemon Server] - 2026-03-19T05:21:01.575Z - [WATCHER]: Processing file changes in outputs
[NX v22.3.1 Daemon Server] - 2026-03-19T05:21:01.740Z - [WATCHER]: icons-export/all-new-figma-icons-16px/playbook.svg was modified
[NX v22.3.1 Daemon Server] - 2026-03-19T05:21:01.740Z - [SYNC]: clearing sync generators cache due to file changes
[NX v22.3.1 Daemon Server] - 2026-03-19T05:21:01.740Z - [WATCHER]: Processing file changes in outputs
[NX v22.3.1 Daemon Server] - 2026-03-19T05:21:01.885Z - [WATCHER]: icons-export/all-new-figma-icons-16px/plus.svg was modified
[NX v22.3.1 Daemon Server] - 2026-03-19T05:21:01.886Z - [SYNC]: clearing sync generators cache due to file changes
[NX v22.3.1 Daemon Server] - 2026-03-19T05:21:01.886Z - [WATCHER]: Processing file changes in outputs
[NX v22.3.1 Daemon Server] - 2026-03-19T05:21:02.008Z - [WATCHER]: icons-export/all-new-figma-icons-16px/polygon-filter.svg was modified
[NX v22.3.1 Daemon Server] - 2026-03-19T05:21:02.009Z - [SYNC]: clearing sync generators cache due to file changes
[NX v22.3.1 Daemon Server] - 2026-03-19T05:21:02.009Z - [WATCHER]: Processing file changes in outputs
[NX v22.3.1 Daemon Server] - 2026-03-19T05:21:02.137Z - [WATCHER]: icons-export/all-new-figma-icons-16px/popout.svg was modified
[NX v22.3.1 Daemon Server] - 2026-03-19T05:21:02.137Z - [SYNC]: clearing sync generators cache due to file changes
[NX v22.3.1 Daemon Server] - 2026-03-19T05:21:02.137Z - [WATCHER]: Processing file changes in outputs
[NX v22.3.1 Daemon Server] - 2026-03-19T05:21:02.276Z - [WATCHER]: icons-export/all-new-figma-icons-16px/power.svg was modified
[NX v22.3.1 Daemon Server] - 2026-03-19T05:21:02.276Z - [SYNC]: clearing sync generators cache due to file changes
[NX v22.3.1 Daemon Server] - 2026-03-19T05:21:02.276Z - [WATCHER]: Processing file changes in outputs
[NX v22.3.1 Daemon Server] - 2026-03-19T05:21:02.416Z - [WATCHER]: icons-export/all-new-figma-icons-16px/predictive-analysis.svg was modified
[NX v22.3.1 Daemon Server] - 2026-03-19T05:21:02.416Z - [SYNC]: clearing sync generators cache due to file changes
[NX v22.3.1 Daemon Server] - 2026-03-19T05:21:02.416Z - [WATCHER]: Processing file changes in outputs
[NX v22.3.1 Daemon Server] - 2026-03-19T05:21:02.543Z - [WATCHER]: icons-export/all-new-figma-icons-16px/prescription.svg was modified
[NX v22.3.1 Daemon Server] - 2026-03-19T05:21:02.543Z - [SYNC]: clearing sync generators cache due to file changes
[NX v22.3.1 Daemon Server] - 2026-03-19T05:21:02.543Z - [WATCHER]: Processing file changes in outputs
[NX v22.3.1 Daemon Server] - 2026-03-19T05:21:02.666Z - [WATCHER]: icons-export/all-new-figma-icons-16px/presentation.svg was modified
[NX v22.3.1 Daemon Server] - 2026-03-19T05:21:02.666Z - [SYNC]: clearing sync generators cache due to file changes
[NX v22.3.1 Daemon Server] - 2026-03-19T05:21:02.666Z - [WATCHER]: Processing file changes in outputs
[NX v22.3.1 Daemon Server] - 2026-03-19T05:21:02.775Z - [WATCHER]: icons-export/all-new-figma-icons-16px/print.svg was modified
[NX v22.3.1 Daemon Server] - 2026-03-19T05:21:02.776Z - [SYNC]: clearing sync generators cache due to file changes
[NX v22.3.1 Daemon Server] - 2026-03-19T05:21:02.776Z - [WATCHER]: Processing file changes in outputs
[NX v22.3.1 Daemon Server] - 2026-03-19T05:21:02.890Z - [WATCHER]: icons-export/all-new-figma-icons-16px/projects.svg was modified
[NX v22.3.1 Daemon Server] - 2026-03-19T05:21:02.890Z - [SYNC]: clearing sync generators cache due to file changes
[NX v22.3.1 Daemon Server] - 2026-03-19T05:21:02.890Z - [WATCHER]: Processing file changes in outputs
[NX v22.3.1 Daemon Server] - 2026-03-19T05:21:03.000Z - [WATCHER]: icons-export/all-new-figma-icons-16px/properties.svg was modified
[NX v22.3.1 Daemon Server] - 2026-03-19T05:21:03.000Z - [SYNC]: clearing sync generators cache due to file changes
[NX v22.3.1 Daemon Server] - 2026-03-19T05:21:03.001Z - [WATCHER]: Processing file changes in outputs
[NX v22.3.1 Daemon Server] - 2026-03-19T05:21:03.128Z - [WATCHER]: icons-export/all-new-figma-icons-16px/property.svg was modified
[NX v22.3.1 Daemon Server] - 2026-03-19T05:21:03.129Z - [SYNC]: clearing sync generators cache due to file changes
[NX v22.3.1 Daemon Server] - 2026-03-19T05:21:03.129Z - [WATCHER]: Processing file changes in outputs
[NX v22.3.1 Daemon Server] - 2026-03-19T05:21:03.236Z - [WATCHER]: icons-export/all-new-figma-icons-16px/publish-function.svg was modified
[NX v22.3.1 Daemon Server] - 2026-03-19T05:21:03.236Z - [SYNC]: clearing sync generators cache due to file changes
[NX v22.3.1 Daemon Server] - 2026-03-19T05:21:03.236Z - [WATCHER]: Processing file changes in outputs
[NX v22.3.1 Daemon Server] - 2026-03-19T05:21:03.434Z - [WATCHER]: icons-export/all-new-figma-icons-16px/pulse.svg was modified
[NX v22.3.1 Daemon Server] - 2026-03-19T05:21:03.434Z - [SYNC]: clearing sync generators cache due to file changes
[NX v22.3.1 Daemon Server] - 2026-03-19T05:21:03.434Z - [WATCHER]: Processing file changes in outputs
[NX v22.3.1 Daemon Server] - 2026-03-19T05:21:03.565Z - [WATCHER]: icons-export/all-new-figma-icons-16px/rain.svg was modified
[NX v22.3.1 Daemon Server] - 2026-03-19T05:21:03.565Z - [SYNC]: clearing sync generators cache due to file changes
[NX v22.3.1 Daemon Server] - 2026-03-19T05:21:03.565Z - [WATCHER]: Processing file changes in outputs
[NX v22.3.1 Daemon Server] - 2026-03-19T05:21:03.726Z - [WATCHER]: icons-export/all-new-figma-icons-16px/random.svg was modified
[NX v22.3.1 Daemon Server] - 2026-03-19T05:21:03.727Z - [SYNC]: clearing sync generators cache due to file changes
[NX v22.3.1 Daemon Server] - 2026-03-19T05:21:03.727Z - [WATCHER]: Processing file changes in outputs
[NX v22.3.1 Daemon Server] - 2026-03-19T05:21:03.865Z - [WATCHER]: icons-export/all-new-figma-icons-16px/range-ring.svg was modified
[NX v22.3.1 Daemon Server] - 2026-03-19T05:21:03.865Z - [SYNC]: clearing sync generators cache due to file changes
[NX v22.3.1 Daemon Server] - 2026-03-19T05:21:03.865Z - [WATCHER]: Processing file changes in outputs
[NX v22.3.1 Daemon Server] - 2026-03-19T05:21:04.386Z - [REQUEST]: Updated workspace context based on watched changes, recomputing project graph...
[NX v22.3.1 Daemon Server] - 2026-03-19T05:21:04.387Z - [REQUEST]: icons-export/all-new-figma-icons-16px/open-application.svg,icons-export/all-new-figma-icons-16px/outdated.svg,icons-export/all-new-figma-icons-16px/outer-join.svg,icons-export/all-new-figma-icons-16px/output.svg,icons-export/all-new-figma-icons-16px/package.svg,icons-export/all-new-figma-icons-16px/page-break.svg,icons-export/all-new-figma-icons-16px/page-layout.svg,icons-export/all-new-figma-icons-16px/panel.svg,icons-export/all-new-figma-icons-16px/panel-stats.svg,icons-export/all-new-figma-icons-16px/panel-table.svg,icons-export/all-new-figma-icons-16px/paperclip.svg,icons-export/all-new-figma-icons-16px/paragraph.svg,icons-export/all-new-figma-icons-16px/paste-variable.svg,icons-export/all-new-figma-icons-16px/path.svg,icons-export/all-new-figma-icons-16px/path-search.svg,icons-export/all-new-figma-icons-16px/pause.svg,icons-export/all-new-figma-icons-16px/people.svg,icons-export/all-new-figma-icons-16px/percentage.svg,icons-export/all-new-figma-icons-16px/person.svg,icons-export/all-new-figma-icons-16px/phone.svg,icons-export/all-new-figma-icons-16px/phone-call.svg,icons-export/all-new-figma-icons-16px/phone-forward.svg,icons-export/all-new-figma-icons-16px/phone-search.svg,icons-export/all-new-figma-icons-16px/pie-chart.svg,icons-export/all-new-figma-icons-16px/pill.svg,icons-export/all-new-figma-icons-16px/pin.svg,icons-export/all-new-figma-icons-16px/pistol.svg,icons-export/all-new-figma-icons-16px/pivot.svg,icons-export/all-new-figma-icons-16px/pivot-table.svg,icons-export/all-new-figma-icons-16px/play.svg,icons-export/all-new-figma-icons-16px/playbook.svg,icons-export/all-new-figma-icons-16px/plus.svg,icons-export/all-new-figma-icons-16px/polygon-filter.svg,icons-export/all-new-figma-icons-16px/popout.svg,icons-export/all-new-figma-icons-16px/power.svg,icons-export/all-new-figma-icons-16px/predictive-analysis.svg,icons-export/all-new-figma-icons-16px/prescription.svg,icons-export/all-new-figma-icons-16px/presentation.svg,icons-export/all-new-figma-icons-16px/print.svg,icons-export/all-new-figma-icons-16px/projects.svg,icons-export/all-new-figma-icons-16px/properties.svg,icons-export/all-new-figma-icons-16px/property.svg,icons-export/all-new-figma-icons-16px/publish-function.svg,icons-export/all-new-figma-icons-16px/pulse.svg,icons-export/all-new-figma-icons-16px/rain.svg,icons-export/all-new-figma-icons-16px/random.svg,icons-export/all-new-figma-icons-16px/range-ring.svg
[NX v22.3.1 Daemon Server] - 2026-03-19T05:21:04.387Z - [REQUEST]: 
[NX v22.3.1 Daemon Server] - 2026-03-19T05:21:04.394Z - Time taken for 'hash changed files from watcher' 7.17312499997206ms
Time for 'nx/core/project-json:createNodes' 0.47458300000289455
Time for 'nx/js/dependencies-and-lockfile:createNodes' 13.268000000040047
Time for 'nx/core/package-json:createNodes' 14.806959000008646
[NX v22.3.1 Daemon Server] - 2026-03-19T05:21:04.439Z - Time taken for 'build-project-configs' 26.296833000029437ms
Time for 'build typescript dependencies' 0.03191700001480058
[NX v22.3.1 Daemon Server] - 2026-03-19T05:21:04.459Z - [SYNC]: collect registered sync generators
[NX v22.3.1 Daemon Server] - 2026-03-19T05:21:04.460Z - [SYNC]: project graph hash is the same, not collecting task sync generators
[NX v22.3.1 Daemon Server] - 2026-03-19T05:21:04.460Z - [SYNC]: nx.json hash is the same, not collecting global sync generators
[NX v22.3.1 Daemon Server] - 2026-03-19T05:21:04.460Z - Time taken for 'total execution time for createProjectGraph()' 29.856542000023182ms
[NX v22.3.1 Daemon Server] - 2026-03-19T05:21:07.110Z - [WATCHER]: icons-export/all-new-figma-icons-16px/record.svg was modified
[NX v22.3.1 Daemon Server] - 2026-03-19T05:21:07.110Z - [SYNC]: clearing sync generators cache due to file changes
[NX v22.3.1 Daemon Server] - 2026-03-19T05:21:07.111Z - [WATCHER]: Processing file changes in outputs
[NX v22.3.1 Daemon Server] - 2026-03-19T05:21:07.495Z - [WATCHER]: icons-export/all-new-figma-icons-16px/rect-height.svg was modified
[NX v22.3.1 Daemon Server] - 2026-03-19T05:21:07.496Z - [SYNC]: clearing sync generators cache due to file changes
[NX v22.3.1 Daemon Server] - 2026-03-19T05:21:07.496Z - [WATCHER]: Processing file changes in outputs
[NX v22.3.1 Daemon Server] - 2026-03-19T05:21:07.616Z - [WATCHER]: icons-export/all-new-figma-icons-16px/rect-width.svg was modified
[NX v22.3.1 Daemon Server] - 2026-03-19T05:21:07.616Z - [SYNC]: clearing sync generators cache due to file changes
[NX v22.3.1 Daemon Server] - 2026-03-19T05:21:07.616Z - [WATCHER]: Processing file changes in outputs
[NX v22.3.1 Daemon Server] - 2026-03-19T05:21:07.724Z - [WATCHER]: icons-export/all-new-figma-icons-16px/rectangle.svg was modified
[NX v22.3.1 Daemon Server] - 2026-03-19T05:21:07.724Z - [SYNC]: clearing sync generators cache due to file changes
[NX v22.3.1 Daemon Server] - 2026-03-19T05:21:07.724Z - [WATCHER]: Processing file changes in outputs
[NX v22.3.1 Daemon Server] - 2026-03-19T05:21:07.860Z - [WATCHER]: icons-export/all-new-figma-icons-16px/redo.svg was modified
[NX v22.3.1 Daemon Server] - 2026-03-19T05:21:07.860Z - [SYNC]: clearing sync generators cache due to file changes
[NX v22.3.1 Daemon Server] - 2026-03-19T05:21:07.860Z - [WATCHER]: Processing file changes in outputs
[NX v22.3.1 Daemon Server] - 2026-03-19T05:21:07.979Z - [WATCHER]: icons-export/all-new-figma-icons-16px/refresh.svg was modified
[NX v22.3.1 Daemon Server] - 2026-03-19T05:21:07.979Z - [SYNC]: clearing sync generators cache due to file changes
[NX v22.3.1 Daemon Server] - 2026-03-19T05:21:07.979Z - [WATCHER]: Processing file changes in outputs
[NX v22.3.1 Daemon Server] - 2026-03-19T05:21:08.099Z - [WATCHER]: icons-export/all-new-figma-icons-16px/refresh-off.svg was modified
[NX v22.3.1 Daemon Server] - 2026-03-19T05:21:08.099Z - [SYNC]: clearing sync generators cache due to file changes
[NX v22.3.1 Daemon Server] - 2026-03-19T05:21:08.099Z - [WATCHER]: Processing file changes in outputs
[NX v22.3.1 Daemon Server] - 2026-03-19T05:21:08.224Z - [WATCHER]: Processing file changes in outputs
[NX v22.3.1 Daemon Server] - 2026-03-19T05:21:08.227Z - [WATCHER]: icons-export/all-new-figma-icons-16px/regex.svg was modified
[NX v22.3.1 Daemon Server] - 2026-03-19T05:21:08.228Z - [SYNC]: clearing sync generators cache due to file changes
[NX v22.3.1 Daemon Server] - 2026-03-19T05:21:08.347Z - [WATCHER]: icons-export/all-new-figma-icons-16px/regression-chart.svg was modified
[NX v22.3.1 Daemon Server] - 2026-03-19T05:21:08.348Z - [SYNC]: clearing sync generators cache due to file changes
[NX v22.3.1 Daemon Server] - 2026-03-19T05:21:08.348Z - [WATCHER]: Processing file changes in outputs
[NX v22.3.1 Daemon Server] - 2026-03-19T05:21:08.468Z - [WATCHER]: icons-export/all-new-figma-icons-16px/remove.svg was modified
[NX v22.3.1 Daemon Server] - 2026-03-19T05:21:08.468Z - [SYNC]: clearing sync generators cache due to file changes
[NX v22.3.1 Daemon Server] - 2026-03-19T05:21:08.468Z - [WATCHER]: Processing file changes in outputs
[NX v22.3.1 Daemon Server] - 2026-03-19T05:21:08.630Z - [WATCHER]: icons-export/all-new-figma-icons-16px/remove-column.svg was modified
[NX v22.3.1 Daemon Server] - 2026-03-19T05:21:08.630Z - [SYNC]: clearing sync generators cache due to file changes
[NX v22.3.1 Daemon Server] - 2026-03-19T05:21:08.630Z - [WATCHER]: Processing file changes in outputs
[NX v22.3.1 Daemon Server] - 2026-03-19T05:21:08.747Z - [WATCHER]: icons-export/all-new-figma-icons-16px/remove-column-left.svg was modified
[NX v22.3.1 Daemon Server] - 2026-03-19T05:21:08.747Z - [SYNC]: clearing sync generators cache due to file changes
[NX v22.3.1 Daemon Server] - 2026-03-19T05:21:08.748Z - [WATCHER]: Processing file changes in outputs
[NX v22.3.1 Daemon Server] - 2026-03-19T05:21:08.863Z - [WATCHER]: icons-export/all-new-figma-icons-16px/remove-column-right.svg was modified
[NX v22.3.1 Daemon Server] - 2026-03-19T05:21:08.863Z - [SYNC]: clearing sync generators cache due to file changes
[NX v22.3.1 Daemon Server] - 2026-03-19T05:21:08.863Z - [WATCHER]: Processing file changes in outputs
[NX v22.3.1 Daemon Server] - 2026-03-19T05:21:08.989Z - [WATCHER]: icons-export/all-new-figma-icons-16px/remove-row-bottom.svg was modified
[NX v22.3.1 Daemon Server] - 2026-03-19T05:21:08.990Z - [SYNC]: clearing sync generators cache due to file changes
[NX v22.3.1 Daemon Server] - 2026-03-19T05:21:08.990Z - [WATCHER]: Processing file changes in outputs
[NX v22.3.1 Daemon Server] - 2026-03-19T05:21:09.131Z - [WATCHER]: icons-export/all-new-figma-icons-16px/remove-row-top.svg was modified
[NX v22.3.1 Daemon Server] - 2026-03-19T05:21:09.131Z - [SYNC]: clearing sync generators cache due to file changes
[NX v22.3.1 Daemon Server] - 2026-03-19T05:21:09.131Z - [WATCHER]: Processing file changes in outputs
[NX v22.3.1 Daemon Server] - 2026-03-19T05:21:09.233Z - [WATCHER]: icons-export/all-new-figma-icons-16px/repeat.svg was modified
[NX v22.3.1 Daemon Server] - 2026-03-19T05:21:09.233Z - [SYNC]: clearing sync generators cache due to file changes
[NX v22.3.1 Daemon Server] - 2026-03-19T05:21:09.233Z - [WATCHER]: Processing file changes in outputs
[NX v22.3.1 Daemon Server] - 2026-03-19T05:21:09.362Z - [WATCHER]: icons-export/all-new-figma-icons-16px/reset.svg was modified
[NX v22.3.1 Daemon Server] - 2026-03-19T05:21:09.362Z - [SYNC]: clearing sync generators cache due to file changes
[NX v22.3.1 Daemon Server] - 2026-03-19T05:21:09.362Z - [WATCHER]: Processing file changes in outputs
[NX v22.3.1 Daemon Server] - 2026-03-19T05:21:09.474Z - [WATCHER]: icons-export/all-new-figma-icons-16px/resolve.svg was modified
[NX v22.3.1 Daemon Server] - 2026-03-19T05:21:09.475Z - [SYNC]: clearing sync generators cache due to file changes
[NX v22.3.1 Daemon Server] - 2026-03-19T05:21:09.475Z - [WATCHER]: Processing file changes in outputs
[NX v22.3.1 Daemon Server] - 2026-03-19T05:21:09.604Z - [WATCHER]: icons-export/all-new-figma-icons-16px/rig.svg was modified
[NX v22.3.1 Daemon Server] - 2026-03-19T05:21:09.605Z - [SYNC]: clearing sync generators cache due to file changes
[NX v22.3.1 Daemon Server] - 2026-03-19T05:21:09.605Z - [WATCHER]: Processing file changes in outputs
[NX v22.3.1 Daemon Server] - 2026-03-19T05:21:09.733Z - [WATCHER]: icons-export/all-new-figma-icons-16px/right-join.svg was modified
[NX v22.3.1 Daemon Server] - 2026-03-19T05:21:09.734Z - [SYNC]: clearing sync generators cache due to file changes
[NX v22.3.1 Daemon Server] - 2026-03-19T05:21:09.734Z - [WATCHER]: Processing file changes in outputs
[NX v22.3.1 Daemon Server] - 2026-03-19T05:21:09.845Z - [WATCHER]: icons-export/all-new-figma-icons-16px/ring.svg was modified
[NX v22.3.1 Daemon Server] - 2026-03-19T05:21:09.845Z - [SYNC]: clearing sync generators cache due to file changes
[NX v22.3.1 Daemon Server] - 2026-03-19T05:21:09.845Z - [WATCHER]: Processing file changes in outputs
[NX v22.3.1 Daemon Server] - 2026-03-19T05:21:09.983Z - [WATCHER]: icons-export/all-new-figma-icons-16px/rocket.svg was modified
[NX v22.3.1 Daemon Server] - 2026-03-19T05:21:09.983Z - [SYNC]: clearing sync generators cache due to file changes
[NX v22.3.1 Daemon Server] - 2026-03-19T05:21:09.983Z - [WATCHER]: Processing file changes in outputs
[NX v22.3.1 Daemon Server] - 2026-03-19T05:21:10.098Z - [WATCHER]: icons-export/all-new-figma-icons-16px/rocket-slant.svg was modified
[NX v22.3.1 Daemon Server] - 2026-03-19T05:21:10.098Z - [SYNC]: clearing sync generators cache due to file changes
[NX v22.3.1 Daemon Server] - 2026-03-19T05:21:10.098Z - [WATCHER]: Processing file changes in outputs
[NX v22.3.1 Daemon Server] - 2026-03-19T05:21:10.207Z - [WATCHER]: icons-export/all-new-figma-icons-16px/root-folder.svg was modified
[NX v22.3.1 Daemon Server] - 2026-03-19T05:21:10.207Z - [SYNC]: clearing sync generators cache due to file changes
[NX v22.3.1 Daemon Server] - 2026-03-19T05:21:10.207Z - [WATCHER]: Processing file changes in outputs
[NX v22.3.1 Daemon Server] - 2026-03-19T05:21:10.320Z - [WATCHER]: icons-export/all-new-figma-icons-16px/rotate-ccw.svg was modified
[NX v22.3.1 Daemon Server] - 2026-03-19T05:21:10.320Z - [SYNC]: clearing sync generators cache due to file changes
[NX v22.3.1 Daemon Server] - 2026-03-19T05:21:10.320Z - [WATCHER]: Processing file changes in outputs
[NX v22.3.1 Daemon Server] - 2026-03-19T05:21:10.438Z - [WATCHER]: icons-export/all-new-figma-icons-16px/rotate-cw.svg was modified
[NX v22.3.1 Daemon Server] - 2026-03-19T05:21:10.438Z - [SYNC]: clearing sync generators cache due to file changes
[NX v22.3.1 Daemon Server] - 2026-03-19T05:21:10.438Z - [WATCHER]: Processing file changes in outputs
[NX v22.3.1 Daemon Server] - 2026-03-19T05:21:10.553Z - [WATCHER]: icons-export/all-new-figma-icons-16px/rotate-document.svg was modified
[NX v22.3.1 Daemon Server] - 2026-03-19T05:21:10.554Z - [SYNC]: clearing sync generators cache due to file changes
[NX v22.3.1 Daemon Server] - 2026-03-19T05:21:10.554Z - [WATCHER]: Processing file changes in outputs
[NX v22.3.1 Daemon Server] - 2026-03-19T05:21:10.724Z - [WATCHER]: icons-export/all-new-figma-icons-16px/rotate-page.svg was modified
[NX v22.3.1 Daemon Server] - 2026-03-19T05:21:10.724Z - [SYNC]: clearing sync generators cache due to file changes
[NX v22.3.1 Daemon Server] - 2026-03-19T05:21:10.724Z - [WATCHER]: Processing file changes in outputs
[NX v22.3.1 Daemon Server] - 2026-03-19T05:21:10.877Z - [WATCHER]: icons-export/all-new-figma-icons-16px/route.svg was modified
[NX v22.3.1 Daemon Server] - 2026-03-19T05:21:10.877Z - [SYNC]: clearing sync generators cache due to file changes
[NX v22.3.1 Daemon Server] - 2026-03-19T05:21:10.877Z - [WATCHER]: Processing file changes in outputs
[NX v22.3.1 Daemon Server] - 2026-03-19T05:21:10.999Z - [WATCHER]: icons-export/all-new-figma-icons-16px/run-history.svg was modified
[NX v22.3.1 Daemon Server] - 2026-03-19T05:21:11.000Z - [SYNC]: clearing sync generators cache due to file changes
[NX v22.3.1 Daemon Server] - 2026-03-19T05:21:11.000Z - [WATCHER]: Processing file changes in outputs
[NX v22.3.1 Daemon Server] - 2026-03-19T05:21:11.145Z - [WATCHER]: icons-export/all-new-figma-icons-16px/satellite.svg was modified
[NX v22.3.1 Daemon Server] - 2026-03-19T05:21:11.145Z - [SYNC]: clearing sync generators cache due to file changes
[NX v22.3.1 Daemon Server] - 2026-03-19T05:21:11.145Z - [WATCHER]: Processing file changes in outputs
[NX v22.3.1 Daemon Server] - 2026-03-19T05:21:11.276Z - [WATCHER]: icons-export/all-new-figma-icons-16px/saved.svg was modified
[NX v22.3.1 Daemon Server] - 2026-03-19T05:21:11.277Z - [SYNC]: clearing sync generators cache due to file changes
[NX v22.3.1 Daemon Server] - 2026-03-19T05:21:11.277Z - [WATCHER]: Processing file changes in outputs
[NX v22.3.1 Daemon Server] - 2026-03-19T05:21:11.589Z - [WATCHER]: icons-export/all-new-figma-icons-16px/scatter-plot.svg was modified
[NX v22.3.1 Daemon Server] - 2026-03-19T05:21:11.589Z - [SYNC]: clearing sync generators cache due to file changes
[NX v22.3.1 Daemon Server] - 2026-03-19T05:21:11.589Z - [WATCHER]: Processing file changes in outputs
[NX v22.3.1 Daemon Server] - 2026-03-19T05:21:11.768Z - [WATCHER]: icons-export/all-new-figma-icons-16px/search.svg was modified
[NX v22.3.1 Daemon Server] - 2026-03-19T05:21:11.769Z - [SYNC]: clearing sync generators cache due to file changes
[NX v22.3.1 Daemon Server] - 2026-03-19T05:21:11.769Z - [WATCHER]: Processing file changes in outputs
[NX v22.3.1 Daemon Server] - 2026-03-19T05:21:11.961Z - [WATCHER]: icons-export/all-new-figma-icons-16px/search-around.svg was modified
[NX v22.3.1 Daemon Server] - 2026-03-19T05:21:11.961Z - [SYNC]: clearing sync generators cache due to file changes
[NX v22.3.1 Daemon Server] - 2026-03-19T05:21:11.961Z - [WATCHER]: Processing file changes in outputs
[NX v22.3.1 Daemon Server] - 2026-03-19T05:21:12.079Z - [WATCHER]: icons-export/all-new-figma-icons-16px/search-template.svg was modified
[NX v22.3.1 Daemon Server] - 2026-03-19T05:21:12.080Z - [SYNC]: clearing sync generators cache due to file changes
[NX v22.3.1 Daemon Server] - 2026-03-19T05:21:12.080Z - [WATCHER]: Processing file changes in outputs
[NX v22.3.1 Daemon Server] - 2026-03-19T05:21:12.277Z - [WATCHER]: icons-export/all-new-figma-icons-16px/search-text.svg was modified
[NX v22.3.1 Daemon Server] - 2026-03-19T05:21:12.277Z - [SYNC]: clearing sync generators cache due to file changes
[NX v22.3.1 Daemon Server] - 2026-03-19T05:21:12.277Z - [WATCHER]: Processing file changes in outputs
[NX v22.3.1 Daemon Server] - 2026-03-19T05:21:12.398Z - [WATCHER]: icons-export/all-new-figma-icons-16px/segmented-control.svg was modified
[NX v22.3.1 Daemon Server] - 2026-03-19T05:21:12.399Z - [SYNC]: clearing sync generators cache due to file changes
[NX v22.3.1 Daemon Server] - 2026-03-19T05:21:12.399Z - [WATCHER]: Processing file changes in outputs
[NX v22.3.1 Daemon Server] - 2026-03-19T05:21:12.564Z - [WATCHER]: icons-export/all-new-figma-icons-16px/select.svg was modified
[NX v22.3.1 Daemon Server] - 2026-03-19T05:21:12.564Z - [SYNC]: clearing sync generators cache due to file changes
[NX v22.3.1 Daemon Server] - 2026-03-19T05:21:12.564Z - [WATCHER]: Processing file changes in outputs
[NX v22.3.1 Daemon Server] - 2026-03-19T05:21:12.724Z - [WATCHER]: icons-export/all-new-figma-icons-16px/selection.svg was modified
[NX v22.3.1 Daemon Server] - 2026-03-19T05:21:12.724Z - [SYNC]: clearing sync generators cache due to file changes
[NX v22.3.1 Daemon Server] - 2026-03-19T05:21:12.724Z - [WATCHER]: Processing file changes in outputs
[NX v22.3.1 Daemon Server] - 2026-03-19T05:21:12.900Z - [WATCHER]: icons-export/all-new-figma-icons-16px/selection-box.svg was modified
[NX v22.3.1 Daemon Server] - 2026-03-19T05:21:12.900Z - [SYNC]: clearing sync generators cache due to file changes
[NX v22.3.1 Daemon Server] - 2026-03-19T05:21:12.900Z - [WATCHER]: Processing file changes in outputs
[NX v22.3.1 Daemon Server] - 2026-03-19T05:21:13.098Z - [WATCHER]: icons-export/all-new-figma-icons-16px/selection-box-add.svg was modified
[NX v22.3.1 Daemon Server] - 2026-03-19T05:21:13.098Z - [SYNC]: clearing sync generators cache due to file changes
[NX v22.3.1 Daemon Server] - 2026-03-19T05:21:13.098Z - [WATCHER]: Processing file changes in outputs
[NX v22.3.1 Daemon Server] - 2026-03-19T05:21:13.273Z - [WATCHER]: icons-export/all-new-figma-icons-16px/selection-box-edit.svg was modified
[NX v22.3.1 Daemon Server] - 2026-03-19T05:21:13.273Z - [SYNC]: clearing sync generators cache due to file changes
[NX v22.3.1 Daemon Server] - 2026-03-19T05:21:13.273Z - [WATCHER]: Processing file changes in outputs
[NX v22.3.1 Daemon Server] - 2026-03-19T05:21:13.434Z - [WATCHER]: Processing file changes in outputs
[NX v22.3.1 Daemon Server] - 2026-03-19T05:21:13.434Z - [WATCHER]: icons-export/all-new-figma-icons-16px/selection-box-remove.svg was modified
[NX v22.3.1 Daemon Server] - 2026-03-19T05:21:13.434Z - [SYNC]: clearing sync generators cache due to file changes
[NX v22.3.1 Daemon Server] - 2026-03-19T05:21:13.515Z - [REQUEST]: Updated workspace context based on watched changes, recomputing project graph...
[NX v22.3.1 Daemon Server] - 2026-03-19T05:21:13.515Z - [REQUEST]: icons-export/all-new-figma-icons-16px/record.svg,icons-export/all-new-figma-icons-16px/rect-height.svg,icons-export/all-new-figma-icons-16px/rect-width.svg,icons-export/all-new-figma-icons-16px/rectangle.svg,icons-export/all-new-figma-icons-16px/redo.svg,icons-export/all-new-figma-icons-16px/refresh.svg,icons-export/all-new-figma-icons-16px/refresh-off.svg,icons-export/all-new-figma-icons-16px/regex.svg,icons-export/all-new-figma-icons-16px/regression-chart.svg,icons-export/all-new-figma-icons-16px/remove.svg,icons-export/all-new-figma-icons-16px/remove-column.svg,icons-export/all-new-figma-icons-16px/remove-column-left.svg,icons-export/all-new-figma-icons-16px/remove-column-right.svg,icons-export/all-new-figma-icons-16px/remove-row-bottom.svg,icons-export/all-new-figma-icons-16px/remove-row-top.svg,icons-export/all-new-figma-icons-16px/repeat.svg,icons-export/all-new-figma-icons-16px/reset.svg,icons-export/all-new-figma-icons-16px/resolve.svg,icons-export/all-new-figma-icons-16px/rig.svg,icons-export/all-new-figma-icons-16px/right-join.svg,icons-export/all-new-figma-icons-16px/ring.svg,icons-export/all-new-figma-icons-16px/rocket.svg,icons-export/all-new-figma-icons-16px/rocket-slant.svg,icons-export/all-new-figma-icons-16px/root-folder.svg,icons-export/all-new-figma-icons-16px/rotate-ccw.svg,icons-export/all-new-figma-icons-16px/rotate-cw.svg,icons-export/all-new-figma-icons-16px/rotate-document.svg,icons-export/all-new-figma-icons-16px/rotate-page.svg,icons-export/all-new-figma-icons-16px/route.svg,icons-export/all-new-figma-icons-16px/run-history.svg,icons-export/all-new-figma-icons-16px/satellite.svg,icons-export/all-new-figma-icons-16px/saved.svg,icons-export/all-new-figma-icons-16px/scatter-plot.svg,icons-export/all-new-figma-icons-16px/search.svg,icons-export/all-new-figma-icons-16px/search-around.svg,icons-export/all-new-figma-icons-16px/search-template.svg,icons-export/all-new-figma-icons-16px/search-text.svg,icons-export/all-new-figma-icons-16px/segmented-control.svg,icons-export/all-new-figma-icons-16px/select.svg,icons-export/all-new-figma-icons-16px/selection.svg,icons-export/all-new-figma-icons-16px/selection-box.svg,icons-export/all-new-figma-icons-16px/selection-box-add.svg,icons-export/all-new-figma-icons-16px/selection-box-edit.svg,icons-export/all-new-figma-icons-16px/selection-box-remove.svg
[NX v22.3.1 Daemon Server] - 2026-03-19T05:21:13.515Z - [REQUEST]: 
[NX v22.3.1 Daemon Server] - 2026-03-19T05:21:13.519Z - Time taken for 'hash changed files from watcher' 4.081500000029337ms
Time for 'nx/core/project-json:createNodes' 0.045833999989554286
Time for 'nx/js/dependencies-and-lockfile:createNodes' 6.282624999992549
Time for 'nx/core/package-json:createNodes' 7.186207999999169
[NX v22.3.1 Daemon Server] - 2026-03-19T05:21:13.551Z - Time taken for 'build-project-configs' 15.037584000034258ms
Time for 'build typescript dependencies' 0.02045800001360476
[NX v22.3.1 Daemon Server] - 2026-03-19T05:21:13.568Z - [SYNC]: collect registered sync generators
[NX v22.3.1 Daemon Server] - 2026-03-19T05:21:13.568Z - [SYNC]: project graph hash is the same, not collecting task sync generators
[NX v22.3.1 Daemon Server] - 2026-03-19T05:21:13.568Z - [SYNC]: nx.json hash is the same, not collecting global sync generators
[NX v22.3.1 Daemon Server] - 2026-03-19T05:21:13.568Z - Time taken for 'total execution time for createProjectGraph()' 23.94183399999747ms
[NX v22.3.1 Daemon Server] - 2026-03-19T05:21:13.609Z - [WATCHER]: icons-export/all-new-figma-icons-16px/send-backward.svg was modified
[NX v22.3.1 Daemon Server] - 2026-03-19T05:21:13.609Z - [SYNC]: clearing sync generators cache due to file changes
[NX v22.3.1 Daemon Server] - 2026-03-19T05:21:13.609Z - [WATCHER]: Processing file changes in outputs
[NX v22.3.1 Daemon Server] - 2026-03-19T05:21:13.792Z - [WATCHER]: icons-export/all-new-figma-icons-16px/send-message.svg was modified
[NX v22.3.1 Daemon Server] - 2026-03-19T05:21:13.792Z - [SYNC]: clearing sync generators cache due to file changes
[NX v22.3.1 Daemon Server] - 2026-03-19T05:21:13.792Z - [WATCHER]: Processing file changes in outputs
[NX v22.3.1 Daemon Server] - 2026-03-19T05:21:13.980Z - [WATCHER]: icons-export/all-new-figma-icons-16px/send-to.svg was modified
[NX v22.3.1 Daemon Server] - 2026-03-19T05:21:13.980Z - [SYNC]: clearing sync generators cache due to file changes
[NX v22.3.1 Daemon Server] - 2026-03-19T05:21:13.980Z - [WATCHER]: Processing file changes in outputs
[NX v22.3.1 Daemon Server] - 2026-03-19T05:21:14.110Z - [WATCHER]: icons-export/all-new-figma-icons-16px/send-to-graph.svg was modified
[NX v22.3.1 Daemon Server] - 2026-03-19T05:21:14.110Z - [SYNC]: clearing sync generators cache due to file changes
[NX v22.3.1 Daemon Server] - 2026-03-19T05:21:14.110Z - [WATCHER]: Processing file changes in outputs
[NX v22.3.1 Daemon Server] - 2026-03-19T05:21:14.227Z - [WATCHER]: icons-export/all-new-figma-icons-16px/send-to-map.svg was modified
[NX v22.3.1 Daemon Server] - 2026-03-19T05:21:14.227Z - [SYNC]: clearing sync generators cache due to file changes
[NX v22.3.1 Daemon Server] - 2026-03-19T05:21:14.227Z - [WATCHER]: Processing file changes in outputs
[NX v22.3.1 Daemon Server] - 2026-03-19T05:21:14.348Z - [WATCHER]: icons-export/all-new-figma-icons-16px/sensor.svg was modified
[NX v22.3.1 Daemon Server] - 2026-03-19T05:21:14.348Z - [SYNC]: clearing sync generators cache due to file changes
[NX v22.3.1 Daemon Server] - 2026-03-19T05:21:14.348Z - [WATCHER]: Processing file changes in outputs
[NX v22.3.1 Daemon Server] - 2026-03-19T05:21:14.475Z - [WATCHER]: icons-export/all-new-figma-icons-16px/series-add.svg was modified
[NX v22.3.1 Daemon Server] - 2026-03-19T05:21:14.476Z - [SYNC]: clearing sync generators cache due to file changes
[NX v22.3.1 Daemon Server] - 2026-03-19T05:21:14.476Z - [WATCHER]: Processing file changes in outputs
[NX v22.3.1 Daemon Server] - 2026-03-19T05:21:14.608Z - [WATCHER]: icons-export/all-new-figma-icons-16px/series-configuration.svg was modified
[NX v22.3.1 Daemon Server] - 2026-03-19T05:21:14.608Z - [SYNC]: clearing sync generators cache due to file changes
[NX v22.3.1 Daemon Server] - 2026-03-19T05:21:14.608Z - [WATCHER]: Processing file changes in outputs
[NX v22.3.1 Daemon Server] - 2026-03-19T05:21:14.726Z - [WATCHER]: icons-export/all-new-figma-icons-16px/series-derived.svg was modified
[NX v22.3.1 Daemon Server] - 2026-03-19T05:21:14.726Z - [SYNC]: clearing sync generators cache due to file changes
[NX v22.3.1 Daemon Server] - 2026-03-19T05:21:14.726Z - [WATCHER]: Processing file changes in outputs
[NX v22.3.1 Daemon Server] - 2026-03-19T05:21:14.890Z - [WATCHER]: icons-export/all-new-figma-icons-16px/series-filtered.svg was modified
[NX v22.3.1 Daemon Server] - 2026-03-19T05:21:14.890Z - [SYNC]: clearing sync generators cache due to file changes
[NX v22.3.1 Daemon Server] - 2026-03-19T05:21:14.891Z - [WATCHER]: Processing file changes in outputs
[NX v22.3.1 Daemon Server] - 2026-03-19T05:21:15.020Z - [WATCHER]: icons-export/all-new-figma-icons-16px/series-search.svg was modified
[NX v22.3.1 Daemon Server] - 2026-03-19T05:21:15.020Z - [SYNC]: clearing sync generators cache due to file changes
[NX v22.3.1 Daemon Server] - 2026-03-19T05:21:15.020Z - [WATCHER]: Processing file changes in outputs
[NX v22.3.1 Daemon Server] - 2026-03-19T05:21:15.132Z - [WATCHER]: icons-export/all-new-figma-icons-16px/server.svg was modified
[NX v22.3.1 Daemon Server] - 2026-03-19T05:21:15.132Z - [SYNC]: clearing sync generators cache due to file changes
[NX v22.3.1 Daemon Server] - 2026-03-19T05:21:15.132Z - [WATCHER]: Processing file changes in outputs
[NX v22.3.1 Daemon Server] - 2026-03-19T05:21:15.243Z - [WATCHER]: icons-export/all-new-figma-icons-16px/server-install.svg was modified
[NX v22.3.1 Daemon Server] - 2026-03-19T05:21:15.243Z - [SYNC]: clearing sync generators cache due to file changes
[NX v22.3.1 Daemon Server] - 2026-03-19T05:21:15.243Z - [WATCHER]: Processing file changes in outputs
[NX v22.3.1 Daemon Server] - 2026-03-19T05:21:15.362Z - [WATCHER]: icons-export/all-new-figma-icons-16px/settings.svg was modified
[NX v22.3.1 Daemon Server] - 2026-03-19T05:21:15.362Z - [SYNC]: clearing sync generators cache due to file changes
[NX v22.3.1 Daemon Server] - 2026-03-19T05:21:15.362Z - [WATCHER]: Processing file changes in outputs
[NX v22.3.1 Daemon Server] - 2026-03-19T05:21:15.501Z - [WATCHER]: icons-export/all-new-figma-icons-16px/shapes.svg was modified
[NX v22.3.1 Daemon Server] - 2026-03-19T05:21:15.501Z - [SYNC]: clearing sync generators cache due to file changes
[NX v22.3.1 Daemon Server] - 2026-03-19T05:21:15.501Z - [WATCHER]: Processing file changes in outputs
[NX v22.3.1 Daemon Server] - 2026-03-19T05:21:15.624Z - [WATCHER]: icons-export/all-new-figma-icons-16px/share.svg was modified
[NX v22.3.1 Daemon Server] - 2026-03-19T05:21:15.624Z - [SYNC]: clearing sync generators cache due to file changes
[NX v22.3.1 Daemon Server] - 2026-03-19T05:21:15.624Z - [WATCHER]: Processing file changes in outputs
[NX v22.3.1 Daemon Server] - 2026-03-19T05:21:15.754Z - [WATCHER]: icons-export/all-new-figma-icons-16px/shared-filter.svg was modified
[NX v22.3.1 Daemon Server] - 2026-03-19T05:21:15.754Z - [SYNC]: clearing sync generators cache due to file changes
[NX v22.3.1 Daemon Server] - 2026-03-19T05:21:15.754Z - [WATCHER]: Processing file changes in outputs
[NX v22.3.1 Daemon Server] - 2026-03-19T05:21:15.865Z - [WATCHER]: icons-export/all-new-figma-icons-16px/shield.svg was modified
[NX v22.3.1 Daemon Server] - 2026-03-19T05:21:15.865Z - [SYNC]: clearing sync generators cache due to file changes
[NX v22.3.1 Daemon Server] - 2026-03-19T05:21:15.865Z - [WATCHER]: Processing file changes in outputs
[NX v22.3.1 Daemon Server] - 2026-03-19T05:21:16.002Z - [WATCHER]: icons-export/all-new-figma-icons-16px/ship.svg was modified
[NX v22.3.1 Daemon Server] - 2026-03-19T05:21:16.003Z - [SYNC]: clearing sync generators cache due to file changes
[NX v22.3.1 Daemon Server] - 2026-03-19T05:21:16.003Z - [WATCHER]: Processing file changes in outputs
[NX v22.3.1 Daemon Server] - 2026-03-19T05:21:16.128Z - [WATCHER]: icons-export/all-new-figma-icons-16px/shop.svg was modified
[NX v22.3.1 Daemon Server] - 2026-03-19T05:21:16.128Z - [SYNC]: clearing sync generators cache due to file changes
[NX v22.3.1 Daemon Server] - 2026-03-19T05:21:16.128Z - [WATCHER]: Processing file changes in outputs
[NX v22.3.1 Daemon Server] - 2026-03-19T05:21:16.275Z - [WATCHER]: icons-export/all-new-figma-icons-16px/shopping-cart.svg was modified
[NX v22.3.1 Daemon Server] - 2026-03-19T05:21:16.275Z - [SYNC]: clearing sync generators cache due to file changes
[NX v22.3.1 Daemon Server] - 2026-03-19T05:21:16.275Z - [WATCHER]: Processing file changes in outputs
[NX v22.3.1 Daemon Server] - 2026-03-19T05:21:16.472Z - [WATCHER]: icons-export/all-new-figma-icons-16px/shorten-text.svg was modified
[NX v22.3.1 Daemon Server] - 2026-03-19T05:21:16.472Z - [SYNC]: clearing sync generators cache due to file changes
[NX v22.3.1 Daemon Server] - 2026-03-19T05:21:16.472Z - [WATCHER]: Processing file changes in outputs
[NX v22.3.1 Daemon Server] - 2026-03-19T05:21:16.604Z - [WATCHER]: Processing file changes in outputs
[NX v22.3.1 Daemon Server] - 2026-03-19T05:21:16.605Z - [WATCHER]: icons-export/all-new-figma-icons-16px/signal-search.svg was modified
[NX v22.3.1 Daemon Server] - 2026-03-19T05:21:16.605Z - [SYNC]: clearing sync generators cache due to file changes
[NX v22.3.1 Daemon Server] - 2026-03-19T05:21:16.763Z - [WATCHER]: icons-export/all-new-figma-icons-16px/sim-card.svg was modified
[NX v22.3.1 Daemon Server] - 2026-03-19T05:21:16.764Z - [SYNC]: clearing sync generators cache due to file changes
[NX v22.3.1 Daemon Server] - 2026-03-19T05:21:16.764Z - [WATCHER]: Processing file changes in outputs
[NX v22.3.1 Daemon Server] - 2026-03-19T05:21:16.889Z - [WATCHER]: icons-export/all-new-figma-icons-16px/slash.svg was modified
[NX v22.3.1 Daemon Server] - 2026-03-19T05:21:16.889Z - [SYNC]: clearing sync generators cache due to file changes
[NX v22.3.1 Daemon Server] - 2026-03-19T05:21:16.889Z - [WATCHER]: Processing file changes in outputs
[NX v22.3.1 Daemon Server] - 2026-03-19T05:21:17.016Z - [WATCHER]: icons-export/all-new-figma-icons-16px/small-cross.svg was modified
[NX v22.3.1 Daemon Server] - 2026-03-19T05:21:17.016Z - [SYNC]: clearing sync generators cache due to file changes
[NX v22.3.1 Daemon Server] - 2026-03-19T05:21:17.016Z - [WATCHER]: Processing file changes in outputs
[NX v22.3.1 Daemon Server] - 2026-03-19T05:21:17.146Z - [WATCHER]: icons-export/all-new-figma-icons-16px/small-info-sign.svg was modified
[NX v22.3.1 Daemon Server] - 2026-03-19T05:21:17.146Z - [SYNC]: clearing sync generators cache due to file changes
[NX v22.3.1 Daemon Server] - 2026-03-19T05:21:17.146Z - [WATCHER]: Processing file changes in outputs
[NX v22.3.1 Daemon Server] - 2026-03-19T05:21:17.269Z - [WATCHER]: icons-export/all-new-figma-icons-16px/small-minus.svg was modified
[NX v22.3.1 Daemon Server] - 2026-03-19T05:21:17.269Z - [SYNC]: clearing sync generators cache due to file changes
[NX v22.3.1 Daemon Server] - 2026-03-19T05:21:17.269Z - [WATCHER]: Processing file changes in outputs
[NX v22.3.1 Daemon Server] - 2026-03-19T05:21:17.417Z - [WATCHER]: icons-export/all-new-figma-icons-16px/small-plus.svg was modified
[NX v22.3.1 Daemon Server] - 2026-03-19T05:21:17.417Z - [SYNC]: clearing sync generators cache due to file changes
[NX v22.3.1 Daemon Server] - 2026-03-19T05:21:17.417Z - [WATCHER]: Processing file changes in outputs
[NX v22.3.1 Daemon Server] - 2026-03-19T05:21:17.521Z - [WATCHER]: icons-export/all-new-figma-icons-16px/small-square.svg was modified
[NX v22.3.1 Daemon Server] - 2026-03-19T05:21:17.522Z - [SYNC]: clearing sync generators cache due to file changes
[NX v22.3.1 Daemon Server] - 2026-03-19T05:21:17.522Z - [WATCHER]: Processing file changes in outputs
[NX v22.3.1 Daemon Server] - 2026-03-19T05:21:17.681Z - [WATCHER]: Processing file changes in outputs
[NX v22.3.1 Daemon Server] - 2026-03-19T05:21:17.682Z - [WATCHER]: icons-export/all-new-figma-icons-16px/small-tick.svg was modified
[NX v22.3.1 Daemon Server] - 2026-03-19T05:21:17.682Z - [SYNC]: clearing sync generators cache due to file changes
[NX v22.3.1 Daemon Server] - 2026-03-19T05:21:17.846Z - [WATCHER]: icons-export/all-new-figma-icons-16px/snowflake.svg was modified
[NX v22.3.1 Daemon Server] - 2026-03-19T05:21:17.846Z - [SYNC]: clearing sync generators cache due to file changes
[NX v22.3.1 Daemon Server] - 2026-03-19T05:21:17.846Z - [WATCHER]: Processing file changes in outputs
[NX v22.3.1 Daemon Server] - 2026-03-19T05:21:18.046Z - [WATCHER]: icons-export/all-new-figma-icons-16px/soccer-ball.svg was modified
[NX v22.3.1 Daemon Server] - 2026-03-19T05:21:18.046Z - [SYNC]: clearing sync generators cache due to file changes
[NX v22.3.1 Daemon Server] - 2026-03-19T05:21:18.046Z - [WATCHER]: Processing file changes in outputs
[NX v22.3.1 Daemon Server] - 2026-03-19T05:21:18.210Z - [WATCHER]: Processing file changes in outputs
[NX v22.3.1 Daemon Server] - 2026-03-19T05:21:18.213Z - [WATCHER]: icons-export/all-new-figma-icons-16px/social-media.svg was modified
[NX v22.3.1 Daemon Server] - 2026-03-19T05:21:18.213Z - [SYNC]: clearing sync generators cache due to file changes
[NX v22.3.1 Daemon Server] - 2026-03-19T05:21:18.320Z - [WATCHER]: icons-export/all-new-figma-icons-16px/sort.svg was modified
[NX v22.3.1 Daemon Server] - 2026-03-19T05:21:18.320Z - [SYNC]: clearing sync generators cache due to file changes
[NX v22.3.1 Daemon Server] - 2026-03-19T05:21:18.320Z - [WATCHER]: Processing file changes in outputs
[NX v22.3.1 Daemon Server] - 2026-03-19T05:21:18.438Z - [WATCHER]: icons-export/all-new-figma-icons-16px/sort-alphabetical.svg was modified
[NX v22.3.1 Daemon Server] - 2026-03-19T05:21:18.438Z - [SYNC]: clearing sync generators cache due to file changes
[NX v22.3.1 Daemon Server] - 2026-03-19T05:21:18.438Z - [WATCHER]: Processing file changes in outputs
[NX v22.3.1 Daemon Server] - 2026-03-19T05:21:18.618Z - [WATCHER]: icons-export/all-new-figma-icons-16px/sort-alphabetical-desc.svg was modified
[NX v22.3.1 Daemon Server] - 2026-03-19T05:21:18.618Z - [SYNC]: clearing sync generators cache due to file changes
[NX v22.3.1 Daemon Server] - 2026-03-19T05:21:18.618Z - [WATCHER]: Processing file changes in outputs
[NX v22.3.1 Daemon Server] - 2026-03-19T05:21:18.732Z - [WATCHER]: icons-export/all-new-figma-icons-16px/sort-asc.svg was modified
[NX v22.3.1 Daemon Server] - 2026-03-19T05:21:18.732Z - [SYNC]: clearing sync generators cache due to file changes
[NX v22.3.1 Daemon Server] - 2026-03-19T05:21:18.732Z - [WATCHER]: Processing file changes in outputs
[NX v22.3.1 Daemon Server] - 2026-03-19T05:21:18.857Z - [WATCHER]: icons-export/all-new-figma-icons-16px/sort-desc.svg was modified
[NX v22.3.1 Daemon Server] - 2026-03-19T05:21:18.857Z - [SYNC]: clearing sync generators cache due to file changes
[NX v22.3.1 Daemon Server] - 2026-03-19T05:21:18.857Z - [WATCHER]: Processing file changes in outputs
[NX v22.3.1 Daemon Server] - 2026-03-19T05:21:18.990Z - [WATCHER]: icons-export/all-new-figma-icons-16px/sort-numerical.svg was modified
[NX v22.3.1 Daemon Server] - 2026-03-19T05:21:18.990Z - [SYNC]: clearing sync generators cache due to file changes
[NX v22.3.1 Daemon Server] - 2026-03-19T05:21:18.990Z - [WATCHER]: Processing file changes in outputs
[NX v22.3.1 Daemon Server] - 2026-03-19T05:21:19.105Z - [WATCHER]: icons-export/all-new-figma-icons-16px/sort-numerical-desc.svg was modified
[NX v22.3.1 Daemon Server] - 2026-03-19T05:21:19.106Z - [SYNC]: clearing sync generators cache due to file changes
[NX v22.3.1 Daemon Server] - 2026-03-19T05:21:19.106Z - [WATCHER]: Processing file changes in outputs
[NX v22.3.1 Daemon Server] - 2026-03-19T05:21:19.264Z - [WATCHER]: icons-export/all-new-figma-icons-16px/spell-check.svg was modified
[NX v22.3.1 Daemon Server] - 2026-03-19T05:21:19.264Z - [SYNC]: clearing sync generators cache due to file changes
[NX v22.3.1 Daemon Server] - 2026-03-19T05:21:19.265Z - [WATCHER]: Processing file changes in outputs
[NX v22.3.1 Daemon Server] - 2026-03-19T05:21:19.410Z - [WATCHER]: icons-export/all-new-figma-icons-16px/spin.svg was modified
[NX v22.3.1 Daemon Server] - 2026-03-19T05:21:19.410Z - [SYNC]: clearing sync generators cache due to file changes
[NX v22.3.1 Daemon Server] - 2026-03-19T05:21:19.410Z - [WATCHER]: Processing file changes in outputs
[NX v22.3.1 Daemon Server] - 2026-03-19T05:21:19.545Z - [WATCHER]: icons-export/all-new-figma-icons-16px/split-columns.svg was modified
[NX v22.3.1 Daemon Server] - 2026-03-19T05:21:19.545Z - [SYNC]: clearing sync generators cache due to file changes
[NX v22.3.1 Daemon Server] - 2026-03-19T05:21:19.545Z - [WATCHER]: Processing file changes in outputs
[NX v22.3.1 Daemon Server] - 2026-03-19T05:21:19.679Z - [WATCHER]: icons-export/all-new-figma-icons-16px/sports-stadium.svg was modified
[NX v22.3.1 Daemon Server] - 2026-03-19T05:21:19.679Z - [SYNC]: clearing sync generators cache due to file changes
[NX v22.3.1 Daemon Server] - 2026-03-19T05:21:19.679Z - [WATCHER]: Processing file changes in outputs
[NX v22.3.1 Daemon Server] - 2026-03-19T05:21:19.815Z - [WATCHER]: icons-export/all-new-figma-icons-16px/square.svg was modified
[NX v22.3.1 Daemon Server] - 2026-03-19T05:21:19.815Z - [SYNC]: clearing sync generators cache due to file changes
[NX v22.3.1 Daemon Server] - 2026-03-19T05:21:19.815Z - [WATCHER]: Processing file changes in outputs
[NX v22.3.1 Daemon Server] - 2026-03-19T05:21:19.928Z - [WATCHER]: icons-export/all-new-figma-icons-16px/stacked-chart.svg was modified
[NX v22.3.1 Daemon Server] - 2026-03-19T05:21:19.928Z - [SYNC]: clearing sync generators cache due to file changes
[NX v22.3.1 Daemon Server] - 2026-03-19T05:21:19.928Z - [WATCHER]: Processing file changes in outputs
[NX v22.3.1 Daemon Server] - 2026-03-19T05:21:20.015Z - [REQUEST]: Updated workspace context based on watched changes, recomputing project graph...
[NX v22.3.1 Daemon Server] - 2026-03-19T05:21:20.015Z - [REQUEST]: icons-export/all-new-figma-icons-16px/send-backward.svg,icons-export/all-new-figma-icons-16px/send-message.svg,icons-export/all-new-figma-icons-16px/send-to.svg,icons-export/all-new-figma-icons-16px/send-to-graph.svg,icons-export/all-new-figma-icons-16px/send-to-map.svg,icons-export/all-new-figma-icons-16px/sensor.svg,icons-export/all-new-figma-icons-16px/series-add.svg,icons-export/all-new-figma-icons-16px/series-configuration.svg,icons-export/all-new-figma-icons-16px/series-derived.svg,icons-export/all-new-figma-icons-16px/series-filtered.svg,icons-export/all-new-figma-icons-16px/series-search.svg,icons-export/all-new-figma-icons-16px/server.svg,icons-export/all-new-figma-icons-16px/server-install.svg,icons-export/all-new-figma-icons-16px/settings.svg,icons-export/all-new-figma-icons-16px/shapes.svg,icons-export/all-new-figma-icons-16px/share.svg,icons-export/all-new-figma-icons-16px/shared-filter.svg,icons-export/all-new-figma-icons-16px/shield.svg,icons-export/all-new-figma-icons-16px/ship.svg,icons-export/all-new-figma-icons-16px/shop.svg,icons-export/all-new-figma-icons-16px/shopping-cart.svg,icons-export/all-new-figma-icons-16px/shorten-text.svg,icons-export/all-new-figma-icons-16px/signal-search.svg,icons-export/all-new-figma-icons-16px/sim-card.svg,icons-export/all-new-figma-icons-16px/slash.svg,icons-export/all-new-figma-icons-16px/small-cross.svg,icons-export/all-new-figma-icons-16px/small-info-sign.svg,icons-export/all-new-figma-icons-16px/small-minus.svg,icons-export/all-new-figma-icons-16px/small-plus.svg,icons-export/all-new-figma-icons-16px/small-square.svg,icons-export/all-new-figma-icons-16px/small-tick.svg,icons-export/all-new-figma-icons-16px/snowflake.svg,icons-export/all-new-figma-icons-16px/soccer-ball.svg,icons-export/all-new-figma-icons-16px/social-media.svg,icons-export/all-new-figma-icons-16px/sort.svg,icons-export/all-new-figma-icons-16px/sort-alphabetical.svg,icons-export/all-new-figma-icons-16px/sort-alphabetical-desc.svg,icons-export/all-new-figma-icons-16px/sort-asc.svg,icons-export/all-new-figma-icons-16px/sort-desc.svg,icons-export/all-new-figma-icons-16px/sort-numerical.svg,icons-export/all-new-figma-icons-16px/sort-numerical-desc.svg,icons-export/all-new-figma-icons-16px/spell-check.svg,icons-export/all-new-figma-icons-16px/spin.svg,icons-export/all-new-figma-icons-16px/split-columns.svg,icons-export/all-new-figma-icons-16px/sports-stadium.svg,icons-export/all-new-figma-icons-16px/square.svg,icons-export/all-new-figma-icons-16px/stacked-chart.svg
[NX v22.3.1 Daemon Server] - 2026-03-19T05:21:20.015Z - [REQUEST]: 
[NX v22.3.1 Daemon Server] - 2026-03-19T05:21:20.019Z - Time taken for 'hash changed files from watcher' 4.037249999993946ms
Time for 'nx/core/project-json:createNodes' 0.15733300003921613
Time for 'nx/js/dependencies-and-lockfile:createNodes' 8.560292000009213
Time for 'nx/core/package-json:createNodes' 10.552582999982405
[NX v22.3.1 Daemon Server] - 2026-03-19T05:21:20.056Z - Time taken for 'build-project-configs' 19.567832999979146ms
[NX v22.3.1 Daemon Server] - 2026-03-19T05:21:20.057Z - [WATCHER]: icons-export/all-new-figma-icons-16px/stadium-geometry.svg was modified
[NX v22.3.1 Daemon Server] - 2026-03-19T05:21:20.057Z - [SYNC]: clearing sync generators cache due to file changes
[NX v22.3.1 Daemon Server] - 2026-03-19T05:21:20.057Z - [WATCHER]: Processing file changes in outputs
Time for 'build typescript dependencies' 0.025833000021521002
[NX v22.3.1 Daemon Server] - 2026-03-19T05:21:20.092Z - [SYNC]: collect registered sync generators
[NX v22.3.1 Daemon Server] - 2026-03-19T05:21:20.092Z - [SYNC]: project graph hash is the same, not collecting task sync generators
[NX v22.3.1 Daemon Server] - 2026-03-19T05:21:20.092Z - [SYNC]: nx.json hash is the same, not collecting global sync generators
[NX v22.3.1 Daemon Server] - 2026-03-19T05:21:20.093Z - Time taken for 'total execution time for createProjectGraph()' 43.28424999996787ms
[NX v22.3.1 Daemon Server] - 2026-03-19T05:21:20.171Z - [WATCHER]: Processing file changes in outputs
[NX v22.3.1 Daemon Server] - 2026-03-19T05:21:20.171Z - [WATCHER]: icons-export/all-new-figma-icons-16px/star.svg was modified
[NX v22.3.1 Daemon Server] - 2026-03-19T05:21:20.172Z - [SYNC]: clearing sync generators cache due to file changes
[NX v22.3.1 Daemon Server] - 2026-03-19T05:21:20.330Z - [WATCHER]: icons-export/all-new-figma-icons-16px/star-empty.svg was modified
[NX v22.3.1 Daemon Server] - 2026-03-19T05:21:20.330Z - [SYNC]: clearing sync generators cache due to file changes
[NX v22.3.1 Daemon Server] - 2026-03-19T05:21:20.330Z - [WATCHER]: Processing file changes in outputs
[NX v22.3.1 Daemon Server] - 2026-03-19T05:21:20.478Z - [WATCHER]: icons-export/all-new-figma-icons-16px/step-backward.svg was modified
[NX v22.3.1 Daemon Server] - 2026-03-19T05:21:20.478Z - [SYNC]: clearing sync generators cache due to file changes
[NX v22.3.1 Daemon Server] - 2026-03-19T05:21:20.479Z - [WATCHER]: Processing file changes in outputs
[NX v22.3.1 Daemon Server] - 2026-03-19T05:21:20.592Z - [WATCHER]: icons-export/all-new-figma-icons-16px/step-chart.svg was modified
[NX v22.3.1 Daemon Server] - 2026-03-19T05:21:20.593Z - [SYNC]: clearing sync generators cache due to file changes
[NX v22.3.1 Daemon Server] - 2026-03-19T05:21:20.593Z - [WATCHER]: Processing file changes in outputs
[NX v22.3.1 Daemon Server] - 2026-03-19T05:21:20.727Z - [WATCHER]: icons-export/all-new-figma-icons-16px/step-forward.svg was modified
[NX v22.3.1 Daemon Server] - 2026-03-19T05:21:20.727Z - [SYNC]: clearing sync generators cache due to file changes
[NX v22.3.1 Daemon Server] - 2026-03-19T05:21:20.727Z - [WATCHER]: Processing file changes in outputs
[NX v22.3.1 Daemon Server] - 2026-03-19T05:21:20.844Z - [WATCHER]: icons-export/all-new-figma-icons-16px/stop.svg was modified
[NX v22.3.1 Daemon Server] - 2026-03-19T05:21:20.844Z - [SYNC]: clearing sync generators cache due to file changes
[NX v22.3.1 Daemon Server] - 2026-03-19T05:21:20.844Z - [WATCHER]: Processing file changes in outputs
[NX v22.3.1 Daemon Server] - 2026-03-19T05:21:20.953Z - [WATCHER]: icons-export/all-new-figma-icons-16px/stopwatch.svg was modified
[NX v22.3.1 Daemon Server] - 2026-03-19T05:21:20.953Z - [SYNC]: clearing sync generators cache due to file changes
[NX v22.3.1 Daemon Server] - 2026-03-19T05:21:20.953Z - [WATCHER]: Processing file changes in outputs
[NX v22.3.1 Daemon Server] - 2026-03-19T05:21:21.064Z - [WATCHER]: Processing file changes in outputs
[NX v22.3.1 Daemon Server] - 2026-03-19T05:21:21.064Z - [WATCHER]: icons-export/all-new-figma-icons-16px/strikethrough.svg was modified
[NX v22.3.1 Daemon Server] - 2026-03-19T05:21:21.065Z - [SYNC]: clearing sync generators cache due to file changes
[NX v22.3.1 Daemon Server] - 2026-03-19T05:21:24.753Z - [WATCHER]: icons-export/all-new-figma-icons-16px/style.svg was modified
[NX v22.3.1 Daemon Server] - 2026-03-19T05:21:24.753Z - [SYNC]: clearing sync generators cache due to file changes
[NX v22.3.1 Daemon Server] - 2026-03-19T05:21:24.753Z - [WATCHER]: Processing file changes in outputs
[NX v22.3.1 Daemon Server] - 2026-03-19T05:21:25.150Z - [WATCHER]: icons-export/all-new-figma-icons-16px/subscript.svg was modified
[NX v22.3.1 Daemon Server] - 2026-03-19T05:21:25.151Z - [SYNC]: clearing sync generators cache due to file changes
[NX v22.3.1 Daemon Server] - 2026-03-19T05:21:25.151Z - [WATCHER]: Processing file changes in outputs
[NX v22.3.1 Daemon Server] - 2026-03-19T05:21:25.260Z - [WATCHER]: icons-export/all-new-figma-icons-16px/subtract-right-join.svg was modified
[NX v22.3.1 Daemon Server] - 2026-03-19T05:21:25.261Z - [SYNC]: clearing sync generators cache due to file changes
[NX v22.3.1 Daemon Server] - 2026-03-19T05:21:25.261Z - [WATCHER]: Processing file changes in outputs
[NX v22.3.1 Daemon Server] - 2026-03-19T05:21:25.372Z - [WATCHER]: icons-export/all-new-figma-icons-16px/superscript.svg was modified
[NX v22.3.1 Daemon Server] - 2026-03-19T05:21:25.372Z - [SYNC]: clearing sync generators cache due to file changes
[NX v22.3.1 Daemon Server] - 2026-03-19T05:21:25.372Z - [WATCHER]: Processing file changes in outputs
[NX v22.3.1 Daemon Server] - 2026-03-19T05:21:25.472Z - [WATCHER]: icons-export/all-new-figma-icons-16px/swap-horizontal.svg was modified
[NX v22.3.1 Daemon Server] - 2026-03-19T05:21:25.472Z - [SYNC]: clearing sync generators cache due to file changes
[NX v22.3.1 Daemon Server] - 2026-03-19T05:21:25.472Z - [WATCHER]: Processing file changes in outputs
[NX v22.3.1 Daemon Server] - 2026-03-19T05:21:25.598Z - [WATCHER]: icons-export/all-new-figma-icons-16px/swap-vertical.svg was modified
[NX v22.3.1 Daemon Server] - 2026-03-19T05:21:25.598Z - [SYNC]: clearing sync generators cache due to file changes
[NX v22.3.1 Daemon Server] - 2026-03-19T05:21:25.598Z - [WATCHER]: Processing file changes in outputs
[NX v22.3.1 Daemon Server] - 2026-03-19T05:21:25.719Z - [WATCHER]: icons-export/all-new-figma-icons-16px/sweep.svg was modified
[NX v22.3.1 Daemon Server] - 2026-03-19T05:21:25.719Z - [SYNC]: clearing sync generators cache due to file changes
[NX v22.3.1 Daemon Server] - 2026-03-19T05:21:25.720Z - [WATCHER]: Processing file changes in outputs
[NX v22.3.1 Daemon Server] - 2026-03-19T05:21:25.840Z - [WATCHER]: icons-export/all-new-figma-icons-16px/switch.svg was modified
[NX v22.3.1 Daemon Server] - 2026-03-19T05:21:25.840Z - [SYNC]: clearing sync generators cache due to file changes
[NX v22.3.1 Daemon Server] - 2026-03-19T05:21:25.840Z - [WATCHER]: Processing file changes in outputs
[NX v22.3.1 Daemon Server] - 2026-03-19T05:21:25.956Z - [WATCHER]: icons-export/all-new-figma-icons-16px/symbol-circle.svg was modified
[NX v22.3.1 Daemon Server] - 2026-03-19T05:21:25.956Z - [SYNC]: clearing sync generators cache due to file changes
[NX v22.3.1 Daemon Server] - 2026-03-19T05:21:25.956Z - [WATCHER]: Processing file changes in outputs
[NX v22.3.1 Daemon Server] - 2026-03-19T05:21:26.066Z - [WATCHER]: icons-export/all-new-figma-icons-16px/symbol-cross.svg was modified
[NX v22.3.1 Daemon Server] - 2026-03-19T05:21:26.066Z - [SYNC]: clearing sync generators cache due to file changes
[NX v22.3.1 Daemon Server] - 2026-03-19T05:21:26.066Z - [WATCHER]: Processing file changes in outputs
[NX v22.3.1 Daemon Server] - 2026-03-19T05:21:26.179Z - [WATCHER]: icons-export/all-new-figma-icons-16px/symbol-diamond.svg was modified
[NX v22.3.1 Daemon Server] - 2026-03-19T05:21:26.179Z - [SYNC]: clearing sync generators cache due to file changes
[NX v22.3.1 Daemon Server] - 2026-03-19T05:21:26.179Z - [WATCHER]: Processing file changes in outputs
[NX v22.3.1 Daemon Server] - 2026-03-19T05:21:26.290Z - [WATCHER]: icons-export/all-new-figma-icons-16px/symbol-rectangle.svg was modified
[NX v22.3.1 Daemon Server] - 2026-03-19T05:21:26.290Z - [SYNC]: clearing sync generators cache due to file changes
[NX v22.3.1 Daemon Server] - 2026-03-19T05:21:26.290Z - [WATCHER]: Processing file changes in outputs
[NX v22.3.1 Daemon Server] - 2026-03-19T05:21:26.400Z - [WATCHER]: icons-export/all-new-figma-icons-16px/symbol-square.svg was modified
[NX v22.3.1 Daemon Server] - 2026-03-19T05:21:26.400Z - [SYNC]: clearing sync generators cache due to file changes
[NX v22.3.1 Daemon Server] - 2026-03-19T05:21:26.400Z - [WATCHER]: Processing file changes in outputs
[NX v22.3.1 Daemon Server] - 2026-03-19T05:21:26.461Z - [REQUEST]: Updated workspace context based on watched changes, recomputing project graph...
[NX v22.3.1 Daemon Server] - 2026-03-19T05:21:26.461Z - [REQUEST]: icons-export/all-new-figma-icons-16px/stadium-geometry.svg,icons-export/all-new-figma-icons-16px/star.svg,icons-export/all-new-figma-icons-16px/star-empty.svg,icons-export/all-new-figma-icons-16px/step-backward.svg,icons-export/all-new-figma-icons-16px/step-chart.svg,icons-export/all-new-figma-icons-16px/step-forward.svg,icons-export/all-new-figma-icons-16px/stop.svg,icons-export/all-new-figma-icons-16px/stopwatch.svg,icons-export/all-new-figma-icons-16px/strikethrough.svg,icons-export/all-new-figma-icons-16px/style.svg,icons-export/all-new-figma-icons-16px/subscript.svg,icons-export/all-new-figma-icons-16px/subtract-right-join.svg,icons-export/all-new-figma-icons-16px/superscript.svg,icons-export/all-new-figma-icons-16px/swap-horizontal.svg,icons-export/all-new-figma-icons-16px/swap-vertical.svg,icons-export/all-new-figma-icons-16px/sweep.svg,icons-export/all-new-figma-icons-16px/switch.svg,icons-export/all-new-figma-icons-16px/symbol-circle.svg,icons-export/all-new-figma-icons-16px/symbol-cross.svg,icons-export/all-new-figma-icons-16px/symbol-diamond.svg,icons-export/all-new-figma-icons-16px/symbol-rectangle.svg,icons-export/all-new-figma-icons-16px/symbol-square.svg
[NX v22.3.1 Daemon Server] - 2026-03-19T05:21:26.461Z - [REQUEST]: 
[NX v22.3.1 Daemon Server] - 2026-03-19T05:21:26.465Z - Time taken for 'hash changed files from watcher' 3.0029579999973066ms
Time for 'nx/core/project-json:createNodes' 0.042167000006884336
Time for 'nx/js/dependencies-and-lockfile:createNodes' 6.240875000017695
Time for 'nx/core/package-json:createNodes' 7.939875000040047
[NX v22.3.1 Daemon Server] - 2026-03-19T05:21:26.498Z - Time taken for 'build-project-configs' 14.362458000017796ms
Time for 'build typescript dependencies' 0.013084000034723431
[NX v22.3.1 Daemon Server] - 2026-03-19T05:21:26.514Z - [SYNC]: collect registered sync generators
[NX v22.3.1 Daemon Server] - 2026-03-19T05:21:26.515Z - [SYNC]: project graph hash is the same, not collecting task sync generators
[NX v22.3.1 Daemon Server] - 2026-03-19T05:21:26.515Z - [SYNC]: nx.json hash is the same, not collecting global sync generators
[NX v22.3.1 Daemon Server] - 2026-03-19T05:21:26.516Z - Time taken for 'total execution time for createProjectGraph()' 23.225708000012673ms
[NX v22.3.1 Daemon Server] - 2026-03-19T05:21:26.517Z - [WATCHER]: icons-export/all-new-figma-icons-16px/symbol-triangle-down.svg was modified
[NX v22.3.1 Daemon Server] - 2026-03-19T05:21:26.517Z - [SYNC]: clearing sync generators cache due to file changes
[NX v22.3.1 Daemon Server] - 2026-03-19T05:21:26.517Z - [WATCHER]: Processing file changes in outputs
[NX v22.3.1 Daemon Server] - 2026-03-19T05:21:26.635Z - [WATCHER]: icons-export/all-new-figma-icons-16px/symbol-triangle-up.svg was modified
[NX v22.3.1 Daemon Server] - 2026-03-19T05:21:26.635Z - [SYNC]: clearing sync generators cache due to file changes
[NX v22.3.1 Daemon Server] - 2026-03-19T05:21:26.635Z - [WATCHER]: Processing file changes in outputs
[NX v22.3.1 Daemon Server] - 2026-03-19T05:21:26.762Z - [WATCHER]: icons-export/all-new-figma-icons-16px/syringe.svg was modified
[NX v22.3.1 Daemon Server] - 2026-03-19T05:21:26.762Z - [SYNC]: clearing sync generators cache due to file changes
[NX v22.3.1 Daemon Server] - 2026-03-19T05:21:26.762Z - [WATCHER]: Processing file changes in outputs
[NX v22.3.1 Daemon Server] - 2026-03-19T05:21:26.895Z - [WATCHER]: icons-export/all-new-figma-icons-16px/table-sync.svg was modified
[NX v22.3.1 Daemon Server] - 2026-03-19T05:21:26.895Z - [SYNC]: clearing sync generators cache due to file changes
[NX v22.3.1 Daemon Server] - 2026-03-19T05:21:26.895Z - [WATCHER]: Processing file changes in outputs
[NX v22.3.1 Daemon Server] - 2026-03-19T05:21:27.010Z - [WATCHER]: icons-export/all-new-figma-icons-16px/tag.svg was modified
[NX v22.3.1 Daemon Server] - 2026-03-19T05:21:27.011Z - [SYNC]: clearing sync generators cache due to file changes
[NX v22.3.1 Daemon Server] - 2026-03-19T05:21:27.011Z - [WATCHER]: Processing file changes in outputs
[NX v22.3.1 Daemon Server] - 2026-03-19T05:21:27.160Z - [WATCHER]: icons-export/all-new-figma-icons-16px/tag-add.svg was modified
[NX v22.3.1 Daemon Server] - 2026-03-19T05:21:27.160Z - [SYNC]: clearing sync generators cache due to file changes
[NX v22.3.1 Daemon Server] - 2026-03-19T05:21:27.160Z - [WATCHER]: Processing file changes in outputs
[NX v22.3.1 Daemon Server] - 2026-03-19T05:21:27.261Z - [WATCHER]: icons-export/all-new-figma-icons-16px/tag-promote.svg was modified
[NX v22.3.1 Daemon Server] - 2026-03-19T05:21:27.262Z - [SYNC]: clearing sync generators cache due to file changes
[NX v22.3.1 Daemon Server] - 2026-03-19T05:21:27.262Z - [WATCHER]: Processing file changes in outputs
[NX v22.3.1 Daemon Server] - 2026-03-19T05:21:27.376Z - [WATCHER]: icons-export/all-new-figma-icons-16px/tag-refresh.svg was modified
[NX v22.3.1 Daemon Server] - 2026-03-19T05:21:27.377Z - [SYNC]: clearing sync generators cache due to file changes
[NX v22.3.1 Daemon Server] - 2026-03-19T05:21:27.377Z - [WATCHER]: Processing file changes in outputs
[NX v22.3.1 Daemon Server] - 2026-03-19T05:21:27.484Z - [WATCHER]: icons-export/all-new-figma-icons-16px/tag-undo.svg was modified
[NX v22.3.1 Daemon Server] - 2026-03-19T05:21:27.484Z - [SYNC]: clearing sync generators cache due to file changes
[NX v22.3.1 Daemon Server] - 2026-03-19T05:21:27.484Z - [WATCHER]: Processing file changes in outputs
[NX v22.3.1 Daemon Server] - 2026-03-19T05:21:27.592Z - [WATCHER]: icons-export/all-new-figma-icons-16px/tags.svg was modified
[NX v22.3.1 Daemon Server] - 2026-03-19T05:21:27.592Z - [SYNC]: clearing sync generators cache due to file changes
[NX v22.3.1 Daemon Server] - 2026-03-19T05:21:27.592Z - [WATCHER]: Processing file changes in outputs
[NX v22.3.1 Daemon Server] - 2026-03-19T05:21:27.721Z - [WATCHER]: icons-export/all-new-figma-icons-16px/take-action.svg was modified
[NX v22.3.1 Daemon Server] - 2026-03-19T05:21:27.721Z - [SYNC]: clearing sync generators cache due to file changes
[NX v22.3.1 Daemon Server] - 2026-03-19T05:21:27.721Z - [WATCHER]: Processing file changes in outputs
[NX v22.3.1 Daemon Server] - 2026-03-19T05:21:27.864Z - [WATCHER]: icons-export/all-new-figma-icons-16px/tank.svg was modified
[NX v22.3.1 Daemon Server] - 2026-03-19T05:21:27.865Z - [SYNC]: clearing sync generators cache due to file changes
[NX v22.3.1 Daemon Server] - 2026-03-19T05:21:27.865Z - [WATCHER]: Processing file changes in outputs
[NX v22.3.1 Daemon Server] - 2026-03-19T05:21:27.985Z - [WATCHER]: icons-export/all-new-figma-icons-16px/target.svg was modified
[NX v22.3.1 Daemon Server] - 2026-03-19T05:21:27.985Z - [SYNC]: clearing sync generators cache due to file changes
[NX v22.3.1 Daemon Server] - 2026-03-19T05:21:27.985Z - [WATCHER]: Processing file changes in outputs
[NX v22.3.1 Daemon Server] - 2026-03-19T05:21:28.103Z - [WATCHER]: icons-export/all-new-figma-icons-16px/taxi.svg was modified
[NX v22.3.1 Daemon Server] - 2026-03-19T05:21:28.103Z - [SYNC]: clearing sync generators cache due to file changes
[NX v22.3.1 Daemon Server] - 2026-03-19T05:21:28.103Z - [WATCHER]: Processing file changes in outputs
[NX v22.3.1 Daemon Server] - 2026-03-19T05:21:28.214Z - [WATCHER]: icons-export/all-new-figma-icons-16px/team.svg was modified
[NX v22.3.1 Daemon Server] - 2026-03-19T05:21:28.215Z - [SYNC]: clearing sync generators cache due to file changes
[NX v22.3.1 Daemon Server] - 2026-03-19T05:21:28.215Z - [WATCHER]: Processing file changes in outputs
[NX v22.3.1 Daemon Server] - 2026-03-19T05:21:28.335Z - [WATCHER]: Processing file changes in outputs
[NX v22.3.1 Daemon Server] - 2026-03-19T05:21:28.335Z - [WATCHER]: icons-export/all-new-figma-icons-16px/temperature.svg was modified
[NX v22.3.1 Daemon Server] - 2026-03-19T05:21:28.336Z - [SYNC]: clearing sync generators cache due to file changes
[NX v22.3.1 Daemon Server] - 2026-03-19T05:21:28.491Z - [WATCHER]: icons-export/all-new-figma-icons-16px/text-highlight.svg was modified
[NX v22.3.1 Daemon Server] - 2026-03-19T05:21:28.491Z - [SYNC]: clearing sync generators cache due to file changes
[NX v22.3.1 Daemon Server] - 2026-03-19T05:21:28.491Z - [WATCHER]: Processing file changes in outputs
[NX v22.3.1 Daemon Server] - 2026-03-19T05:21:28.614Z - [WATCHER]: icons-export/all-new-figma-icons-16px/th.svg was modified
[NX v22.3.1 Daemon Server] - 2026-03-19T05:21:28.614Z - [SYNC]: clearing sync generators cache due to file changes
[NX v22.3.1 Daemon Server] - 2026-03-19T05:21:28.614Z - [WATCHER]: Processing file changes in outputs
[NX v22.3.1 Daemon Server] - 2026-03-19T05:21:28.735Z - [WATCHER]: icons-export/all-new-figma-icons-16px/th-add.svg was modified
[NX v22.3.1 Daemon Server] - 2026-03-19T05:21:28.735Z - [SYNC]: clearing sync generators cache due to file changes
[NX v22.3.1 Daemon Server] - 2026-03-19T05:21:28.735Z - [WATCHER]: Processing file changes in outputs
[NX v22.3.1 Daemon Server] - 2026-03-19T05:21:28.867Z - [WATCHER]: icons-export/all-new-figma-icons-16px/th-derived.svg was modified
[NX v22.3.1 Daemon Server] - 2026-03-19T05:21:28.868Z - [SYNC]: clearing sync generators cache due to file changes
[NX v22.3.1 Daemon Server] - 2026-03-19T05:21:28.868Z - [WATCHER]: Processing file changes in outputs
[NX v22.3.1 Daemon Server] - 2026-03-19T05:21:28.994Z - [WATCHER]: icons-export/all-new-figma-icons-16px/th-disconnect.svg was modified
[NX v22.3.1 Daemon Server] - 2026-03-19T05:21:28.994Z - [SYNC]: clearing sync generators cache due to file changes
[NX v22.3.1 Daemon Server] - 2026-03-19T05:21:28.994Z - [WATCHER]: Processing file changes in outputs
[NX v22.3.1 Daemon Server] - 2026-03-19T05:21:29.108Z - [WATCHER]: icons-export/all-new-figma-icons-16px/th-filtered.svg was modified
[NX v22.3.1 Daemon Server] - 2026-03-19T05:21:29.108Z - [SYNC]: clearing sync generators cache due to file changes
[NX v22.3.1 Daemon Server] - 2026-03-19T05:21:29.108Z - [WATCHER]: Processing file changes in outputs
[NX v22.3.1 Daemon Server] - 2026-03-19T05:21:29.239Z - [WATCHER]: icons-export/all-new-figma-icons-16px/th-list.svg was modified
[NX v22.3.1 Daemon Server] - 2026-03-19T05:21:29.239Z - [SYNC]: clearing sync generators cache due to file changes
[NX v22.3.1 Daemon Server] - 2026-03-19T05:21:29.239Z - [WATCHER]: Processing file changes in outputs
[NX v22.3.1 Daemon Server] - 2026-03-19T05:21:29.376Z - [WATCHER]: Processing file changes in outputs
[NX v22.3.1 Daemon Server] - 2026-03-19T05:21:29.377Z - [WATCHER]: icons-export/all-new-figma-icons-16px/th-list-add.svg was modified
[NX v22.3.1 Daemon Server] - 2026-03-19T05:21:29.377Z - [SYNC]: clearing sync generators cache due to file changes
[NX v22.3.1 Daemon Server] - 2026-03-19T05:21:29.499Z - [WATCHER]: icons-export/all-new-figma-icons-16px/th-virtual.svg was modified
[NX v22.3.1 Daemon Server] - 2026-03-19T05:21:29.499Z - [SYNC]: clearing sync generators cache due to file changes
[NX v22.3.1 Daemon Server] - 2026-03-19T05:21:29.499Z - [WATCHER]: Processing file changes in outputs
[NX v22.3.1 Daemon Server] - 2026-03-19T05:21:29.613Z - [WATCHER]: icons-export/all-new-figma-icons-16px/th-virtual-add.svg was modified
[NX v22.3.1 Daemon Server] - 2026-03-19T05:21:29.613Z - [SYNC]: clearing sync generators cache due to file changes
[NX v22.3.1 Daemon Server] - 2026-03-19T05:21:29.613Z - [WATCHER]: Processing file changes in outputs
[NX v22.3.1 Daemon Server] - 2026-03-19T05:21:29.729Z - [WATCHER]: icons-export/all-new-figma-icons-16px/third-party.svg was modified
[NX v22.3.1 Daemon Server] - 2026-03-19T05:21:29.729Z - [SYNC]: clearing sync generators cache due to file changes
[NX v22.3.1 Daemon Server] - 2026-03-19T05:21:29.729Z - [WATCHER]: Processing file changes in outputs
[NX v22.3.1 Daemon Server] - 2026-03-19T05:21:29.837Z - [WATCHER]: icons-export/all-new-figma-icons-16px/thumbs-down.svg was modified
[NX v22.3.1 Daemon Server] - 2026-03-19T05:21:29.837Z - [SYNC]: clearing sync generators cache due to file changes
[NX v22.3.1 Daemon Server] - 2026-03-19T05:21:29.837Z - [WATCHER]: Processing file changes in outputs
[NX v22.3.1 Daemon Server] - 2026-03-19T05:21:29.948Z - [WATCHER]: icons-export/all-new-figma-icons-16px/thumbs-up.svg was modified
[NX v22.3.1 Daemon Server] - 2026-03-19T05:21:29.948Z - [SYNC]: clearing sync generators cache due to file changes
[NX v22.3.1 Daemon Server] - 2026-03-19T05:21:29.948Z - [WATCHER]: Processing file changes in outputs
[NX v22.3.1 Daemon Server] - 2026-03-19T05:21:30.060Z - [WATCHER]: icons-export/all-new-figma-icons-16px/tick.svg was modified
[NX v22.3.1 Daemon Server] - 2026-03-19T05:21:30.061Z - [SYNC]: clearing sync generators cache due to file changes
[NX v22.3.1 Daemon Server] - 2026-03-19T05:21:30.061Z - [WATCHER]: Processing file changes in outputs
[NX v22.3.1 Daemon Server] - 2026-03-19T05:21:30.222Z - [WATCHER]: icons-export/all-new-figma-icons-16px/tick-circle.svg was modified
[NX v22.3.1 Daemon Server] - 2026-03-19T05:21:30.222Z - [SYNC]: clearing sync generators cache due to file changes
[NX v22.3.1 Daemon Server] - 2026-03-19T05:21:30.222Z - [WATCHER]: Processing file changes in outputs
[NX v22.3.1 Daemon Server] - 2026-03-19T05:21:30.382Z - [WATCHER]: icons-export/all-new-figma-icons-16px/time.svg was modified
[NX v22.3.1 Daemon Server] - 2026-03-19T05:21:30.382Z - [SYNC]: clearing sync generators cache due to file changes
[NX v22.3.1 Daemon Server] - 2026-03-19T05:21:30.382Z - [WATCHER]: Processing file changes in outputs
[NX v22.3.1 Daemon Server] - 2026-03-19T05:21:30.496Z - [WATCHER]: icons-export/all-new-figma-icons-16px/timeline-area-chart.svg was modified
[NX v22.3.1 Daemon Server] - 2026-03-19T05:21:30.496Z - [SYNC]: clearing sync generators cache due to file changes
[NX v22.3.1 Daemon Server] - 2026-03-19T05:21:30.496Z - [WATCHER]: Processing file changes in outputs
[NX v22.3.1 Daemon Server] - 2026-03-19T05:21:30.627Z - [WATCHER]: icons-export/all-new-figma-icons-16px/timeline-bar-chart.svg was modified
[NX v22.3.1 Daemon Server] - 2026-03-19T05:21:30.627Z - [SYNC]: clearing sync generators cache due to file changes
[NX v22.3.1 Daemon Server] - 2026-03-19T05:21:30.627Z - [WATCHER]: Processing file changes in outputs
[NX v22.3.1 Daemon Server] - 2026-03-19T05:21:30.750Z - [WATCHER]: icons-export/all-new-figma-icons-16px/timeline-events.svg was modified
[NX v22.3.1 Daemon Server] - 2026-03-19T05:21:30.750Z - [SYNC]: clearing sync generators cache due to file changes
[NX v22.3.1 Daemon Server] - 2026-03-19T05:21:30.750Z - [WATCHER]: Processing file changes in outputs
[NX v22.3.1 Daemon Server] - 2026-03-19T05:21:30.892Z - [WATCHER]: icons-export/all-new-figma-icons-16px/timeline-line-chart.svg was modified
[NX v22.3.1 Daemon Server] - 2026-03-19T05:21:30.892Z - [SYNC]: clearing sync generators cache due to file changes
[NX v22.3.1 Daemon Server] - 2026-03-19T05:21:30.893Z - [WATCHER]: Processing file changes in outputs
[NX v22.3.1 Daemon Server] - 2026-03-19T05:21:31.021Z - [WATCHER]: icons-export/all-new-figma-icons-16px/tint.svg was modified
[NX v22.3.1 Daemon Server] - 2026-03-19T05:21:31.022Z - [SYNC]: clearing sync generators cache due to file changes
[NX v22.3.1 Daemon Server] - 2026-03-19T05:21:31.022Z - [WATCHER]: Processing file changes in outputs
[NX v22.3.1 Daemon Server] - 2026-03-19T05:21:31.153Z - [WATCHER]: icons-export/all-new-figma-icons-16px/torch.svg was modified
[NX v22.3.1 Daemon Server] - 2026-03-19T05:21:31.153Z - [SYNC]: clearing sync generators cache due to file changes
[NX v22.3.1 Daemon Server] - 2026-03-19T05:21:31.153Z - [WATCHER]: Processing file changes in outputs
[NX v22.3.1 Daemon Server] - 2026-03-19T05:21:31.278Z - [WATCHER]: icons-export/all-new-figma-icons-16px/tractor.svg was modified
[NX v22.3.1 Daemon Server] - 2026-03-19T05:21:31.278Z - [SYNC]: clearing sync generators cache due to file changes
[NX v22.3.1 Daemon Server] - 2026-03-19T05:21:31.278Z - [WATCHER]: Processing file changes in outputs
[NX v22.3.1 Daemon Server] - 2026-03-19T05:21:31.423Z - [WATCHER]: icons-export/all-new-figma-icons-16px/train.svg was modified
[NX v22.3.1 Daemon Server] - 2026-03-19T05:21:31.423Z - [SYNC]: clearing sync generators cache due to file changes
[NX v22.3.1 Daemon Server] - 2026-03-19T05:21:31.423Z - [WATCHER]: Processing file changes in outputs
[NX v22.3.1 Daemon Server] - 2026-03-19T05:21:31.541Z - [WATCHER]: icons-export/all-new-figma-icons-16px/translate.svg was modified
[NX v22.3.1 Daemon Server] - 2026-03-19T05:21:31.542Z - [SYNC]: clearing sync generators cache due to file changes
[NX v22.3.1 Daemon Server] - 2026-03-19T05:21:31.542Z - [WATCHER]: Processing file changes in outputs
[NX v22.3.1 Daemon Server] - 2026-03-19T05:21:31.661Z - [WATCHER]: icons-export/all-new-figma-icons-16px/trash.svg was modified
[NX v22.3.1 Daemon Server] - 2026-03-19T05:21:31.661Z - [SYNC]: clearing sync generators cache due to file changes
[NX v22.3.1 Daemon Server] - 2026-03-19T05:21:31.661Z - [WATCHER]: Processing file changes in outputs
[NX v22.3.1 Daemon Server] - 2026-03-19T05:21:31.778Z - [WATCHER]: icons-export/all-new-figma-icons-16px/tree.svg was modified
[NX v22.3.1 Daemon Server] - 2026-03-19T05:21:31.779Z - [SYNC]: clearing sync generators cache due to file changes
[NX v22.3.1 Daemon Server] - 2026-03-19T05:21:31.779Z - [WATCHER]: Processing file changes in outputs
[NX v22.3.1 Daemon Server] - 2026-03-19T05:21:31.900Z - [WATCHER]: icons-export/all-new-figma-icons-16px/trending-down.svg was modified
[NX v22.3.1 Daemon Server] - 2026-03-19T05:21:31.900Z - [SYNC]: clearing sync generators cache due to file changes
[NX v22.3.1 Daemon Server] - 2026-03-19T05:21:31.900Z - [WATCHER]: Processing file changes in outputs
[NX v22.3.1 Daemon Server] - 2026-03-19T05:21:32.046Z - [WATCHER]: icons-export/all-new-figma-icons-16px/trending-up.svg was modified
[NX v22.3.1 Daemon Server] - 2026-03-19T05:21:32.047Z - [SYNC]: clearing sync generators cache due to file changes
[NX v22.3.1 Daemon Server] - 2026-03-19T05:21:32.047Z - [WATCHER]: Processing file changes in outputs
[NX v22.3.1 Daemon Server] - 2026-03-19T05:21:32.184Z - [WATCHER]: icons-export/all-new-figma-icons-16px/trophy.svg was modified
[NX v22.3.1 Daemon Server] - 2026-03-19T05:21:32.184Z - [SYNC]: clearing sync generators cache due to file changes
[NX v22.3.1 Daemon Server] - 2026-03-19T05:21:32.184Z - [WATCHER]: Processing file changes in outputs
[NX v22.3.1 Daemon Server] - 2026-03-19T05:21:32.297Z - [WATCHER]: icons-export/all-new-figma-icons-16px/truck.svg was modified
[NX v22.3.1 Daemon Server] - 2026-03-19T05:21:32.297Z - [SYNC]: clearing sync generators cache due to file changes
[NX v22.3.1 Daemon Server] - 2026-03-19T05:21:32.297Z - [WATCHER]: Processing file changes in outputs
[NX v22.3.1 Daemon Server] - 2026-03-19T05:21:32.409Z - [WATCHER]: icons-export/all-new-figma-icons-16px/two-columns.svg was modified
[NX v22.3.1 Daemon Server] - 2026-03-19T05:21:32.409Z - [SYNC]: clearing sync generators cache due to file changes
[NX v22.3.1 Daemon Server] - 2026-03-19T05:21:32.409Z - [WATCHER]: Processing file changes in outputs
[NX v22.3.1 Daemon Server] - 2026-03-19T05:21:32.524Z - [WATCHER]: Processing file changes in outputs
[NX v22.3.1 Daemon Server] - 2026-03-19T05:21:32.526Z - [WATCHER]: icons-export/all-new-figma-icons-16px/unarchive.svg was modified
[NX v22.3.1 Daemon Server] - 2026-03-19T05:21:32.526Z - [SYNC]: clearing sync generators cache due to file changes
[NX v22.3.1 Daemon Server] - 2026-03-19T05:21:32.646Z - [WATCHER]: icons-export/all-new-figma-icons-16px/underline.svg was modified
[NX v22.3.1 Daemon Server] - 2026-03-19T05:21:32.646Z - [SYNC]: clearing sync generators cache due to file changes
[NX v22.3.1 Daemon Server] - 2026-03-19T05:21:32.646Z - [WATCHER]: Processing file changes in outputs
[NX v22.3.1 Daemon Server] - 2026-03-19T05:21:32.766Z - [WATCHER]: icons-export/all-new-figma-icons-16px/undo.svg was modified
[NX v22.3.1 Daemon Server] - 2026-03-19T05:21:32.767Z - [SYNC]: clearing sync generators cache due to file changes
[NX v22.3.1 Daemon Server] - 2026-03-19T05:21:32.767Z - [WATCHER]: Processing file changes in outputs
[NX v22.3.1 Daemon Server] - 2026-03-19T05:21:32.873Z - [WATCHER]: icons-export/all-new-figma-icons-16px/ungroup-objects.svg was modified
[NX v22.3.1 Daemon Server] - 2026-03-19T05:21:32.873Z - [SYNC]: clearing sync generators cache due to file changes
[NX v22.3.1 Daemon Server] - 2026-03-19T05:21:32.873Z - [WATCHER]: Processing file changes in outputs
[NX v22.3.1 Daemon Server] - 2026-03-19T05:21:32.937Z - [REQUEST]: Updated workspace context based on watched changes, recomputing project graph...
[NX v22.3.1 Daemon Server] - 2026-03-19T05:21:32.937Z - [REQUEST]: icons-export/all-new-figma-icons-16px/symbol-triangle-down.svg,icons-export/all-new-figma-icons-16px/symbol-triangle-up.svg,icons-export/all-new-figma-icons-16px/syringe.svg,icons-export/all-new-figma-icons-16px/table-sync.svg,icons-export/all-new-figma-icons-16px/tag.svg,icons-export/all-new-figma-icons-16px/tag-add.svg,icons-export/all-new-figma-icons-16px/tag-promote.svg,icons-export/all-new-figma-icons-16px/tag-refresh.svg,icons-export/all-new-figma-icons-16px/tag-undo.svg,icons-export/all-new-figma-icons-16px/tags.svg,icons-export/all-new-figma-icons-16px/take-action.svg,icons-export/all-new-figma-icons-16px/tank.svg,icons-export/all-new-figma-icons-16px/target.svg,icons-export/all-new-figma-icons-16px/taxi.svg,icons-export/all-new-figma-icons-16px/team.svg,icons-export/all-new-figma-icons-16px/temperature.svg,icons-export/all-new-figma-icons-16px/text-highlight.svg,icons-export/all-new-figma-icons-16px/th.svg,icons-export/all-new-figma-icons-16px/th-add.svg,icons-export/all-new-figma-icons-16px/th-derived.svg,icons-export/all-new-figma-icons-16px/th-disconnect.svg,icons-export/all-new-figma-icons-16px/th-filtered.svg,icons-export/all-new-figma-icons-16px/th-list.svg,icons-export/all-new-figma-icons-16px/th-list-add.svg,icons-export/all-new-figma-icons-16px/th-virtual.svg,icons-export/all-new-figma-icons-16px/th-virtual-add.svg,icons-export/all-new-figma-icons-16px/third-party.svg,icons-export/all-new-figma-icons-16px/thumbs-down.svg,icons-export/all-new-figma-icons-16px/thumbs-up.svg,icons-export/all-new-figma-icons-16px/tick.svg,icons-export/all-new-figma-icons-16px/tick-circle.svg,icons-export/all-new-figma-icons-16px/time.svg,icons-export/all-new-figma-icons-16px/timeline-area-chart.svg,icons-export/all-new-figma-icons-16px/timeline-bar-chart.svg,icons-export/all-new-figma-icons-16px/timeline-events.svg,icons-export/all-new-figma-icons-16px/timeline-line-chart.svg,icons-export/all-new-figma-icons-16px/tint.svg,icons-export/all-new-figma-icons-16px/torch.svg,icons-export/all-new-figma-icons-16px/tractor.svg,icons-export/all-new-figma-icons-16px/train.svg,icons-export/all-new-figma-icons-16px/translate.svg,icons-export/all-new-figma-icons-16px/trash.svg,icons-export/all-new-figma-icons-16px/tree.svg,icons-export/all-new-figma-icons-16px/trending-down.svg,icons-export/all-new-figma-icons-16px/trending-up.svg,icons-export/all-new-figma-icons-16px/trophy.svg,icons-export/all-new-figma-icons-16px/truck.svg,icons-export/all-new-figma-icons-16px/two-columns.svg,icons-export/all-new-figma-icons-16px/unarchive.svg,icons-export/all-new-figma-icons-16px/underline.svg,icons-export/all-new-figma-icons-16px/undo.svg,icons-export/all-new-figma-icons-16px/ungroup-objects.svg
[NX v22.3.1 Daemon Server] - 2026-03-19T05:21:32.937Z - [REQUEST]: 
[NX v22.3.1 Daemon Server] - 2026-03-19T05:21:32.941Z - Time taken for 'hash changed files from watcher' 18.646917000005487ms
Time for 'nx/core/project-json:createNodes' 0.03820900002028793
Time for 'nx/js/dependencies-and-lockfile:createNodes' 6.519375000032596
Time for 'nx/core/package-json:createNodes' 6.92758399999002
[NX v22.3.1 Daemon Server] - 2026-03-19T05:21:32.973Z - Time taken for 'build-project-configs' 14.833541000029072ms
[NX v22.3.1 Daemon Server] - 2026-03-19T05:21:32.980Z - [WATCHER]: icons-export/all-new-figma-icons-16px/unknown-vehicle.svg was modified
[NX v22.3.1 Daemon Server] - 2026-03-19T05:21:32.980Z - [SYNC]: clearing sync generators cache due to file changes
[NX v22.3.1 Daemon Server] - 2026-03-19T05:21:32.980Z - [WATCHER]: Processing file changes in outputs
Time for 'build typescript dependencies' 0.017208000004757196
[NX v22.3.1 Daemon Server] - 2026-03-19T05:21:32.991Z - [SYNC]: collect registered sync generators
[NX v22.3.1 Daemon Server] - 2026-03-19T05:21:32.992Z - [SYNC]: project graph hash is the same, not collecting task sync generators
[NX v22.3.1 Daemon Server] - 2026-03-19T05:21:32.992Z - [SYNC]: nx.json hash is the same, not collecting global sync generators
[NX v22.3.1 Daemon Server] - 2026-03-19T05:21:32.992Z - Time taken for 'total execution time for createProjectGraph()' 25.82295800000429ms
[NX v22.3.1 Daemon Server] - 2026-03-19T05:21:33.139Z - [WATCHER]: icons-export/all-new-figma-icons-16px/unlink.svg was modified
[NX v22.3.1 Daemon Server] - 2026-03-19T05:21:33.139Z - [SYNC]: clearing sync generators cache due to file changes
[NX v22.3.1 Daemon Server] - 2026-03-19T05:21:33.139Z - [WATCHER]: Processing file changes in outputs
[NX v22.3.1 Daemon Server] - 2026-03-19T05:21:33.253Z - [WATCHER]: icons-export/all-new-figma-icons-16px/unlock.svg was modified
[NX v22.3.1 Daemon Server] - 2026-03-19T05:21:33.253Z - [SYNC]: clearing sync generators cache due to file changes
[NX v22.3.1 Daemon Server] - 2026-03-19T05:21:33.253Z - [WATCHER]: Processing file changes in outputs
[NX v22.3.1 Daemon Server] - 2026-03-19T05:21:33.363Z - [WATCHER]: icons-export/all-new-figma-icons-16px/unpin.svg was modified
[NX v22.3.1 Daemon Server] - 2026-03-19T05:21:33.363Z - [SYNC]: clearing sync generators cache due to file changes
[NX v22.3.1 Daemon Server] - 2026-03-19T05:21:33.363Z - [WATCHER]: Processing file changes in outputs
[NX v22.3.1 Daemon Server] - 2026-03-19T05:21:33.510Z - [WATCHER]: icons-export/all-new-figma-icons-16px/unresolve.svg was modified
[NX v22.3.1 Daemon Server] - 2026-03-19T05:21:33.510Z - [SYNC]: clearing sync generators cache due to file changes
[NX v22.3.1 Daemon Server] - 2026-03-19T05:21:33.510Z - [WATCHER]: Processing file changes in outputs
[NX v22.3.1 Daemon Server] - 2026-03-19T05:21:33.630Z - [WATCHER]: icons-export/all-new-figma-icons-16px/updated.svg was modified
[NX v22.3.1 Daemon Server] - 2026-03-19T05:21:33.630Z - [SYNC]: clearing sync generators cache due to file changes
[NX v22.3.1 Daemon Server] - 2026-03-19T05:21:33.630Z - [WATCHER]: Processing file changes in outputs
[NX v22.3.1 Daemon Server] - 2026-03-19T05:21:33.737Z - [WATCHER]: Processing file changes in outputs
[NX v22.3.1 Daemon Server] - 2026-03-19T05:21:33.740Z - [WATCHER]: icons-export/all-new-figma-icons-16px/upload.svg was modified
[NX v22.3.1 Daemon Server] - 2026-03-19T05:21:33.740Z - [SYNC]: clearing sync generators cache due to file changes
[NX v22.3.1 Daemon Server] - 2026-03-19T05:21:33.892Z - [WATCHER]: icons-export/all-new-figma-icons-16px/user.svg was modified
[NX v22.3.1 Daemon Server] - 2026-03-19T05:21:33.892Z - [SYNC]: clearing sync generators cache due to file changes
[NX v22.3.1 Daemon Server] - 2026-03-19T05:21:33.892Z - [WATCHER]: Processing file changes in outputs
[NX v22.3.1 Daemon Server] - 2026-03-19T05:21:34.022Z - [WATCHER]: icons-export/all-new-figma-icons-16px/variable.svg was modified
[NX v22.3.1 Daemon Server] - 2026-03-19T05:21:34.022Z - [SYNC]: clearing sync generators cache due to file changes
[NX v22.3.1 Daemon Server] - 2026-03-19T05:21:34.022Z - [WATCHER]: Processing file changes in outputs
[NX v22.3.1 Daemon Server] - 2026-03-19T05:21:34.146Z - [WATCHER]: icons-export/all-new-figma-icons-16px/variable-layer.svg was modified
[NX v22.3.1 Daemon Server] - 2026-03-19T05:21:34.146Z - [SYNC]: clearing sync generators cache due to file changes
[NX v22.3.1 Daemon Server] - 2026-03-19T05:21:34.146Z - [WATCHER]: Processing file changes in outputs
[NX v22.3.1 Daemon Server] - 2026-03-19T05:21:34.257Z - [WATCHER]: icons-export/all-new-figma-icons-16px/vector.svg was modified
[NX v22.3.1 Daemon Server] - 2026-03-19T05:21:34.258Z - [SYNC]: clearing sync generators cache due to file changes
[NX v22.3.1 Daemon Server] - 2026-03-19T05:21:34.258Z - [WATCHER]: Processing file changes in outputs
[NX v22.3.1 Daemon Server] - 2026-03-19T05:21:34.420Z - [WATCHER]: icons-export/all-new-figma-icons-16px/vertical-bar-chart-asc.svg was modified
[NX v22.3.1 Daemon Server] - 2026-03-19T05:21:34.420Z - [SYNC]: clearing sync generators cache due to file changes
[NX v22.3.1 Daemon Server] - 2026-03-19T05:21:34.420Z - [WATCHER]: Processing file changes in outputs
[NX v22.3.1 Daemon Server] - 2026-03-19T05:21:34.550Z - [WATCHER]: icons-export/all-new-figma-icons-16px/vertical-bar-chart-desc.svg was modified
[NX v22.3.1 Daemon Server] - 2026-03-19T05:21:34.550Z - [SYNC]: clearing sync generators cache due to file changes
[NX v22.3.1 Daemon Server] - 2026-03-19T05:21:34.550Z - [WATCHER]: Processing file changes in outputs
[NX v22.3.1 Daemon Server] - 2026-03-19T05:21:34.667Z - [WATCHER]: icons-export/all-new-figma-icons-16px/vertical-distribution.svg was modified
[NX v22.3.1 Daemon Server] - 2026-03-19T05:21:34.668Z - [SYNC]: clearing sync generators cache due to file changes
[NX v22.3.1 Daemon Server] - 2026-03-19T05:21:34.668Z - [WATCHER]: Processing file changes in outputs
[NX v22.3.1 Daemon Server] - 2026-03-19T05:21:34.817Z - [WATCHER]: icons-export/all-new-figma-icons-16px/vertical-inbetween.svg was modified
[NX v22.3.1 Daemon Server] - 2026-03-19T05:21:34.817Z - [SYNC]: clearing sync generators cache due to file changes
[NX v22.3.1 Daemon Server] - 2026-03-19T05:21:34.817Z - [WATCHER]: Processing file changes in outputs
[NX v22.3.1 Daemon Server] - 2026-03-19T05:21:34.935Z - [WATCHER]: icons-export/all-new-figma-icons-16px/video.svg was modified
[NX v22.3.1 Daemon Server] - 2026-03-19T05:21:34.935Z - [SYNC]: clearing sync generators cache due to file changes
[NX v22.3.1 Daemon Server] - 2026-03-19T05:21:34.935Z - [WATCHER]: Processing file changes in outputs
[NX v22.3.1 Daemon Server] - 2026-03-19T05:21:35.041Z - [WATCHER]: icons-export/all-new-figma-icons-16px/virus.svg was modified
[NX v22.3.1 Daemon Server] - 2026-03-19T05:21:35.041Z - [SYNC]: clearing sync generators cache due to file changes
[NX v22.3.1 Daemon Server] - 2026-03-19T05:21:35.041Z - [WATCHER]: Processing file changes in outputs
[NX v22.3.1 Daemon Server] - 2026-03-19T05:21:35.148Z - [WATCHER]: icons-export/all-new-figma-icons-16px/volume-down.svg was modified
[NX v22.3.1 Daemon Server] - 2026-03-19T05:21:35.148Z - [SYNC]: clearing sync generators cache due to file changes
[NX v22.3.1 Daemon Server] - 2026-03-19T05:21:35.148Z - [WATCHER]: Processing file changes in outputs
[NX v22.3.1 Daemon Server] - 2026-03-19T05:21:35.258Z - [WATCHER]: icons-export/all-new-figma-icons-16px/volume-off.svg was modified
[NX v22.3.1 Daemon Server] - 2026-03-19T05:21:35.258Z - [SYNC]: clearing sync generators cache due to file changes
[NX v22.3.1 Daemon Server] - 2026-03-19T05:21:35.259Z - [WATCHER]: Processing file changes in outputs
[NX v22.3.1 Daemon Server] - 2026-03-19T05:21:35.392Z - [WATCHER]: icons-export/all-new-figma-icons-16px/volume-up.svg was modified
[NX v22.3.1 Daemon Server] - 2026-03-19T05:21:35.392Z - [SYNC]: clearing sync generators cache due to file changes
[NX v22.3.1 Daemon Server] - 2026-03-19T05:21:35.392Z - [WATCHER]: Processing file changes in outputs
[NX v22.3.1 Daemon Server] - 2026-03-19T05:21:35.497Z - [WATCHER]: icons-export/all-new-figma-icons-16px/walk.svg was modified
[NX v22.3.1 Daemon Server] - 2026-03-19T05:21:35.497Z - [SYNC]: clearing sync generators cache due to file changes
[NX v22.3.1 Daemon Server] - 2026-03-19T05:21:35.497Z - [WATCHER]: Processing file changes in outputs
[NX v22.3.1 Daemon Server] - 2026-03-19T05:21:35.611Z - [WATCHER]: icons-export/all-new-figma-icons-16px/warning-sign.svg was modified
[NX v22.3.1 Daemon Server] - 2026-03-19T05:21:35.611Z - [SYNC]: clearing sync generators cache due to file changes
[NX v22.3.1 Daemon Server] - 2026-03-19T05:21:35.611Z - [WATCHER]: Processing file changes in outputs
[NX v22.3.1 Daemon Server] - 2026-03-19T05:21:35.726Z - [WATCHER]: icons-export/all-new-figma-icons-16px/waterfall-chart.svg was modified
[NX v22.3.1 Daemon Server] - 2026-03-19T05:21:35.726Z - [SYNC]: clearing sync generators cache due to file changes
[NX v22.3.1 Daemon Server] - 2026-03-19T05:21:35.726Z - [WATCHER]: Processing file changes in outputs
[NX v22.3.1 Daemon Server] - 2026-03-19T05:21:35.841Z - [WATCHER]: icons-export/all-new-figma-icons-16px/waves.svg was modified
[NX v22.3.1 Daemon Server] - 2026-03-19T05:21:35.842Z - [SYNC]: clearing sync generators cache due to file changes
[NX v22.3.1 Daemon Server] - 2026-03-19T05:21:35.842Z - [WATCHER]: Processing file changes in outputs
[NX v22.3.1 Daemon Server] - 2026-03-19T05:21:35.956Z - [WATCHER]: icons-export/all-new-figma-icons-16px/widget.svg was modified
[NX v22.3.1 Daemon Server] - 2026-03-19T05:21:35.956Z - [SYNC]: clearing sync generators cache due to file changes
[NX v22.3.1 Daemon Server] - 2026-03-19T05:21:35.956Z - [WATCHER]: Processing file changes in outputs
[NX v22.3.1 Daemon Server] - 2026-03-19T05:21:36.093Z - [WATCHER]: Processing file changes in outputs
[NX v22.3.1 Daemon Server] - 2026-03-19T05:21:36.095Z - [WATCHER]: icons-export/all-new-figma-icons-16px/widget-button.svg was modified
[NX v22.3.1 Daemon Server] - 2026-03-19T05:21:36.095Z - [SYNC]: clearing sync generators cache due to file changes
[NX v22.3.1 Daemon Server] - 2026-03-19T05:21:36.217Z - [WATCHER]: icons-export/all-new-figma-icons-16px/widget-footer.svg was modified
[NX v22.3.1 Daemon Server] - 2026-03-19T05:21:36.217Z - [SYNC]: clearing sync generators cache due to file changes
[NX v22.3.1 Daemon Server] - 2026-03-19T05:21:36.217Z - [WATCHER]: Processing file changes in outputs
[NX v22.3.1 Daemon Server] - 2026-03-19T05:21:36.345Z - [WATCHER]: icons-export/all-new-figma-icons-16px/widget-header.svg was modified
[NX v22.3.1 Daemon Server] - 2026-03-19T05:21:36.345Z - [SYNC]: clearing sync generators cache due to file changes
[NX v22.3.1 Daemon Server] - 2026-03-19T05:21:36.345Z - [WATCHER]: Processing file changes in outputs
[NX v22.3.1 Daemon Server] - 2026-03-19T05:21:36.492Z - [WATCHER]: icons-export/all-new-figma-icons-16px/wind.svg was modified
[NX v22.3.1 Daemon Server] - 2026-03-19T05:21:36.492Z - [SYNC]: clearing sync generators cache due to file changes
[NX v22.3.1 Daemon Server] - 2026-03-19T05:21:36.492Z - [WATCHER]: Processing file changes in outputs
[NX v22.3.1 Daemon Server] - 2026-03-19T05:21:36.652Z - [WATCHER]: icons-export/all-new-figma-icons-16px/won.svg was modified
[NX v22.3.1 Daemon Server] - 2026-03-19T05:21:36.652Z - [SYNC]: clearing sync generators cache due to file changes
[NX v22.3.1 Daemon Server] - 2026-03-19T05:21:36.652Z - [WATCHER]: Processing file changes in outputs
[NX v22.3.1 Daemon Server] - 2026-03-19T05:21:36.798Z - [WATCHER]: icons-export/all-new-figma-icons-16px/wrap-lines.svg was modified
[NX v22.3.1 Daemon Server] - 2026-03-19T05:21:36.798Z - [SYNC]: clearing sync generators cache due to file changes
[NX v22.3.1 Daemon Server] - 2026-03-19T05:21:36.799Z - [WATCHER]: Processing file changes in outputs
[NX v22.3.1 Daemon Server] - 2026-03-19T05:21:36.945Z - [WATCHER]: icons-export/all-new-figma-icons-16px/wrench.svg was modified
[NX v22.3.1 Daemon Server] - 2026-03-19T05:21:36.945Z - [SYNC]: clearing sync generators cache due to file changes
[NX v22.3.1 Daemon Server] - 2026-03-19T05:21:36.945Z - [WATCHER]: Processing file changes in outputs
[NX v22.3.1 Daemon Server] - 2026-03-19T05:21:37.097Z - [WATCHER]: icons-export/all-new-figma-icons-16px/wrench-redo.svg was modified
[NX v22.3.1 Daemon Server] - 2026-03-19T05:21:37.097Z - [SYNC]: clearing sync generators cache due to file changes
[NX v22.3.1 Daemon Server] - 2026-03-19T05:21:37.097Z - [WATCHER]: Processing file changes in outputs
[NX v22.3.1 Daemon Server] - 2026-03-19T05:21:37.223Z - [WATCHER]: icons-export/all-new-figma-icons-16px/wrench-snooze.svg was modified
[NX v22.3.1 Daemon Server] - 2026-03-19T05:21:37.223Z - [SYNC]: clearing sync generators cache due to file changes
[NX v22.3.1 Daemon Server] - 2026-03-19T05:21:37.223Z - [WATCHER]: Processing file changes in outputs
[NX v22.3.1 Daemon Server] - 2026-03-19T05:21:37.350Z - [WATCHER]: icons-export/all-new-figma-icons-16px/wrench-time.svg was modified
[NX v22.3.1 Daemon Server] - 2026-03-19T05:21:37.350Z - [SYNC]: clearing sync generators cache due to file changes
[NX v22.3.1 Daemon Server] - 2026-03-19T05:21:37.350Z - [WATCHER]: Processing file changes in outputs
[NX v22.3.1 Daemon Server] - 2026-03-19T05:21:39.392Z - [REQUEST]: Updated workspace context based on watched changes, recomputing project graph...
[NX v22.3.1 Daemon Server] - 2026-03-19T05:21:39.392Z - [REQUEST]: icons-export/all-new-figma-icons-16px/unknown-vehicle.svg,icons-export/all-new-figma-icons-16px/unlink.svg,icons-export/all-new-figma-icons-16px/unlock.svg,icons-export/all-new-figma-icons-16px/unpin.svg,icons-export/all-new-figma-icons-16px/unresolve.svg,icons-export/all-new-figma-icons-16px/updated.svg,icons-export/all-new-figma-icons-16px/upload.svg,icons-export/all-new-figma-icons-16px/user.svg,icons-export/all-new-figma-icons-16px/variable.svg,icons-export/all-new-figma-icons-16px/variable-layer.svg,icons-export/all-new-figma-icons-16px/vector.svg,icons-export/all-new-figma-icons-16px/vertical-bar-chart-asc.svg,icons-export/all-new-figma-icons-16px/vertical-bar-chart-desc.svg,icons-export/all-new-figma-icons-16px/vertical-distribution.svg,icons-export/all-new-figma-icons-16px/vertical-inbetween.svg,icons-export/all-new-figma-icons-16px/video.svg,icons-export/all-new-figma-icons-16px/virus.svg,icons-export/all-new-figma-icons-16px/volume-down.svg,icons-export/all-new-figma-icons-16px/volume-off.svg,icons-export/all-new-figma-icons-16px/volume-up.svg,icons-export/all-new-figma-icons-16px/walk.svg,icons-export/all-new-figma-icons-16px/warning-sign.svg,icons-export/all-new-figma-icons-16px/waterfall-chart.svg,icons-export/all-new-figma-icons-16px/waves.svg,icons-export/all-new-figma-icons-16px/widget.svg,icons-export/all-new-figma-icons-16px/widget-button.svg,icons-export/all-new-figma-icons-16px/widget-footer.svg,icons-export/all-new-figma-icons-16px/widget-header.svg,icons-export/all-new-figma-icons-16px/wind.svg,icons-export/all-new-figma-icons-16px/won.svg,icons-export/all-new-figma-icons-16px/wrap-lines.svg,icons-export/all-new-figma-icons-16px/wrench.svg,icons-export/all-new-figma-icons-16px/wrench-redo.svg,icons-export/all-new-figma-icons-16px/wrench-snooze.svg,icons-export/all-new-figma-icons-16px/wrench-time.svg
[NX v22.3.1 Daemon Server] - 2026-03-19T05:21:39.392Z - [REQUEST]: 
[NX v22.3.1 Daemon Server] - 2026-03-19T05:21:39.399Z - Time taken for 'hash changed files from watcher' 10.425624999974389ms
Time for 'nx/core/project-json:createNodes' 0.0590000000083819
Time for 'nx/core/package-json:createNodes' 9.304958000022452
Time for 'nx/js/dependencies-and-lockfile:createNodes' 9.496833999990486
[NX v22.3.1 Daemon Server] - 2026-03-19T05:21:39.436Z - Time taken for 'build-project-configs' 19.65487500000745ms
Time for 'build typescript dependencies' 0.024250000016763806
[NX v22.3.1 Daemon Server] - 2026-03-19T05:21:39.465Z - [SYNC]: collect registered sync generators
[NX v22.3.1 Daemon Server] - 2026-03-19T05:21:39.466Z - [SYNC]: project graph hash is the same, not collecting task sync generators
[NX v22.3.1 Daemon Server] - 2026-03-19T05:21:39.466Z - [SYNC]: nx.json hash is the same, not collecting global sync generators
[NX v22.3.1 Daemon Server] - 2026-03-19T05:21:39.466Z - Time taken for 'total execution time for createProjectGraph()' 36.10133400000632ms
[NX v22.3.1 Daemon Server] - 2026-03-19T05:21:39.856Z - [WATCHER]: icons-export/all-new-figma-icons-16px/yen.svg was modified
[NX v22.3.1 Daemon Server] - 2026-03-19T05:21:39.856Z - [SYNC]: clearing sync generators cache due to file changes
[NX v22.3.1 Daemon Server] - 2026-03-19T05:21:39.856Z - [WATCHER]: Processing file changes in outputs
[NX v22.3.1 Daemon Server] - 2026-03-19T05:21:40.254Z - [WATCHER]: icons-export/all-new-figma-icons-16px/zoom-in.svg was modified
[NX v22.3.1 Daemon Server] - 2026-03-19T05:21:40.254Z - [SYNC]: clearing sync generators cache due to file changes
[NX v22.3.1 Daemon Server] - 2026-03-19T05:21:40.254Z - [WATCHER]: Processing file changes in outputs
[NX v22.3.1 Daemon Server] - 2026-03-19T05:21:40.382Z - [WATCHER]: icons-export/all-new-figma-icons-16px/zoom-out.svg was modified
[NX v22.3.1 Daemon Server] - 2026-03-19T05:21:40.382Z - [SYNC]: clearing sync generators cache due to file changes
[NX v22.3.1 Daemon Server] - 2026-03-19T05:21:40.382Z - [WATCHER]: Processing file changes in outputs
[NX v22.3.1 Daemon Server] - 2026-03-19T05:21:40.500Z - [WATCHER]: icons-export/all-new-figma-icons-16px/zoom-to-fit.svg was modified
[NX v22.3.1 Daemon Server] - 2026-03-19T05:21:40.500Z - [SYNC]: clearing sync generators cache due to file changes
[NX v22.3.1 Daemon Server] - 2026-03-19T05:21:40.500Z - [WATCHER]: Processing file changes in outputs
[NX v22.3.1 Daemon Server] - 2026-03-19T05:21:46.264Z - [REQUEST]: Updated workspace context based on watched changes, recomputing project graph...
[NX v22.3.1 Daemon Server] - 2026-03-19T05:21:46.264Z - [REQUEST]: icons-export/all-new-figma-icons-16px/yen.svg,icons-export/all-new-figma-icons-16px/zoom-in.svg,icons-export/all-new-figma-icons-16px/zoom-out.svg,icons-export/all-new-figma-icons-16px/zoom-to-fit.svg
[NX v22.3.1 Daemon Server] - 2026-03-19T05:21:46.264Z - [REQUEST]: 
[NX v22.3.1 Daemon Server] - 2026-03-19T05:21:46.271Z - Time taken for 'hash changed files from watcher' 6.196374999999534ms
Time for 'nx/core/project-json:createNodes' 0.056416000006720424
Time for 'nx/js/dependencies-and-lockfile:createNodes' 8.536583000037353
Time for 'nx/core/package-json:createNodes' 8.972207999962848
[NX v22.3.1 Daemon Server] - 2026-03-19T05:21:46.309Z - Time taken for 'build-project-configs' 20.19170899997698ms
Time for 'build typescript dependencies' 0.01325000001816079
[NX v22.3.1 Daemon Server] - 2026-03-19T05:21:46.324Z - [SYNC]: collect registered sync generators
[NX v22.3.1 Daemon Server] - 2026-03-19T05:21:46.325Z - [SYNC]: project graph hash is the same, not collecting task sync generators
[NX v22.3.1 Daemon Server] - 2026-03-19T05:21:46.325Z - [SYNC]: nx.json hash is the same, not collecting global sync generators
[NX v22.3.1 Daemon Server] - 2026-03-19T05:21:46.325Z - Time taken for 'total execution time for createProjectGraph()' 23.843916000041645ms
[NX v22.3.1 Daemon Server] - 2026-03-19T05:21:56.967Z - [WATCHER]: icons-export-optimized/buggy.svg was created or restored
[NX v22.3.1 Daemon Server] - 2026-03-19T05:21:56.967Z - [SYNC]: clearing sync generators cache due to file changes
[NX v22.3.1 Daemon Server] - 2026-03-19T05:21:56.974Z - [WATCHER]: Processing file changes in outputs
[NX v22.3.1 Daemon Server] - 2026-03-19T05:21:57.017Z - [WATCHER]: 1 file(s) created or restored, 298 file(s) modified, 0 file(s) deleted
[NX v22.3.1 Daemon Server] - 2026-03-19T05:21:57.019Z - [SYNC]: clearing sync generators cache due to file changes
[NX v22.3.1 Daemon Server] - 2026-03-19T05:21:57.025Z - [WATCHER]: Processing file changes in outputs
[NX v22.3.1 Daemon Server] - 2026-03-19T05:21:57.069Z - [WATCHER]: 0 file(s) created or restored, 404 file(s) modified, 0 file(s) deleted
[NX v22.3.1 Daemon Server] - 2026-03-19T05:21:57.071Z - [SYNC]: clearing sync generators cache due to file changes
[NX v22.3.1 Daemon Server] - 2026-03-19T05:21:57.086Z - [REQUEST]: Updated workspace context based on watched changes, recomputing project graph...
[NX v22.3.1 Daemon Server] - 2026-03-19T05:21:57.086Z - [REQUEST]: icons-export-optimized/buggy.svg,icons-export-optimized/rotate-page.svg,icons-export-optimized/widget-footer.svg,icons-export-optimized/send-to-graph.svg,icons-export-optimized/bug.svg,icons-export-optimized/symbol-circle.svg,icons-export-optimized/shapes.svg,icons-export-optimized/updated.svg,icons-export-optimized/resolve.svg,icons-export-optimized/saved.svg,icons-export-optimized/trophy.svg,icons-export-optimized/th-list-add.svg,icons-export-optimized/send-backward.svg,icons-export-optimized/waves.svg,icons-export-optimized/tractor.svg,icons-export-optimized/symbol-triangle-up.svg,icons-export-optimized/applications.svg,icons-export-optimized/range-ring.svg,icons-export-optimized/widget-header.svg,icons-export-optimized/swap-horizontal.svg,icons-export-optimized/step-backward.svg,icons-export-optimized/array-floating-point.svg,icons-export-optimized/underline.svg,icons-export-optimized/barcode.svg,icons-export-optimized/cube-cutouts.svg,icons-export-optimized/projects.svg,icons-export-optimized/selection-box-add.svg,icons-export-optimized/ammunition.svg,icons-export-optimized/widget-button.svg,icons-export-optimized/antenna.svg,icons-export-optimized/wrench-redo.svg,icons-export-optimized/search-template.svg,icons-export-optimized/thumbs-down.svg,icons-export-optimized/backlink.svg,icons-export-optimized/arrows-horizontal.svg,icons-export-optimized/arrow-top-left.svg,icons-export-optimized/shorten-text.svg,icons-export-optimized/stadium-geometry.svg,icons-export-optimized/anchor.svg,icons-export-optimized/asterisk.svg,icons-export-optimized/alignment-bottom.svg,icons-export-optimized/property.svg,icons-export-optimized/th.svg,icons-export-optimized/series-derived.svg,icons-export-optimized/tick.svg,icons-export-optimized/th-disconnect.svg,icons-export-optimized/array-boolean.svg,icons-export-optimized/search-text.svg,icons-export-optimized/trending-up.svg,icons-export-optimized/caret-right.svg,icons-export-optimized/add-to-folder.svg,icons-export-optimized/arrow-down.svg,icons-export-optimized/scatter-plot.svg,icons-export-optimized/add-column-left.svg,icons-export-optimized/yen.svg,icons-export-optimized/subtract-right-join.svg,icons-export-optimized/code-block.svg,icons-export-optimized/timeline-line-chart.svg,icons-export-optimized/rocket-slant.svg,icons-export-optimized/remove-row-bottom.svg,icons-export-optimized/wrench-time.svg,icons-export-optimized/widget.svg,icons-export-optimized/rotate-document.svg,icons-export-optimized/volume-off.svg,icons-export-optimized/array-object.svg,icons-export-optimized/group-objects.svg,icons-export-optimized/settings.svg,icons-export-optimized/add-child.svg,icons-export-optimized/random.svg,icons-export-optimized/run-history.svg,icons-export-optimized/signal-search.svg,icons-export-optimized/shield.svg,icons-export-optimized/train.svg,icons-export-optimized/remove-column-left.svg,icons-export-optimized/box.svg,icons-export-optimized/th-virtual-add.svg,icons-export-optimized/symbol-diamond.svg,icons-export-optimized/vector.svg,icons-export-optimized/syringe.svg,icons-export-optimized/symbol-triangle-down.svg,icons-export-optimized/console-alert.svg,icons-export-optimized/arrow-bottom-right.svg,icons-export-optimized/rect-width.svg,icons-export-optimized/record.svg,icons-export-optimized/arrow-up.svg,icons-export-optimized/variable.svg,icons-export-optimized/square.svg,icons-export-optimized/step-chart.svg,icons-export-optimized/cube-edit.svg,icons-export-optimized/layout-right-column-three-tiles.svg,icons-export-optimized/zoom-in.svg,icons-export-optimized/add-row-bottom.svg,icons-export-optimized/small-cross.svg,icons-export-optimized/superscript.svg,icons-export-optimized/graph-remove.svg,icons-export-optimized/torch.svg,icons-export-optimized/waterfall-chart.svg,icons-export-optimized/selection-box.svg,icons-export-optimized/server.svg,icons-export-optimized/add-column-right.svg,icons-export-optimized/share.svg,icons-export-optimized/strikethrough.svg,icons-export-optimized/sort-numerical.svg,icons-export-optimized/unknown-vehicle.svg,icons-export-optimized/ship.svg,icons-export-optimized/tags.svg,icons-export-optimized/aimpoints-target.svg,icons-export-optimized/wind.svg,icons-export-optimized/two-columns.svg,icons-export-optimized/symbol-cross.svg,icons-export-optimized/swap-vertical.svg,icons-export-optimized/small-plus.svg,icons-export-optimized/sports-stadium.svg,icons-export-optimized/rig.svg,icons-export-optimized/video.svg,icons-export-optimized/slash.svg,icons-export-optimized/target.svg,icons-export-optimized/add-tile.svg,icons-export-optimized/selection.svg,icons-export-optimized/server-install.svg,icons-export-optimized/tree.svg,icons-export-optimized/branch-unlocked.svg,icons-export-optimized/symbol-rectangle.svg,icons-export-optimized/block-promote.svg,icons-export-optimized/rectangle.svg,icons-export-optimized/refresh-off.svg,icons-export-optimized/route.svg,icons-export-optimized/array-date.svg,icons-export-optimized/align-right.svg,icons-export-optimized/unarchive.svg,icons-export-optimized/vertical-bar-chart-desc.svg,icons-export-optimized/upload.svg,icons-export-optimized/remove-column.svg,icons-export-optimized/volume-up.svg,icons-export-optimized/time.svg,icons-export-optimized/caret-down.svg,icons-export-optimized/regex.svg,icons-export-optimized/branch-locked.svg,icons-export-optimized/cross-circle.svg,icons-export-optimized/rain.svg,icons-export-optimized/style.svg,icons-export-optimized/small-info-sign.svg,icons-export-optimized/array-timestamp.svg,icons-export-optimized/truck.svg,icons-export-optimized/timeline-bar-chart.svg,icons-export-optimized/zoom-to-fit.svg,icons-export-optimized/arrow-left.svg,icons-export-optimized/select.svg,icons-export-optimized/bank-account.svg,icons-export-optimized/archive.svg,icons-export-optimized/rotate-cw.svg,icons-export-optimized/area-of-interest.svg,icons-export-optimized/repeat.svg,icons-export-optimized/vertical-bar-chart-asc.svg,icons-export-optimized/add-clip.svg,icons-export-optimized/comparison.svg,icons-export-optimized/volume-down.svg,icons-export-optimized/unlock.svg,icons-export-optimized/won.svg,icons-export-optimized/sweep.svg,icons-export-optimized/switch.svg,icons-export-optimized/send-to-map.svg,icons-export-optimized/th-list.svg,icons-export-optimized/root-folder.svg,icons-export-optimized/split-columns.svg,icons-export-optimized/arrow-top-right.svg,icons-export-optimized/hand-left.svg,icons-export-optimized/tick-circle.svg,icons-export-optimized/step-forward.svg,icons-export-optimized/calculator.svg,icons-export-optimized/binary-number.svg,icons-export-optimized/book.svg,icons-export-optimized/undo.svg,icons-export-optimized/arrow-right.svg,icons-export-optimized/shopping-cart.svg,icons-export-optimized/add-location.svg,icons-export-optimized/tag-refresh.svg,icons-export-optimized/array.svg,icons-export-optimized/tag-add.svg,icons-export-optimized/regression-chart.svg,icons-export-optimized/unpin.svg,icons-export-optimized/alignment-left.svg,icons-export-optimized/add.svg,icons-export-optimized/th-derived.svg,icons-export-optimized/search-around.svg,icons-export-optimized/user.svg,icons-export-optimized/selection-box-edit.svg,icons-export-optimized/wrench.svg,icons-export-optimized/tag-promote.svg,icons-export-optimized/arrows-arc.svg,icons-export-optimized/grouped-bar-chart.svg,icons-export-optimized/array-numeric.svg,icons-export-optimized/construction.svg,icons-export-optimized/temperature.svg,icons-export-optimized/axle.svg,icons-export-optimized/rocket.svg,icons-export-optimized/shared-filter.svg,icons-export-optimized/tint.svg,icons-export-optimized/satellite.svg,icons-export-optimized/build.svg,icons-export-optimized/airplane.svg,icons-export-optimized/hand-down.svg,icons-export-optimized/globe-network-add.svg,icons-export-optimized/th-filtered.svg,icons-export-optimized/th-add.svg,icons-export-optimized/team.svg,icons-export-optimized/tag-undo.svg,icons-export-optimized/arrow-bottom-left.svg,icons-export-optimized/dashboard.svg,icons-export-optimized/unlink.svg,icons-export-optimized/timeline-events.svg,icons-export-optimized/th-virtual.svg,icons-export-optimized/at.svg,icons-export-optimized/stacked-chart.svg,icons-export-optimized/app-header.svg,icons-export-optimized/rotate-ccw.svg,icons-export-optimized/backward-ten.svg,icons-export-optimized/greater-than-or-equal-to.svg,icons-export-optimized/alignment-top.svg,icons-export-optimized/confirm.svg,icons-export-optimized/stopwatch.svg,icons-export-optimized/trash.svg,icons-export-optimized/ban-circle.svg,icons-export-optimized/camera.svg,icons-export-optimized/reset.svg,icons-export-optimized/taxi.svg,icons-export-optimized/align-left.svg,icons-export-optimized/align-center.svg,icons-export-optimized/ring.svg,icons-export-optimized/annotation.svg,icons-export-optimized/bookmark.svg,icons-export-optimized/bring-forward.svg,icons-export-optimized/announcement.svg,icons-export-optimized/star.svg,icons-export-optimized/vertical-inbetween.svg,icons-export-optimized/subscript.svg,icons-export-optimized/snowflake.svg,icons-export-optimized/variable-layer.svg,icons-export-optimized/series-search.svg,icons-export-optimized/series-configuration.svg,icons-export-optimized/remove-column-right.svg,icons-export-optimized/send-to.svg,icons-export-optimized/ungroup-objects.svg,icons-export-optimized/stop.svg,icons-export-optimized/remove.svg,icons-export-optimized/right-join.svg,icons-export-optimized/application.svg,icons-export-optimized/alignment-right.svg,icons-export-optimized/remove-row-top.svg,icons-export-optimized/rect-height.svg,icons-export-optimized/star-empty.svg,icons-export-optimized/cloud-tick.svg,icons-export-optimized/spin.svg,icons-export-optimized/translate.svg,icons-export-optimized/wrench-snooze.svg,icons-export-optimized/add-parent.svg,icons-export-optimized/shop.svg,icons-export-optimized/table-sync.svg,icons-export-optimized/cell-tower.svg,icons-export-optimized/virus.svg,icons-export-optimized/group-item.svg,icons-export-optimized/badge.svg,icons-export-optimized/bring-data.svg,icons-export-optimized/alignment-horizontal-center.svg,icons-export-optimized/bullseye.svg,icons-export-optimized/send-message.svg,icons-export-optimized/timeline-area-chart.svg,icons-export-optimized/third-party.svg,icons-export-optimized/calendar.svg,icons-export-optimized/trending-down.svg,icons-export-optimized/align-justify.svg,icons-export-optimized/add-row-top.svg,icons-export-optimized/unresolve.svg,icons-export-optimized/thumbs-up.svg,icons-export-optimized/text-highlight.svg,icons-export-optimized/tank.svg,icons-export-optimized/take-action.svg,icons-export-optimized/wrap-lines.svg,icons-export-optimized/refresh.svg,icons-export-optimized/sensor.svg,icons-export-optimized/credit-card.svg,icons-export-optimized/symbol-square.svg,icons-export-optimized/grid.svg,icons-export-optimized/cargo-ship.svg,icons-export-optimized/warning-sign.svg,icons-export-optimized/blocked-person.svg,icons-export-optimized/tag.svg,icons-export-optimized/arrows-vertical.svg,icons-export-optimized/vertical-distribution.svg,icons-export-optimized/add-to-artifact.svg,icons-export-optimized/segmented-control.svg,icons-export-optimized/search.svg,icons-export-optimized/walk.svg,icons-export-optimized/alignment-vertical-center.svg,icons-export-optimized/briefcase.svg,icons-export-optimized/redo.svg,icons-export-optimized/automatic-updates.svg,icons-export-optimized/zoom-out.svg,icons-export-optimized/array-string.svg,icons-export-optimized/helicopter.svg,icons-export-optimized/paragraph.svg,icons-export-optimized/fork-end.svg,icons-export-optimized/sort.svg,icons-export-optimized/model.svg,icons-export-optimized/map.svg,icons-export-optimized/menu-closed.svg,icons-export-optimized/layout-two-rows.svg,icons-export-optimized/known-vehicle.svg,icons-export-optimized/notifications.svg,icons-export-optimized/cog.svg,icons-export-optimized/key-option.svg,icons-export-optimized/folder-open.svg,icons-export-optimized/document-share.svg,icons-export-optimized/log-out.svg,icons-export-optimized/grid-view.svg,icons-export-optimized/oil-field.svg,icons-export-optimized/direction-left.svg,icons-export-optimized/inbox-update.svg,icons-export-optimized/circle-arrow-right.svg,icons-export-optimized/delete.svg,icons-export-optimized/chart.svg,icons-export-optimized/move.svg,icons-export-optimized/locomotive.svg,icons-export-optimized/data-search.svg,icons-export-optimized/layout-left-column-two-tiles.svg,icons-export-optimized/inbox-geo.svg,icons-export-optimized/console.svg,icons-export-optimized/cloud.svg,icons-export-optimized/layout-hierarchy.svg,icons-export-optimized/map-marker.svg,icons-export-optimized/polygon-filter.svg,icons-export-optimized/ip-address.svg,icons-export-optimized/horizontal-bar-chart.svg,icons-export-optimized/direction-right.svg,icons-export-optimized/circle-arrow-up.svg,icons-export-optimized/new-drawing.svg,icons-export-optimized/key-escape.svg,icons-export-optimized/highlight.svg,icons-export-optimized/draw.svg,icons-export-optimized/column-layout.svg,icons-export-optimized/flows.svg,icons-export-optimized/geolocation.svg,icons-export-optimized/eye-on.svg,icons-export-optimized/nest.svg,icons-export-optimized/ninja.svg,icons-export-optimized/fighter-jet.svg,icons-export-optimized/error.svg,icons-export-optimized/chevron-forward.svg,icons-export-optimized/circle-arrow-down.svg,icons-export-optimized/presentation.svg,icons-export-optimized/fork.svg,icons-export-optimized/intelligence.svg,icons-export-optimized/menu.svg,icons-export-optimized/paste-variable.svg,icons-export-optimized/layout.svg,icons-export-optimized/helper-management.svg,icons-export-optimized/expand-all.svg,icons-export-optimized/id-number.svg,icons-export-optimized/clipboard-file.svg,icons-export-optimized/british-pound.svg,icons-export-optimized/new-object.svg,icons-export-optimized/dollar.svg,icons-export-optimized/mobile-video.svg,icons-export-optimized/learning.svg,icons-export-optimized/globe.svg,icons-export-optimized/outdated.svg,icons-export-optimized/gantt-chart.svg,icons-export-optimized/flow-review.svg,icons-export-optimized/eye-open.svg,icons-export-optimized/collapse-all.svg,icons-export-optimized/layout-top-row-three-tiles.svg,icons-export-optimized/layout-three-rows.svg,icons-export-optimized/pulse.svg,icons-export-optimized/filter-open.svg,icons-export-optimized/circle.svg,icons-export-optimized/one-column.svg,icons-export-optimized/filter-list.svg,icons-export-optimized/forward-ten.svg,icons-export-optimized/drag-handle-horizontal.svg,icons-export-optimized/control.svg,icons-export-optimized/desktop.svg,icons-export-optimized/moon.svg,icons-export-optimized/paperclip.svg,icons-export-optimized/locate.svg,icons-export-optimized/path.svg,icons-export-optimized/function-minimal.svg,icons-export-optimized/page-layout.svg,icons-export-optimized/flow-review-branch.svg,icons-export-optimized/filter-sort-desc.svg,icons-export-optimized/diagnosis.svg,icons-export-optimized/flow-linear.svg,icons-export-optimized/issue.svg,icons-export-optimized/help.svg,icons-export-optimized/descendant.svg,icons-export-optimized/import.svg,icons-export-optimized/maximize.svg,icons-export-optimized/folder-shared-open.svg,icons-export-optimized/outer-join.svg,icons-export-optimized/layout-two-columns.svg,icons-export-optimized/data-cloud.svg,icons-export-optimized/clip.svg,icons-export-optimized/chevron-backward.svg,icons-export-optimized/heatmap.svg,icons-export-optimized/play.svg,icons-export-optimized/function.svg,icons-export-optimized/power.svg,icons-export-optimized/hand.svg,icons-export-optimized/floppy-disk.svg,icons-export-optimized/exclude-row.svg,icons-export-optimized/playbook.svg,icons-export-optimized/properties.svg,icons-export-optimized/phone.svg,icons-export-optimized/output.svg,icons-export-optimized/git-rebase.svg,icons-export-optimized/engagement.svg,icons-export-optimized/drawer-left-filled.svg,icons-export-optimized/greater-than.svg,icons-export-optimized/document-open.svg,icons-export-optimized/map-create.svg,icons-export-optimized/filter-remove.svg,icons-export-optimized/eraser.svg,icons-export-optimized/code.svg,icons-export-optimized/lock.svg,icons-export-optimized/list-columns.svg,icons-export-optimized/chevron-down.svg,icons-export-optimized/fast-forward.svg,icons-export-optimized/cubes.svg,icons-export-optimized/predictive-analysis.svg,icons-export-optimized/not-equal-to.svg,icons-export-optimized/curved-range-chart.svg,icons-export-optimized/selection-box-remove.svg,icons-export-optimized/key-control.svg,icons-export-optimized/full-circle.svg,icons-export-optimized/endorsed.svg,icons-export-optimized/following.svg,icons-export-optimized/dashed-circle.svg,icons-export-optimized/double-chevron-down.svg,icons-export-optimized/cloud-server.svg,icons-export-optimized/layout-left-column-three-tiles.svg,icons-export-optimized/open-application.svg,icons-export-optimized/less-than.svg,icons-export-optimized/header-two.svg,icons-export-optimized/key-command.svg,icons-export-optimized/filter.svg,icons-export-optimized/double-chevron-right.svg,icons-export-optimized/manual.svg,icons-export-optimized/heat-grid.svg,icons-export-optimized/generate.svg,icons-export-optimized/glass.svg,icons-export-optimized/duplicate.svg,icons-export-optimized/hat.svg,icons-export-optimized/double-caret-horizontal.svg,icons-export-optimized/home.svg,icons-export-optimized/new-grid-item.svg,icons-export-optimized/join-table.svg,icons-export-optimized/pause.svg,icons-export-optimized/panel-stats.svg,icons-export-optimized/inbox-search.svg,icons-export-optimized/image-rotate-left.svg,icons-export-optimized/color-fill.svg,icons-export-optimized/many-to-many.svg,icons-export-optimized/changes.svg,icons-export-optimized/comment.svg,icons-export-optimized/new-text-box.svg,icons-export-optimized/history.svg,icons-export-optimized/document-code.svg,icons-export-optimized/path-search.svg,icons-export-optimized/social-media.svg,icons-export-optimized/modal-filled.svg,icons-export-optimized/media.svg,icons-export-optimized/key-enter.svg,icons-export-optimized/feed-subscribed.svg,icons-export-optimized/curly-braces.svg,icons-export-optimized/layer.svg,icons-export-optimized/intersection.svg,icons-export-optimized/drag-handle-vertical.svg,icons-export-optimized/document.svg,icons-export-optimized/cube.svg,icons-export-optimized/issue-closed.svg,icons-export-optimized/key-backspace.svg,icons-export-optimized/info-sign.svg,icons-export-optimized/layout-auto.svg,icons-export-optimized/git-commit.svg,icons-export-optimized/geosearch.svg,icons-export-optimized/diagram-tree.svg,icons-export-optimized/prescription.svg,icons-export-optimized/delta.svg,icons-export-optimized/derived-column.svg,icons-export-optimized/circle-arrow-left.svg,icons-export-optimized/header.svg,icons-export-optimized/drone-uav.svg,icons-export-optimized/many-to-one.svg,icons-export-optimized/cube-add.svg,icons-export-optimized/merge-links.svg,icons-export-optimized/feed.svg,icons-export-optimized/phone-search.svg,icons-export-optimized/geofence.svg,icons-export-optimized/font.svg,icons-export-optimized/key.svg,icons-export-optimized/mountain.svg,icons-export-optimized/new-comment.svg,icons-export-optimized/horizontal-bar-chart-desc.svg,icons-export-optimized/heart-broken.svg,icons-export-optimized/drone.svg,icons-export-optimized/double-chevron-up.svg,icons-export-optimized/folder-new.svg,icons-export-optimized/key-shift.svg,icons-export-optimized/flow-branch.svg,icons-export-optimized/emoji.svg,icons-export-optimized/chevron-up.svg,icons-export-optimized/mugshot.svg,icons-export-optimized/list.svg,icons-export-optimized/floating-point.svg,icons-export-optimized/pie-chart.svg,icons-export-optimized/disable.svg,icons-export-optimized/lab-test.svg,icons-export-optimized/horizontal-inbetween.svg,icons-export-optimized/envelope.svg,icons-export-optimized/panel.svg,icons-export-optimized/more.svg,icons-export-optimized/object-view.svg,icons-export-optimized/layout-right-column-two-tiles.svg,icons-export-optimized/key-delete.svg,icons-export-optimized/drawer-left.svg,icons-export-optimized/insert.svg,icons-export-optimized/dot.svg,icons-export-optimized/new-prescription.svg,icons-export-optimized/compass.svg,icons-export-optimized/new-layer.svg,icons-export-optimized/hand-up.svg,icons-export-optimized/high-voltage-pole.svg,icons-export-optimized/pistol.svg,icons-export-optimized/italic.svg,icons-export-optimized/geotime.svg,icons-export-optimized/sim-card.svg,icons-export-optimized/layers.svg,icons-export-optimized/double-caret-vertical.svg,icons-export-optimized/caret-left.svg,icons-export-optimized/equals.svg,icons-export-optimized/chat.svg,icons-export-optimized/sort-desc.svg,icons-export-optimized/manually-entered-data.svg,icons-export-optimized/endnote.svg,icons-export-optimized/numerical.svg,icons-export-optimized/layout-linear.svg,icons-export-optimized/detection.svg,icons-export-optimized/drive-time.svg,icons-export-optimized/contrast.svg,icons-export-optimized/plus.svg,icons-export-optimized/microphone.svg,icons-export-optimized/headset.svg,icons-export-optimized/numbered-list.svg,icons-export-optimized/layout-three-columns.svg,icons-export-optimized/lightning.svg,icons-export-optimized/offline.svg,icons-export-optimized/git-branch.svg,icons-export-optimized/series-filtered.svg,icons-export-optimized/person.svg,icons-export-optimized/issue-new.svg,icons-export-optimized/eject.svg,icons-export-optimized/crop.svg,icons-export-optimized/multi-select.svg,icons-export-optimized/new-layers.svg,icons-export-optimized/pill.svg,icons-export-optimized/sort-asc.svg,icons-export-optimized/office.svg,icons-export-optimized/key-tab.svg,icons-export-optimized/people.svg,icons-export-optimized/git-push.svg,icons-export-optimized/crown.svg,icons-export-optimized/hexagon.svg,icons-export-optimized/form.svg,icons-export-optimized/doughnut-chart.svg,icons-export-optimized/double-chevron-left.svg,icons-export-optimized/cube-cutout.svg,icons-export-optimized/link.svg,icons-export-optimized/layout-circle.svg,icons-export-optimized/notifications-updated.svg,icons-export-optimized/clean.svg,icons-export-optimized/layout-grid.svg,icons-export-optimized/cube-remove.svg,icons-export-optimized/flame.svg,icons-export-optimized/hand-right.svg,icons-export-optimized/left-join.svg,icons-export-optimized/new-link.svg,icons-export-optimized/folder-close.svg,icons-export-optimized/layer-outline.svg,icons-export-optimized/phone-forward.svg,icons-export-optimized/divide.svg,icons-export-optimized/hurricane.svg,icons-export-optimized/header-three.svg,icons-export-optimized/minimize.svg,icons-export-optimized/compressed.svg,icons-export-optimized/spell-check.svg,icons-export-optimized/euro.svg,icons-export-optimized/lengthen-text.svg,icons-export-optimized/markdown.svg,icons-export-optimized/high-priority.svg,icons-export-optimized/panel-table.svg,icons-export-optimized/download.svg,icons-export-optimized/layout-top-row-two-tiles.svg,icons-export-optimized/fullscreen.svg,icons-export-optimized/data-connection.svg,icons-export-optimized/chevron-right.svg,icons-export-optimized/inherited-group.svg,icons-export-optimized/publish-function.svg,icons-export-optimized/layout-group-by.svg,icons-export-optimized/small-square.svg,icons-export-optimized/graph.svg,icons-export-optimized/list-detail-view.svg,icons-export-optimized/one-to-one.svg,icons-export-optimized/folder-shared.svg,icons-export-optimized/flash.svg,icons-export-optimized/film.svg,icons-export-optimized/notifications-add.svg,icons-export-optimized/exchange.svg,icons-export-optimized/modal.svg,icons-export-optimized/notifications-snooze.svg,icons-export-optimized/layout-bottom-row-three-tiles.svg,icons-export-optimized/cycle.svg,icons-export-optimized/citation.svg,icons-export-optimized/series-add.svg,icons-export-optimized/bold.svg,icons-export-optimized/soccer-ball.svg,icons-export-optimized/sort-alphabetical-desc.svg,icons-export-optimized/inner-join.svg,icons-export-optimized/layout-balloon.svg,icons-export-optimized/media-set-add.svg,icons-export-optimized/inbox.svg,icons-export-optimized/gift-box.svg,icons-export-optimized/eye-off.svg,icons-export-optimized/cloud-download.svg,icons-export-optimized/popout.svg,icons-export-optimized/label.svg,icons-export-optimized/lifesaver.svg,icons-export-optimized/layout-bottom-row-two-tiles.svg,icons-export-optimized/heart.svg,icons-export-optimized/filter-keep.svg,icons-export-optimized/percentage.svg,icons-export-optimized/package.svg,icons-export-optimized/linked-squares.svg,icons-export-optimized/git-pull.svg,icons-export-optimized/cross.svg,icons-export-optimized/sort-numerical-desc.svg,icons-export-optimized/one-to-many.svg,icons-export-optimized/layout-sorted-clusters.svg,icons-export-optimized/globe-network.svg,icons-export-optimized/lightbulb.svg,icons-export-optimized/data-sync.svg,icons-export-optimized/caret-up.svg,icons-export-optimized/flow-end.svg,icons-export-optimized/input.svg,icons-export-optimized/inheritance.svg,icons-export-optimized/git-new-branch.svg,icons-export-optimized/music.svg,icons-export-optimized/drawer-right.svg,icons-export-optimized/horizontal-distribution.svg,icons-export-optimized/full-stacked-chart.svg,icons-export-optimized/derive-column.svg,icons-export-optimized/small-minus.svg,icons-export-optimized/mobile-phone.svg,icons-export-optimized/layout-skew-grid.svg,icons-export-optimized/flag.svg,icons-export-optimized/drawer-right-filled.svg,icons-export-optimized/sort-alphabetical.svg,icons-export-optimized/git-repo.svg,icons-export-optimized/menu-open.svg,icons-export-optimized/edit.svg,icons-export-optimized/chevron-left.svg,icons-export-optimized/pivot-table.svg,icons-export-optimized/header-one.svg,icons-export-optimized/document-locked.svg,icons-export-optimized/new-shield.svg,icons-export-optimized/git-merge.svg,icons-export-optimized/filter-sort-asc.svg,icons-export-optimized/fast-backward.svg,icons-export-optimized/page-break.svg,icons-export-optimized/css-style.svg,icons-export-optimized/pivot.svg,icons-export-optimized/minus.svg,icons-export-optimized/merge-columns.svg,icons-export-optimized/inbox-filtered.svg,icons-export-optimized/horizontal-bar-chart-asc.svg,icons-export-optimized/fuel.svg,icons-export-optimized/excavator.svg,icons-export-optimized/delete-clip.svg,icons-export-optimized/database.svg,icons-export-optimized/clipboard.svg,icons-export-optimized/phone-call.svg,icons-export-optimized/image-rotate-right.svg,icons-export-optimized/explain.svg,icons-export-optimized/new-person.svg,icons-export-optimized/print.svg,icons-export-optimized/less-than-or-equal-to.svg,icons-export-optimized/pin.svg,icons-export-optimized/cut.svg,icons-export-optimized/data-lineage.svg,icons-export-optimized/cloud-upload.svg,icons-export-optimized/log-in.svg,icons-export-optimized/small-tick.svg,icons-export-optimized/export.svg,icons-export-optimized/follower.svg,icons-export-optimized/low-voltage-pole.svg
[NX v22.3.1 Daemon Server] - 2026-03-19T05:21:57.087Z - [REQUEST]: 
[NX v22.3.1 Daemon Server] - 2026-03-19T05:21:57.092Z - [WATCHER]: Processing file changes in outputs
[NX v22.3.1 Daemon Server] - 2026-03-19T05:21:57.092Z - Time taken for 'hash changed files from watcher' 14.807958999997936ms
Time for 'nx/core/project-json:createNodes' 0.08899999997811392
Time for 'nx/js/dependencies-and-lockfile:createNodes' 8.774792000011075
Time for 'nx/core/package-json:createNodes' 17.695624999993015
[NX v22.3.1 Daemon Server] - 2026-03-19T05:21:57.135Z - Time taken for 'build-project-configs' 23.644957999989856ms
Time for 'build typescript dependencies' 0.020084000017959625
[NX v22.3.1 Daemon Server] - 2026-03-19T05:21:57.157Z - [SYNC]: collect registered sync generators
[NX v22.3.1 Daemon Server] - 2026-03-19T05:21:57.158Z - [SYNC]: project graph hash is the same, not collecting task sync generators
[NX v22.3.1 Daemon Server] - 2026-03-19T05:21:57.158Z - [SYNC]: nx.json hash is the same, not collecting global sync generators
[NX v22.3.1 Daemon Server] - 2026-03-19T05:21:57.158Z - Time taken for 'total execution time for createProjectGraph()' 31.194624999945518ms
[NX v22.3.1 Daemon Server] - 2026-03-19T05:22:24.721Z - [WATCHER]: 0 file(s) created or restored, 61 file(s) modified, 0 file(s) deleted
[NX v22.3.1 Daemon Server] - 2026-03-19T05:22:24.722Z - [SYNC]: clearing sync generators cache due to file changes
[NX v22.3.1 Daemon Server] - 2026-03-19T05:22:24.723Z - [WATCHER]: Processing file changes in outputs
[NX v22.3.1 Daemon Server] - 2026-03-19T05:22:24.770Z - [WATCHER]: 0 file(s) created or restored, 54 file(s) modified, 0 file(s) deleted
[NX v22.3.1 Daemon Server] - 2026-03-19T05:22:24.771Z - [SYNC]: clearing sync generators cache due to file changes
[NX v22.3.1 Daemon Server] - 2026-03-19T05:22:24.771Z - [WATCHER]: Processing file changes in outputs
[NX v22.3.1 Daemon Server] - 2026-03-19T05:22:24.821Z - [WATCHER]: Processing file changes in outputs
[NX v22.3.1 Daemon Server] - 2026-03-19T05:22:24.822Z - [WATCHER]: 0 file(s) created or restored, 65 file(s) modified, 0 file(s) deleted
[NX v22.3.1 Daemon Server] - 2026-03-19T05:22:24.822Z - [SYNC]: clearing sync generators cache due to file changes
[NX v22.3.1 Daemon Server] - 2026-03-19T05:22:24.873Z - [WATCHER]: Processing file changes in outputs
[NX v22.3.1 Daemon Server] - 2026-03-19T05:22:24.874Z - [WATCHER]: 0 file(s) created or restored, 67 file(s) modified, 0 file(s) deleted
[NX v22.3.1 Daemon Server] - 2026-03-19T05:22:24.874Z - [SYNC]: clearing sync generators cache due to file changes
[NX v22.3.1 Daemon Server] - 2026-03-19T05:22:24.934Z - [REQUEST]: Updated workspace context based on watched changes, recomputing project graph...
[NX v22.3.1 Daemon Server] - 2026-03-19T05:22:24.934Z - [REQUEST]: packages/demo-icon-comparison/public/new-icons/arrow-top-left.svg,packages/demo-icon-comparison/public/new-icons/add-column-right.svg,packages/demo-icon-comparison/public/new-icons/array-object.svg,packages/demo-icon-comparison/public/new-icons/badge.svg,packages/demo-icon-comparison/public/new-icons/add-child.svg,packages/demo-icon-comparison/public/new-icons/applications.svg,packages/demo-icon-comparison/public/new-icons/arrow-left.svg,packages/demo-icon-comparison/public/new-icons/arrows-horizontal.svg,packages/demo-icon-comparison/public/new-icons/align-left.svg,packages/demo-icon-comparison/public/new-icons/add-to-folder.svg,packages/demo-icon-comparison/public/new-icons/add-to-artifact.svg,packages/demo-icon-comparison/public/new-icons/alignment-right.svg,packages/demo-icon-comparison/public/new-icons/array-date.svg,packages/demo-icon-comparison/public/new-icons/add-column-left.svg,packages/demo-icon-comparison/public/new-icons/add-location.svg,packages/demo-icon-comparison/public/new-icons/add-tile.svg,packages/demo-icon-comparison/public/new-icons/aimpoints-target.svg,packages/demo-icon-comparison/public/new-icons/alignment-top.svg,packages/demo-icon-comparison/public/new-icons/antenna.svg,packages/demo-icon-comparison/public/new-icons/arrow-top-right.svg,packages/demo-icon-comparison/public/new-icons/arrow-down.svg,packages/demo-icon-comparison/public/new-icons/arrow-up.svg,packages/demo-icon-comparison/public/new-icons/archive.svg,packages/demo-icon-comparison/public/new-icons/array-floating-point.svg,packages/demo-icon-comparison/public/new-icons/backlink.svg,packages/demo-icon-comparison/public/new-icons/arrow-right.svg,packages/demo-icon-comparison/public/new-icons/add.svg,packages/demo-icon-comparison/public/new-icons/ammunition.svg,packages/demo-icon-comparison/public/new-icons/arrows-arc.svg,packages/demo-icon-comparison/public/new-icons/align-right.svg,packages/demo-icon-comparison/public/new-icons/anchor.svg,packages/demo-icon-comparison/public/new-icons/alignment-left.svg,packages/demo-icon-comparison/public/new-icons/align-justify.svg,packages/demo-icon-comparison/public/new-icons/array-numeric.svg,packages/demo-icon-comparison/public/new-icons/array-boolean.svg,packages/demo-icon-comparison/public/new-icons/annotation.svg,packages/demo-icon-comparison/public/new-icons/at.svg,packages/demo-icon-comparison/public/new-icons/app-header.svg,packages/demo-icon-comparison/public/new-icons/add-clip.svg,packages/demo-icon-comparison/public/new-icons/array-timestamp.svg,packages/demo-icon-comparison/public/new-icons/announcement.svg,packages/demo-icon-comparison/public/new-icons/area-of-interest.svg,packages/demo-icon-comparison/public/new-icons/arrow-bottom-left.svg,packages/demo-icon-comparison/public/new-icons/automatic-updates.svg,packages/demo-icon-comparison/public/new-icons/array.svg,packages/demo-icon-comparison/public/new-icons/arrow-bottom-right.svg,packages/demo-icon-comparison/public/new-icons/arrows-vertical.svg,packages/demo-icon-comparison/public/new-icons/asterisk.svg,packages/demo-icon-comparison/public/new-icons/backward-ten.svg,packages/demo-icon-comparison/public/new-icons/add-parent.svg,packages/demo-icon-comparison/public/new-icons/alignment-vertical-center.svg,packages/demo-icon-comparison/public/new-icons/application.svg,packages/demo-icon-comparison/public/new-icons/array-string.svg,packages/demo-icon-comparison/public/new-icons/alignment-horizontal-center.svg,packages/demo-icon-comparison/public/new-icons/add-row-top.svg,packages/demo-icon-comparison/public/new-icons/align-center.svg,packages/demo-icon-comparison/public/new-icons/airplane.svg,packages/demo-icon-comparison/public/new-icons/alignment-bottom.svg,packages/demo-icon-comparison/public/new-icons/ban-circle.svg,packages/demo-icon-comparison/public/new-icons/add-row-bottom.svg,packages/demo-icon-comparison/public/new-icons/axle.svg,packages/demo-icon-comparison/public/new-icons/block-promote.svg,packages/demo-icon-comparison/public/new-icons/circle-arrow-right.svg,packages/demo-icon-comparison/public/new-icons/briefcase.svg,packages/demo-icon-comparison/public/new-icons/code.svg,packages/demo-icon-comparison/public/new-icons/bookmark.svg,packages/demo-icon-comparison/public/new-icons/bold.svg,packages/demo-icon-comparison/public/new-icons/calculator.svg,packages/demo-icon-comparison/public/new-icons/caret-left.svg,packages/demo-icon-comparison/public/new-icons/circle-arrow-down.svg,packages/demo-icon-comparison/public/new-icons/code-block.svg,packages/demo-icon-comparison/public/new-icons/blocked-person.svg,packages/demo-icon-comparison/public/new-icons/buggy.svg,packages/demo-icon-comparison/public/new-icons/bring-forward.svg,packages/demo-icon-comparison/public/new-icons/chevron-left.svg,packages/demo-icon-comparison/public/new-icons/box.svg,packages/demo-icon-comparison/public/new-icons/bank-account.svg,packages/demo-icon-comparison/public/new-icons/circle.svg,packages/demo-icon-comparison/public/new-icons/clipboard-file.svg,packages/demo-icon-comparison/public/new-icons/clean.svg,packages/demo-icon-comparison/public/new-icons/branch-unlocked.svg,packages/demo-icon-comparison/public/new-icons/calendar.svg,packages/demo-icon-comparison/public/new-icons/branch-locked.svg,packages/demo-icon-comparison/public/new-icons/caret-up.svg,packages/demo-icon-comparison/public/new-icons/binary-number.svg,packages/demo-icon-comparison/public/new-icons/chevron-forward.svg,packages/demo-icon-comparison/public/new-icons/citation.svg,packages/demo-icon-comparison/public/new-icons/book.svg,packages/demo-icon-comparison/public/new-icons/circle-arrow-up.svg,packages/demo-icon-comparison/public/new-icons/cloud-download.svg,packages/demo-icon-comparison/public/new-icons/cloud-tick.svg,packages/demo-icon-comparison/public/new-icons/changes.svg,packages/demo-icon-comparison/public/new-icons/caret-right.svg,packages/demo-icon-comparison/public/new-icons/chart.svg,packages/demo-icon-comparison/public/new-icons/cell-tower.svg,packages/demo-icon-comparison/public/new-icons/chevron-backward.svg,packages/demo-icon-comparison/public/new-icons/cargo-ship.svg,packages/demo-icon-comparison/public/new-icons/cloud-upload.svg,packages/demo-icon-comparison/public/new-icons/barcode.svg,packages/demo-icon-comparison/public/new-icons/camera.svg,packages/demo-icon-comparison/public/new-icons/bullseye.svg,packages/demo-icon-comparison/public/new-icons/bring-data.svg,packages/demo-icon-comparison/public/new-icons/bug.svg,packages/demo-icon-comparison/public/new-icons/chevron-down.svg,packages/demo-icon-comparison/public/new-icons/build.svg,packages/demo-icon-comparison/public/new-icons/caret-down.svg,packages/demo-icon-comparison/public/new-icons/chevron-right.svg,packages/demo-icon-comparison/public/new-icons/circle-arrow-left.svg,packages/demo-icon-comparison/public/new-icons/clip.svg,packages/demo-icon-comparison/public/new-icons/chat.svg,packages/demo-icon-comparison/public/new-icons/clipboard.svg,packages/demo-icon-comparison/public/new-icons/cloud-server.svg,packages/demo-icon-comparison/public/new-icons/cloud.svg,packages/demo-icon-comparison/public/new-icons/british-pound.svg,packages/demo-icon-comparison/public/new-icons/chevron-up.svg,packages/demo-icon-comparison/public/new-icons/console-alert.svg,packages/demo-icon-comparison/public/new-icons/double-chevron-down.svg,packages/demo-icon-comparison/public/new-icons/cut.svg,packages/demo-icon-comparison/public/new-icons/compass.svg,packages/demo-icon-comparison/public/new-icons/compressed.svg,packages/demo-icon-comparison/public/new-icons/cube-add.svg,packages/demo-icon-comparison/public/new-icons/cycle.svg,packages/demo-icon-comparison/public/new-icons/curved-range-chart.svg,packages/demo-icon-comparison/public/new-icons/divide.svg,packages/demo-icon-comparison/public/new-icons/data-sync.svg,packages/demo-icon-comparison/public/new-icons/cog.svg,packages/demo-icon-comparison/public/new-icons/delta.svg,packages/demo-icon-comparison/public/new-icons/data-connection.svg,packages/demo-icon-comparison/public/new-icons/delete.svg,packages/demo-icon-comparison/public/new-icons/cube-cutout.svg,packages/demo-icon-comparison/public/new-icons/desktop.svg,packages/demo-icon-comparison/public/new-icons/document.svg,packages/demo-icon-comparison/public/new-icons/direction-left.svg,packages/demo-icon-comparison/public/new-icons/column-layout.svg,packages/demo-icon-comparison/public/new-icons/document-locked.svg,packages/demo-icon-comparison/public/new-icons/dot.svg,packages/demo-icon-comparison/public/new-icons/confirm.svg,packages/demo-icon-comparison/public/new-icons/cubes.svg,packages/demo-icon-comparison/public/new-icons/cube-cutouts.svg,packages/demo-icon-comparison/public/new-icons/control.svg,packages/demo-icon-comparison/public/new-icons/console.svg,packages/demo-icon-comparison/public/new-icons/double-caret-vertical.svg,packages/demo-icon-comparison/public/new-icons/diagnosis.svg,packages/demo-icon-comparison/public/new-icons/css-style.svg,packages/demo-icon-comparison/public/new-icons/comparison.svg,packages/demo-icon-comparison/public/new-icons/construction.svg,packages/demo-icon-comparison/public/new-icons/cross-circle.svg,packages/demo-icon-comparison/public/new-icons/credit-card.svg,packages/demo-icon-comparison/public/new-icons/cube-remove.svg,packages/demo-icon-comparison/public/new-icons/contrast.svg,packages/demo-icon-comparison/public/new-icons/cross.svg,packages/demo-icon-comparison/public/new-icons/collapse-all.svg,packages/demo-icon-comparison/public/new-icons/data-lineage.svg,packages/demo-icon-comparison/public/new-icons/disable.svg,packages/demo-icon-comparison/public/new-icons/double-chevron-left.svg,packages/demo-icon-comparison/public/new-icons/diagram-tree.svg,packages/demo-icon-comparison/public/new-icons/cube.svg,packages/demo-icon-comparison/public/new-icons/database.svg,packages/demo-icon-comparison/public/new-icons/dollar.svg,packages/demo-icon-comparison/public/new-icons/direction-right.svg,packages/demo-icon-comparison/public/new-icons/crop.svg,packages/demo-icon-comparison/public/new-icons/derive-column.svg,packages/demo-icon-comparison/public/new-icons/dashboard.svg,packages/demo-icon-comparison/public/new-icons/data-search.svg,packages/demo-icon-comparison/public/new-icons/crown.svg,packages/demo-icon-comparison/public/new-icons/document-share.svg,packages/demo-icon-comparison/public/new-icons/document-open.svg,packages/demo-icon-comparison/public/new-icons/double-chevron-right.svg,packages/demo-icon-comparison/public/new-icons/derived-column.svg,packages/demo-icon-comparison/public/new-icons/document-code.svg,packages/demo-icon-comparison/public/new-icons/detection.svg,packages/demo-icon-comparison/public/new-icons/comment.svg,packages/demo-icon-comparison/public/new-icons/cube-edit.svg,packages/demo-icon-comparison/public/new-icons/curly-braces.svg,packages/demo-icon-comparison/public/new-icons/delete-clip.svg,packages/demo-icon-comparison/public/new-icons/double-caret-horizontal.svg,packages/demo-icon-comparison/public/new-icons/descendant.svg,packages/demo-icon-comparison/public/new-icons/color-fill.svg,packages/demo-icon-comparison/public/new-icons/data-cloud.svg,packages/demo-icon-comparison/public/new-icons/dashed-circle.svg,packages/demo-icon-comparison/public/new-icons/drone.svg,packages/demo-icon-comparison/public/new-icons/fast-forward.svg,packages/demo-icon-comparison/public/new-icons/filter-sort-asc.svg,packages/demo-icon-comparison/public/new-icons/following.svg,packages/demo-icon-comparison/public/new-icons/filter-remove.svg,packages/demo-icon-comparison/public/new-icons/floating-point.svg,packages/demo-icon-comparison/public/new-icons/filter-sort-desc.svg,packages/demo-icon-comparison/public/new-icons/endorsed.svg,packages/demo-icon-comparison/public/new-icons/feed.svg,packages/demo-icon-comparison/public/new-icons/folder-shared.svg,packages/demo-icon-comparison/public/new-icons/drive-time.svg,packages/demo-icon-comparison/public/new-icons/eye-off.svg,packages/demo-icon-comparison/public/new-icons/flash.svg,packages/demo-icon-comparison/public/new-icons/folder-open.svg,packages/demo-icon-comparison/public/new-icons/exchange.svg,packages/demo-icon-comparison/public/new-icons/double-chevron-up.svg,packages/demo-icon-comparison/public/new-icons/drone-uav.svg,packages/demo-icon-comparison/public/new-icons/eject.svg,packages/demo-icon-comparison/public/new-icons/fast-backward.svg,packages/demo-icon-comparison/public/new-icons/drawer-left-filled.svg,packages/demo-icon-comparison/public/new-icons/flow-review.svg,packages/demo-icon-comparison/public/new-icons/emoji.svg,packages/demo-icon-comparison/public/new-icons/explain.svg,packages/demo-icon-comparison/public/new-icons/envelope.svg,packages/demo-icon-comparison/public/new-icons/export.svg,packages/demo-icon-comparison/public/new-icons/filter-open.svg,packages/demo-icon-comparison/public/new-icons/doughnut-chart.svg,packages/demo-icon-comparison/public/new-icons/error.svg,packages/demo-icon-comparison/public/new-icons/draw.svg,packages/demo-icon-comparison/public/new-icons/eraser.svg,packages/demo-icon-comparison/public/new-icons/drag-handle-vertical.svg,packages/demo-icon-comparison/public/new-icons/download.svg,packages/demo-icon-comparison/public/new-icons/exclude-row.svg,packages/demo-icon-comparison/public/new-icons/edit.svg,packages/demo-icon-comparison/public/new-icons/endnote.svg,packages/demo-icon-comparison/public/new-icons/floppy-disk.svg,packages/demo-icon-comparison/public/new-icons/excavator.svg,packages/demo-icon-comparison/public/new-icons/flows.svg,packages/demo-icon-comparison/public/new-icons/filter-list.svg,packages/demo-icon-comparison/public/new-icons/eye-open.svg,packages/demo-icon-comparison/public/new-icons/equals.svg,packages/demo-icon-comparison/public/new-icons/expand-all.svg,packages/demo-icon-comparison/public/new-icons/flame.svg,packages/demo-icon-comparison/public/new-icons/fork-end.svg,packages/demo-icon-comparison/public/new-icons/flow-linear.svg,packages/demo-icon-comparison/public/new-icons/drawer-right.svg,packages/demo-icon-comparison/public/new-icons/follower.svg,packages/demo-icon-comparison/public/new-icons/euro.svg,packages/demo-icon-comparison/public/new-icons/duplicate.svg,packages/demo-icon-comparison/public/new-icons/flow-end.svg,packages/demo-icon-comparison/public/new-icons/drawer-left.svg,packages/demo-icon-comparison/public/new-icons/engagement.svg,packages/demo-icon-comparison/public/new-icons/folder-close.svg,packages/demo-icon-comparison/public/new-icons/film.svg,packages/demo-icon-comparison/public/new-icons/eye-on.svg,packages/demo-icon-comparison/public/new-icons/feed-subscribed.svg,packages/demo-icon-comparison/public/new-icons/fighter-jet.svg,packages/demo-icon-comparison/public/new-icons/flow-review-branch.svg,packages/demo-icon-comparison/public/new-icons/drag-handle-horizontal.svg,packages/demo-icon-comparison/public/new-icons/folder-new.svg,packages/demo-icon-comparison/public/new-icons/folder-shared-open.svg,packages/demo-icon-comparison/public/new-icons/filter-keep.svg,packages/demo-icon-comparison/public/new-icons/drawer-right-filled.svg,packages/demo-icon-comparison/public/new-icons/flag.svg,packages/demo-icon-comparison/public/new-icons/flow-branch.svg,packages/demo-icon-comparison/public/new-icons/filter.svg,packages/demo-icon-comparison/public/new-icons/font.svg
[NX v22.3.1 Daemon Server] - 2026-03-19T05:22:24.935Z - [REQUEST]: 
[NX v22.3.1 Daemon Server] - 2026-03-19T05:22:24.941Z - [WATCHER]: 0 file(s) created or restored, 72 file(s) modified, 0 file(s) deleted
[NX v22.3.1 Daemon Server] - 2026-03-19T05:22:24.941Z - [SYNC]: clearing sync generators cache due to file changes
[NX v22.3.1 Daemon Server] - 2026-03-19T05:22:24.942Z - [WATCHER]: Processing file changes in outputs
[NX v22.3.1 Daemon Server] - 2026-03-19T05:22:24.942Z - Time taken for 'hash changed files from watcher' 9.587042000028305ms
Time for 'nx/core/project-json:createNodes' 1.3223750000470318
Time for 'nx/js/dependencies-and-lockfile:createNodes' 15.70474999997532
Time for 'nx/core/package-json:createNodes' 26.712541999993846
[NX v22.3.1 Daemon Server] - 2026-03-19T05:22:24.997Z - Time taken for 'build-project-configs' 36.11337499995716ms
[NX v22.3.1 Daemon Server] - 2026-03-19T05:22:24.998Z - [WATCHER]: 0 file(s) created or restored, 43 file(s) modified, 0 file(s) deleted
[NX v22.3.1 Daemon Server] - 2026-03-19T05:22:24.998Z - [SYNC]: clearing sync generators cache due to file changes
[NX v22.3.1 Daemon Server] - 2026-03-19T05:22:24.999Z - [WATCHER]: Processing file changes in outputs
Time for 'build typescript dependencies' 2.13554099999601
[NX v22.3.1 Daemon Server] - 2026-03-19T05:22:25.028Z - [WATCHER]: Processing file changes in outputs
[NX v22.3.1 Daemon Server] - 2026-03-19T05:22:25.029Z - [WATCHER]: 0 file(s) created or restored, 59 file(s) modified, 0 file(s) deleted
[NX v22.3.1 Daemon Server] - 2026-03-19T05:22:25.029Z - [SYNC]: clearing sync generators cache due to file changes
[NX v22.3.1 Daemon Server] - 2026-03-19T05:22:25.039Z - [SYNC]: collect registered sync generators
[NX v22.3.1 Daemon Server] - 2026-03-19T05:22:25.040Z - [SYNC]: project graph hash is the same, not collecting task sync generators
[NX v22.3.1 Daemon Server] - 2026-03-19T05:22:25.040Z - [SYNC]: nx.json hash is the same, not collecting global sync generators
[NX v22.3.1 Daemon Server] - 2026-03-19T05:22:25.040Z - Time taken for 'total execution time for createProjectGraph()' 51.52354199998081ms
[NX v22.3.1 Daemon Server] - 2026-03-19T05:22:25.082Z - [WATCHER]: 0 file(s) created or restored, 57 file(s) modified, 0 file(s) deleted
[NX v22.3.1 Daemon Server] - 2026-03-19T05:22:25.082Z - [SYNC]: clearing sync generators cache due to file changes
[NX v22.3.1 Daemon Server] - 2026-03-19T05:22:25.082Z - [WATCHER]: Processing file changes in outputs
[NX v22.3.1 Daemon Server] - 2026-03-19T05:22:25.139Z - [WATCHER]: 0 file(s) created or restored, 80 file(s) modified, 0 file(s) deleted
[NX v22.3.1 Daemon Server] - 2026-03-19T05:22:25.140Z - [SYNC]: clearing sync generators cache due to file changes
[NX v22.3.1 Daemon Server] - 2026-03-19T05:22:25.140Z - [WATCHER]: Processing file changes in outputs
[NX v22.3.1 Daemon Server] - 2026-03-19T05:22:25.190Z - [WATCHER]: 0 file(s) created or restored, 68 file(s) modified, 0 file(s) deleted
[NX v22.3.1 Daemon Server] - 2026-03-19T05:22:25.190Z - [SYNC]: clearing sync generators cache due to file changes
[NX v22.3.1 Daemon Server] - 2026-03-19T05:22:25.190Z - [WATCHER]: Processing file changes in outputs
[NX v22.3.1 Daemon Server] - 2026-03-19T05:22:25.240Z - [WATCHER]: Processing file changes in outputs
[NX v22.3.1 Daemon Server] - 2026-03-19T05:22:25.241Z - [WATCHER]: 0 file(s) created or restored, 65 file(s) modified, 0 file(s) deleted
[NX v22.3.1 Daemon Server] - 2026-03-19T05:22:25.241Z - [SYNC]: clearing sync generators cache due to file changes
[NX v22.3.1 Daemon Server] - 2026-03-19T05:22:25.291Z - [WATCHER]: Processing file changes in outputs
[NX v22.3.1 Daemon Server] - 2026-03-19T05:22:25.292Z - [WATCHER]: 0 file(s) created or restored, 13 file(s) modified, 0 file(s) deleted
[NX v22.3.1 Daemon Server] - 2026-03-19T05:22:25.292Z - [SYNC]: clearing sync generators cache due to file changes
[NX v22.3.1 Daemon Server] - 2026-03-19T05:22:25.360Z - [REQUEST]: Updated workspace context based on watched changes, recomputing project graph...
[NX v22.3.1 Daemon Server] - 2026-03-19T05:22:25.360Z - [REQUEST]: packages/demo-icon-comparison/public/new-icons/insert.svg,packages/demo-icon-comparison/public/new-icons/inbox-update.svg,packages/demo-icon-comparison/public/new-icons/key-tab.svg,packages/demo-icon-comparison/public/new-icons/ip-address.svg,packages/demo-icon-comparison/public/new-icons/inbox-search.svg,packages/demo-icon-comparison/public/new-icons/label.svg,packages/demo-icon-comparison/public/new-icons/layout-bottom-row-two-tiles.svg,packages/demo-icon-comparison/public/new-icons/layout-grid.svg,packages/demo-icon-comparison/public/new-icons/layout-left-column-three-tiles.svg,packages/demo-icon-comparison/public/new-icons/issue.svg,packages/demo-icon-comparison/public/new-icons/key-escape.svg,packages/demo-icon-comparison/public/new-icons/known-vehicle.svg,packages/demo-icon-comparison/public/new-icons/layout-circle.svg,packages/demo-icon-comparison/public/new-icons/input.svg,packages/demo-icon-comparison/public/new-icons/issue-closed.svg,packages/demo-icon-comparison/public/new-icons/layout-group-by.svg,packages/demo-icon-comparison/public/new-icons/layout-bottom-row-three-tiles.svg,packages/demo-icon-comparison/public/new-icons/lab-test.svg,packages/demo-icon-comparison/public/new-icons/inbox-geo.svg,packages/demo-icon-comparison/public/new-icons/key-backspace.svg,packages/demo-icon-comparison/public/new-icons/inbox.svg,packages/demo-icon-comparison/public/new-icons/layers.svg,packages/demo-icon-comparison/public/new-icons/key-enter.svg,packages/demo-icon-comparison/public/new-icons/layout-balloon.svg,packages/demo-icon-comparison/public/new-icons/key-delete.svg,packages/demo-icon-comparison/public/new-icons/layout-hierarchy.svg,packages/demo-icon-comparison/public/new-icons/issue-new.svg,packages/demo-icon-comparison/public/new-icons/join-table.svg,packages/demo-icon-comparison/public/new-icons/intersection.svg,packages/demo-icon-comparison/public/new-icons/key.svg,packages/demo-icon-comparison/public/new-icons/inherited-group.svg,packages/demo-icon-comparison/public/new-icons/key-option.svg,packages/demo-icon-comparison/public/new-icons/key-control.svg,packages/demo-icon-comparison/public/new-icons/layer.svg,packages/demo-icon-comparison/public/new-icons/key-command.svg,packages/demo-icon-comparison/public/new-icons/intelligence.svg,packages/demo-icon-comparison/public/new-icons/italic.svg,packages/demo-icon-comparison/public/new-icons/key-shift.svg,packages/demo-icon-comparison/public/new-icons/inner-join.svg,packages/demo-icon-comparison/public/new-icons/info-sign.svg,packages/demo-icon-comparison/public/new-icons/layer-outline.svg,packages/demo-icon-comparison/public/new-icons/inheritance.svg,packages/demo-icon-comparison/public/new-icons/layout-auto.svg,packages/demo-icon-comparison/public/new-icons/lifesaver.svg,packages/demo-icon-comparison/public/new-icons/media-set-add.svg,packages/demo-icon-comparison/public/new-icons/markdown.svg,packages/demo-icon-comparison/public/new-icons/learning.svg,packages/demo-icon-comparison/public/new-icons/map.svg,packages/demo-icon-comparison/public/new-icons/log-in.svg,packages/demo-icon-comparison/public/new-icons/more.svg,packages/demo-icon-comparison/public/new-icons/layout-linear.svg,packages/demo-icon-comparison/public/new-icons/merge-columns.svg,packages/demo-icon-comparison/public/new-icons/layout-top-row-three-tiles.svg,packages/demo-icon-comparison/public/new-icons/minus.svg,packages/demo-icon-comparison/public/new-icons/lengthen-text.svg,packages/demo-icon-comparison/public/new-icons/locomotive.svg,packages/demo-icon-comparison/public/new-icons/many-to-many.svg,packages/demo-icon-comparison/public/new-icons/less-than.svg,packages/demo-icon-comparison/public/new-icons/link.svg,packages/demo-icon-comparison/public/new-icons/maximize.svg,packages/demo-icon-comparison/public/new-icons/list.svg,packages/demo-icon-comparison/public/new-icons/layout-sorted-clusters.svg,packages/demo-icon-comparison/public/new-icons/map-marker.svg,packages/demo-icon-comparison/public/new-icons/mobile-phone.svg,packages/demo-icon-comparison/public/new-icons/less-than-or-equal-to.svg,packages/demo-icon-comparison/public/new-icons/locate.svg,packages/demo-icon-comparison/public/new-icons/modal.svg,packages/demo-icon-comparison/public/new-icons/list-columns.svg,packages/demo-icon-comparison/public/new-icons/menu-open.svg,packages/demo-icon-comparison/public/new-icons/low-voltage-pole.svg,packages/demo-icon-comparison/public/new-icons/moon.svg,packages/demo-icon-comparison/public/new-icons/layout-top-row-two-tiles.svg,packages/demo-icon-comparison/public/new-icons/merge-links.svg,packages/demo-icon-comparison/public/new-icons/list-detail-view.svg,packages/demo-icon-comparison/public/new-icons/manually-entered-data.svg,packages/demo-icon-comparison/public/new-icons/model.svg,packages/demo-icon-comparison/public/new-icons/mobile-video.svg,packages/demo-icon-comparison/public/new-icons/linked-squares.svg,packages/demo-icon-comparison/public/new-icons/microphone.svg,packages/demo-icon-comparison/public/new-icons/layout-skew-grid.svg,packages/demo-icon-comparison/public/new-icons/layout.svg,packages/demo-icon-comparison/public/new-icons/manual.svg,packages/demo-icon-comparison/public/new-icons/mountain.svg,packages/demo-icon-comparison/public/new-icons/lightbulb.svg,packages/demo-icon-comparison/public/new-icons/layout-right-column-two-tiles.svg,packages/demo-icon-comparison/public/new-icons/layout-three-columns.svg,packages/demo-icon-comparison/public/new-icons/menu.svg,packages/demo-icon-comparison/public/new-icons/log-out.svg,packages/demo-icon-comparison/public/new-icons/many-to-one.svg,packages/demo-icon-comparison/public/new-icons/menu-closed.svg,packages/demo-icon-comparison/public/new-icons/lightning.svg,packages/demo-icon-comparison/public/new-icons/modal-filled.svg,packages/demo-icon-comparison/public/new-icons/layout-two-rows.svg,packages/demo-icon-comparison/public/new-icons/map-create.svg,packages/demo-icon-comparison/public/new-icons/layout-two-columns.svg,packages/demo-icon-comparison/public/new-icons/minimize.svg,packages/demo-icon-comparison/public/new-icons/layout-three-rows.svg,packages/demo-icon-comparison/public/new-icons/layout-left-column-two-tiles.svg,packages/demo-icon-comparison/public/new-icons/media.svg,packages/demo-icon-comparison/public/new-icons/lock.svg,packages/demo-icon-comparison/public/new-icons/left-join.svg,packages/demo-icon-comparison/public/new-icons/layout-right-column-three-tiles.svg,packages/demo-icon-comparison/public/new-icons/page-layout.svg,packages/demo-icon-comparison/public/new-icons/paragraph.svg,packages/demo-icon-comparison/public/new-icons/new-layers.svg,packages/demo-icon-comparison/public/new-icons/paste-variable.svg,packages/demo-icon-comparison/public/new-icons/new-link.svg,packages/demo-icon-comparison/public/new-icons/phone-search.svg,packages/demo-icon-comparison/public/new-icons/phone.svg,packages/demo-icon-comparison/public/new-icons/pause.svg,packages/demo-icon-comparison/public/new-icons/new-drawing.svg,packages/demo-icon-comparison/public/new-icons/panel-table.svg,packages/demo-icon-comparison/public/new-icons/nest.svg,packages/demo-icon-comparison/public/new-icons/paperclip.svg,packages/demo-icon-comparison/public/new-icons/people.svg,packages/demo-icon-comparison/public/new-icons/new-grid-item.svg,packages/demo-icon-comparison/public/new-icons/numerical.svg,packages/demo-icon-comparison/public/new-icons/new-shield.svg,packages/demo-icon-comparison/public/new-icons/not-equal-to.svg,packages/demo-icon-comparison/public/new-icons/output.svg,packages/demo-icon-comparison/public/new-icons/offline.svg,packages/demo-icon-comparison/public/new-icons/new-comment.svg,packages/demo-icon-comparison/public/new-icons/path.svg,packages/demo-icon-comparison/public/new-icons/outer-join.svg,packages/demo-icon-comparison/public/new-icons/ninja.svg,packages/demo-icon-comparison/public/new-icons/office.svg,packages/demo-icon-comparison/public/new-icons/multi-select.svg,packages/demo-icon-comparison/public/new-icons/package.svg,packages/demo-icon-comparison/public/new-icons/new-prescription.svg,packages/demo-icon-comparison/public/new-icons/person.svg,packages/demo-icon-comparison/public/new-icons/new-object.svg,packages/demo-icon-comparison/public/new-icons/panel.svg,packages/demo-icon-comparison/public/new-icons/object-view.svg,packages/demo-icon-comparison/public/new-icons/notifications-updated.svg,packages/demo-icon-comparison/public/new-icons/notifications-snooze.svg,packages/demo-icon-comparison/public/new-icons/page-break.svg,packages/demo-icon-comparison/public/new-icons/oil-field.svg,packages/demo-icon-comparison/public/new-icons/pill.svg,packages/demo-icon-comparison/public/new-icons/music.svg,packages/demo-icon-comparison/public/new-icons/mugshot.svg,packages/demo-icon-comparison/public/new-icons/numbered-list.svg,packages/demo-icon-comparison/public/new-icons/panel-stats.svg,packages/demo-icon-comparison/public/new-icons/new-layer.svg,packages/demo-icon-comparison/public/new-icons/phone-forward.svg,packages/demo-icon-comparison/public/new-icons/notifications.svg,packages/demo-icon-comparison/public/new-icons/pie-chart.svg,packages/demo-icon-comparison/public/new-icons/open-application.svg,packages/demo-icon-comparison/public/new-icons/move.svg,packages/demo-icon-comparison/public/new-icons/outdated.svg,packages/demo-icon-comparison/public/new-icons/new-person.svg,packages/demo-icon-comparison/public/new-icons/notifications-add.svg,packages/demo-icon-comparison/public/new-icons/one-column.svg,packages/demo-icon-comparison/public/new-icons/percentage.svg,packages/demo-icon-comparison/public/new-icons/new-text-box.svg,packages/demo-icon-comparison/public/new-icons/path-search.svg,packages/demo-icon-comparison/public/new-icons/phone-call.svg,packages/demo-icon-comparison/public/new-icons/pin.svg,packages/demo-icon-comparison/public/new-icons/one-to-one.svg,packages/demo-icon-comparison/public/new-icons/one-to-many.svg,packages/demo-icon-comparison/public/new-icons/route.svg,packages/demo-icon-comparison/public/new-icons/popout.svg,packages/demo-icon-comparison/public/new-icons/series-derived.svg,packages/demo-icon-comparison/public/new-icons/publish-function.svg,packages/demo-icon-comparison/public/new-icons/selection-box.svg,packages/demo-icon-comparison/public/new-icons/pivot-table.svg,packages/demo-icon-comparison/public/new-icons/resolve.svg,packages/demo-icon-comparison/public/new-icons/run-history.svg,packages/demo-icon-comparison/public/new-icons/pivot.svg,packages/demo-icon-comparison/public/new-icons/plus.svg,packages/demo-icon-comparison/public/new-icons/remove-row-top.svg,packages/demo-icon-comparison/public/new-icons/send-to.svg,packages/demo-icon-comparison/public/new-icons/select.svg,packages/demo-icon-comparison/public/new-icons/send-message.svg,packages/demo-icon-comparison/public/new-icons/projects.svg,packages/demo-icon-comparison/public/new-icons/remove-column-right.svg,packages/demo-icon-comparison/public/new-icons/series-add.svg,packages/demo-icon-comparison/public/new-icons/rect-width.svg,packages/demo-icon-comparison/public/new-icons/print.svg,packages/demo-icon-comparison/public/new-icons/refresh.svg,packages/demo-icon-comparison/public/new-icons/selection-box-add.svg,packages/demo-icon-comparison/public/new-icons/series-filtered.svg,packages/demo-icon-comparison/public/new-icons/segmented-control.svg,packages/demo-icon-comparison/public/new-icons/selection-box-edit.svg,packages/demo-icon-comparison/public/new-icons/regression-chart.svg,packages/demo-icon-comparison/public/new-icons/right-join.svg,packages/demo-icon-comparison/public/new-icons/server.svg,packages/demo-icon-comparison/public/new-icons/pistol.svg,packages/demo-icon-comparison/public/new-icons/rig.svg,packages/demo-icon-comparison/public/new-icons/search-around.svg,packages/demo-icon-comparison/public/new-icons/random.svg,packages/demo-icon-comparison/public/new-icons/rotate-cw.svg,packages/demo-icon-comparison/public/new-icons/ring.svg,packages/demo-icon-comparison/public/new-icons/server-install.svg,packages/demo-icon-comparison/public/new-icons/rotate-page.svg,packages/demo-icon-comparison/public/new-icons/send-to-map.svg,packages/demo-icon-comparison/public/new-icons/selection.svg,packages/demo-icon-comparison/public/new-icons/rotate-ccw.svg,packages/demo-icon-comparison/public/new-icons/send-backward.svg,packages/demo-icon-comparison/public/new-icons/play.svg,packages/demo-icon-comparison/public/new-icons/search.svg,packages/demo-icon-comparison/public/new-icons/regex.svg,packages/demo-icon-comparison/public/new-icons/series-configuration.svg,packages/demo-icon-comparison/public/new-icons/repeat.svg,packages/demo-icon-comparison/public/new-icons/selection-box-remove.svg,packages/demo-icon-comparison/public/new-icons/satellite.svg,packages/demo-icon-comparison/public/new-icons/sensor.svg,packages/demo-icon-comparison/public/new-icons/search-template.svg,packages/demo-icon-comparison/public/new-icons/playbook.svg,packages/demo-icon-comparison/public/new-icons/range-ring.svg,packages/demo-icon-comparison/public/new-icons/remove.svg,packages/demo-icon-comparison/public/new-icons/reset.svg,packages/demo-icon-comparison/public/new-icons/rocket.svg,packages/demo-icon-comparison/public/new-icons/redo.svg,packages/demo-icon-comparison/public/new-icons/root-folder.svg,packages/demo-icon-comparison/public/new-icons/pulse.svg,packages/demo-icon-comparison/public/new-icons/power.svg,packages/demo-icon-comparison/public/new-icons/predictive-analysis.svg,packages/demo-icon-comparison/public/new-icons/presentation.svg,packages/demo-icon-comparison/public/new-icons/polygon-filter.svg,packages/demo-icon-comparison/public/new-icons/properties.svg,packages/demo-icon-comparison/public/new-icons/record.svg,packages/demo-icon-comparison/public/new-icons/remove-row-bottom.svg,packages/demo-icon-comparison/public/new-icons/rocket-slant.svg,packages/demo-icon-comparison/public/new-icons/rotate-document.svg,packages/demo-icon-comparison/public/new-icons/settings.svg,packages/demo-icon-comparison/public/new-icons/remove-column-left.svg,packages/demo-icon-comparison/public/new-icons/refresh-off.svg,packages/demo-icon-comparison/public/new-icons/rain.svg,packages/demo-icon-comparison/public/new-icons/property.svg,packages/demo-icon-comparison/public/new-icons/scatter-plot.svg,packages/demo-icon-comparison/public/new-icons/rect-height.svg,packages/demo-icon-comparison/public/new-icons/prescription.svg,packages/demo-icon-comparison/public/new-icons/saved.svg,packages/demo-icon-comparison/public/new-icons/rectangle.svg,packages/demo-icon-comparison/public/new-icons/send-to-graph.svg,packages/demo-icon-comparison/public/new-icons/shapes.svg,packages/demo-icon-comparison/public/new-icons/remove-column.svg,packages/demo-icon-comparison/public/new-icons/series-search.svg,packages/demo-icon-comparison/public/new-icons/search-text.svg,packages/demo-icon-comparison/public/new-icons/tag.svg,packages/demo-icon-comparison/public/new-icons/split-columns.svg,packages/demo-icon-comparison/public/new-icons/symbol-circle.svg,packages/demo-icon-comparison/public/new-icons/step-backward.svg,packages/demo-icon-comparison/public/new-icons/spell-check.svg,packages/demo-icon-comparison/public/new-icons/star-empty.svg,packages/demo-icon-comparison/public/new-icons/stadium-geometry.svg,packages/demo-icon-comparison/public/new-icons/sort-alphabetical.svg,packages/demo-icon-comparison/public/new-icons/ship.svg,packages/demo-icon-comparison/public/new-icons/tag-add.svg,packages/demo-icon-comparison/public/new-icons/small-minus.svg,packages/demo-icon-comparison/public/new-icons/small-tick.svg,packages/demo-icon-comparison/public/new-icons/tag-promote.svg,packages/demo-icon-comparison/public/new-icons/step-forward.svg,packages/demo-icon-comparison/public/new-icons/share.svg,packages/demo-icon-comparison/public/new-icons/snowflake.svg,packages/demo-icon-comparison/public/new-icons/stop.svg,packages/demo-icon-comparison/public/new-icons/symbol-cross.svg,packages/demo-icon-comparison/public/new-icons/superscript.svg,packages/demo-icon-comparison/public/new-icons/target.svg,packages/demo-icon-comparison/public/new-icons/shopping-cart.svg,packages/demo-icon-comparison/public/new-icons/shared-filter.svg,packages/demo-icon-comparison/public/new-icons/tags.svg,packages/demo-icon-comparison/public/new-icons/sort-asc.svg,packages/demo-icon-comparison/public/new-icons/sort.svg,packages/demo-icon-comparison/public/new-icons/sort-desc.svg,packages/demo-icon-comparison/public/new-icons/small-cross.svg,packages/demo-icon-comparison/public/new-icons/step-chart.svg,packages/demo-icon-comparison/public/new-icons/sweep.svg,packages/demo-icon-comparison/public/new-icons/sort-numerical-desc.svg,packages/demo-icon-comparison/public/new-icons/symbol-rectangle.svg,packages/demo-icon-comparison/public/new-icons/social-media.svg,packages/demo-icon-comparison/public/new-icons/sort-numerical.svg,packages/demo-icon-comparison/public/new-icons/table-sync.svg,packages/demo-icon-comparison/public/new-icons/sort-alphabetical-desc.svg,packages/demo-icon-comparison/public/new-icons/small-info-sign.svg,packages/demo-icon-comparison/public/new-icons/symbol-triangle-down.svg,packages/demo-icon-comparison/public/new-icons/subtract-right-join.svg,packages/demo-icon-comparison/public/new-icons/symbol-triangle-up.svg,packages/demo-icon-comparison/public/new-icons/syringe.svg,packages/demo-icon-comparison/public/new-icons/stacked-chart.svg,packages/demo-icon-comparison/public/new-icons/take-action.svg,packages/demo-icon-comparison/public/new-icons/symbol-diamond.svg,packages/demo-icon-comparison/public/new-icons/signal-search.svg,packages/demo-icon-comparison/public/new-icons/symbol-square.svg,packages/demo-icon-comparison/public/new-icons/sim-card.svg,packages/demo-icon-comparison/public/new-icons/tank.svg,packages/demo-icon-comparison/public/new-icons/slash.svg,packages/demo-icon-comparison/public/new-icons/sports-stadium.svg,packages/demo-icon-comparison/public/new-icons/stopwatch.svg,packages/demo-icon-comparison/public/new-icons/style.svg,packages/demo-icon-comparison/public/new-icons/square.svg,packages/demo-icon-comparison/public/new-icons/shop.svg,packages/demo-icon-comparison/public/new-icons/star.svg,packages/demo-icon-comparison/public/new-icons/shield.svg,packages/demo-icon-comparison/public/new-icons/strikethrough.svg,packages/demo-icon-comparison/public/new-icons/tag-undo.svg,packages/demo-icon-comparison/public/new-icons/small-square.svg,packages/demo-icon-comparison/public/new-icons/switch.svg,packages/demo-icon-comparison/public/new-icons/subscript.svg,packages/demo-icon-comparison/public/new-icons/shorten-text.svg,packages/demo-icon-comparison/public/new-icons/small-plus.svg,packages/demo-icon-comparison/public/new-icons/spin.svg,packages/demo-icon-comparison/public/new-icons/tag-refresh.svg,packages/demo-icon-comparison/public/new-icons/soccer-ball.svg,packages/demo-icon-comparison/public/new-icons/swap-vertical.svg,packages/demo-icon-comparison/public/new-icons/swap-horizontal.svg,packages/demo-icon-comparison/public/new-icons/trash.svg,packages/demo-icon-comparison/public/new-icons/ungroup-objects.svg,packages/demo-icon-comparison/public/new-icons/underline.svg,packages/demo-icon-comparison/public/new-icons/volume-down.svg,packages/demo-icon-comparison/public/new-icons/th-list.svg,packages/demo-icon-comparison/public/new-icons/timeline-line-chart.svg,packages/demo-icon-comparison/public/new-icons/th-list-add.svg,packages/demo-icon-comparison/public/new-icons/volume-up.svg,packages/demo-icon-comparison/public/new-icons/widget-footer.svg,packages/demo-icon-comparison/public/new-icons/undo.svg,packages/demo-icon-comparison/public/new-icons/timeline-events.svg,packages/demo-icon-comparison/public/new-icons/volume-off.svg,packages/demo-icon-comparison/public/new-icons/variable-layer.svg,packages/demo-icon-comparison/public/new-icons/trending-down.svg,packages/demo-icon-comparison/public/new-icons/variable.svg,packages/demo-icon-comparison/public/new-icons/timeline-bar-chart.svg,packages/demo-icon-comparison/public/new-icons/third-party.svg,packages/demo-icon-comparison/public/new-icons/tint.svg,packages/demo-icon-comparison/public/new-icons/unpin.svg,packages/demo-icon-comparison/public/new-icons/trending-up.svg,packages/demo-icon-comparison/public/new-icons/unarchive.svg,packages/demo-icon-comparison/public/new-icons/th-virtual.svg,packages/demo-icon-comparison/public/new-icons/th-add.svg,packages/demo-icon-comparison/public/new-icons/virus.svg,packages/demo-icon-comparison/public/new-icons/th-derived.svg,packages/demo-icon-comparison/public/new-icons/th.svg,packages/demo-icon-comparison/public/new-icons/vertical-bar-chart-desc.svg,packages/demo-icon-comparison/public/new-icons/user.svg,packages/demo-icon-comparison/public/new-icons/waves.svg,packages/demo-icon-comparison/public/new-icons/tick.svg,packages/demo-icon-comparison/public/new-icons/truck.svg,packages/demo-icon-comparison/public/new-icons/timeline-area-chart.svg,packages/demo-icon-comparison/public/new-icons/two-columns.svg,packages/demo-icon-comparison/public/new-icons/temperature.svg,packages/demo-icon-comparison/public/new-icons/time.svg,packages/demo-icon-comparison/public/new-icons/warning-sign.svg,packages/demo-icon-comparison/public/new-icons/unlock.svg,packages/demo-icon-comparison/public/new-icons/vector.svg,packages/demo-icon-comparison/public/new-icons/th-filtered.svg,packages/demo-icon-comparison/public/new-icons/unknown-vehicle.svg,packages/demo-icon-comparison/public/new-icons/tractor.svg,packages/demo-icon-comparison/public/new-icons/translate.svg,packages/demo-icon-comparison/public/new-icons/torch.svg,packages/demo-icon-comparison/public/new-icons/th-disconnect.svg,packages/demo-icon-comparison/public/new-icons/trophy.svg,packages/demo-icon-comparison/public/new-icons/unlink.svg,packages/demo-icon-comparison/public/new-icons/thumbs-down.svg,packages/demo-icon-comparison/public/new-icons/tick-circle.svg,packages/demo-icon-comparison/public/new-icons/tree.svg,packages/demo-icon-comparison/public/new-icons/waterfall-chart.svg,packages/demo-icon-comparison/public/new-icons/th-virtual-add.svg,packages/demo-icon-comparison/public/new-icons/thumbs-up.svg,packages/demo-icon-comparison/public/new-icons/vertical-inbetween.svg,packages/demo-icon-comparison/public/new-icons/taxi.svg,packages/demo-icon-comparison/public/new-icons/train.svg,packages/demo-icon-comparison/public/new-icons/unresolve.svg,packages/demo-icon-comparison/public/new-icons/vertical-bar-chart-asc.svg,packages/demo-icon-comparison/public/new-icons/vertical-distribution.svg,packages/demo-icon-comparison/public/new-icons/updated.svg,packages/demo-icon-comparison/public/new-icons/widget-button.svg,packages/demo-icon-comparison/public/new-icons/video.svg,packages/demo-icon-comparison/public/new-icons/text-highlight.svg,packages/demo-icon-comparison/public/new-icons/upload.svg,packages/demo-icon-comparison/public/new-icons/walk.svg,packages/demo-icon-comparison/public/new-icons/team.svg,packages/demo-icon-comparison/public/new-icons/widget-header.svg,packages/demo-icon-comparison/public/new-icons/wrench-redo.svg,packages/demo-icon-comparison/public/new-icons/widget.svg,packages/demo-icon-comparison/public/new-icons/wrap-lines.svg,packages/demo-icon-comparison/public/new-icons/wrench-time.svg,packages/demo-icon-comparison/public/new-icons/zoom-out.svg,packages/demo-icon-comparison/public/new-icons/yen.svg,packages/demo-icon-comparison/public/new-icons/zoom-to-fit.svg,packages/demo-icon-comparison/public/new-icons/wrench.svg,packages/demo-icon-comparison/public/new-icons/won.svg,packages/demo-icon-comparison/public/new-icons/zoom-in.svg,packages/demo-icon-comparison/public/new-icons/wrench-snooze.svg,packages/demo-icon-comparison/public/new-icons/wind.svg
[NX v22.3.1 Daemon Server] - 2026-03-19T05:22:25.360Z - [REQUEST]: 
[NX v22.3.1 Daemon Server] - 2026-03-19T05:22:25.366Z - Time taken for 'hash changed files from watcher' 16.90733299998101ms
Time for 'nx/core/project-json:createNodes' 0.04316699999617413
Time for 'nx/core/package-json:createNodes' 7.425041000009514
Time for 'nx/js/dependencies-and-lockfile:createNodes' 8.03458400000818
[NX v22.3.1 Daemon Server] - 2026-03-19T05:22:25.404Z - Time taken for 'build-project-configs' 16.164584000012837ms
Time for 'build typescript dependencies' 1.7999159999890253
[NX v22.3.1 Daemon Server] - 2026-03-19T05:22:25.429Z - [SYNC]: collect registered sync generators
[NX v22.3.1 Daemon Server] - 2026-03-19T05:22:25.430Z - [SYNC]: project graph hash is the same, not collecting task sync generators
[NX v22.3.1 Daemon Server] - 2026-03-19T05:22:25.430Z - [SYNC]: nx.json hash is the same, not collecting global sync generators
[NX v22.3.1 Daemon Server] - 2026-03-19T05:22:25.430Z - Time taken for 'total execution time for createProjectGraph()' 35.554707999981474ms
[NX v22.3.1 Daemon Server] - 2026-03-30T19:52:52.186Z - Started listening on: /private/var/folders/xl/5w2_4kkj4ls6bgq2530y834s08f0pb/T/1db536e7b5feb714e9f8/d.sock
[NX v22.3.1 Daemon Server] - 2026-03-30T19:52:52.188Z - [WATCHER]: Subscribed to changes within: /Users/xinyif/Documents/GitHub/blueprint (native)
[NX v22.3.1 Daemon Server] - 2026-03-30T19:52:52.189Z - [NX-CONSOLE]: Pulling latest Nx (latest) to check console status...
Fetching nx...
[NX v22.3.1 Daemon Server] - 2026-03-30T19:52:52.199Z - Established a connection. Number of open connections: 1
[NX v22.3.1 Daemon Server] - 2026-03-30T19:52:52.199Z - Established a connection. Number of open connections: 2
[NX v22.3.1 Daemon Server] - 2026-03-30T19:52:52.200Z - Closed a connection. Number of open connections: 1
[NX v22.3.1 Daemon Server] - 2026-03-30T19:52:52.208Z - Received raw message of length 32
[NX v22.3.1 Daemon Server] - 2026-03-30T19:52:52.209Z - Received json message of type GET_NX_CONSOLE_STATUS
[NX v22.3.1 Daemon Server] - 2026-03-30T19:52:52.209Z - Serializing response for GET_NX_CONSOLE_STATUS message in json mode
[NX v22.3.1 Daemon Server] - 2026-03-30T19:52:52.209Z - Responding to GET_NX_CONSOLE_STATUS message
[NX v22.3.1 Daemon Server] - 2026-03-30T19:52:52.209Z - [REQUEST]: Responding to the client. handleGetNxConsoleStatus
[NX v22.3.1 Daemon Server] - 2026-03-30T19:52:52.209Z - Done responding to the client handleGetNxConsoleStatus
[NX v22.3.1 Daemon Server] - 2026-03-30T19:52:52.209Z - Handled json message GET_NX_CONSOLE_STATUS. Handling time: 0. Response time: 0.
[NX v22.3.1 Daemon Server] - 2026-03-30T19:52:52.283Z - Received raw message of length 32
[NX v22.3.1 Daemon Server] - 2026-03-30T19:52:52.283Z - Received json message of type REQUEST_PROJECT_GRAPH
[NX v22.3.1 Daemon Server] - 2026-03-30T19:52:52.283Z - [REQUEST]: Client Request for Project Graph Received
[NX v22.3.1 Daemon Server] - 2026-03-30T19:52:52.288Z - Time taken for 'loadSpecifiedNxPlugins' 3.911167000000006ms
Time for 'plugin worker 27568 code loading' 3.4449590000000008
Time for 'plugin worker 27569 code loading' 3.1792919999999985
Time for 'plugin worker 27570 code loading' 3.6492500000000003
[NX v22.3.1 Daemon Server] - 2026-03-30T19:52:52.478Z - Time taken for 'Load Nx Plugin: /Users/xinyif/Documents/GitHub/blueprint/node_modules/.pnpm/nx@22.3.1_@swc-node+register@1.11.1_@swc+core@1.13.20_@swc+types@0.1.25_typescript@5.9.3__@swc+core@1.13.20/node_modules/nx/src/plugins/package-json' 194.08033300000002ms
[NX v22.3.1 Daemon Server] - 2026-03-30T19:52:52.482Z - Time taken for 'Load Nx Plugin: /Users/xinyif/Documents/GitHub/blueprint/node_modules/.pnpm/nx@22.3.1_@swc-node+register@1.11.1_@swc+core@1.13.20_@swc+types@0.1.25_typescript@5.9.3__@swc+core@1.13.20/node_modules/nx/src/plugins/project-json/build-nodes/project-json' 198.16170800000003ms
[NX v22.3.1 Daemon Server] - 2026-03-30T19:52:52.485Z - [REQUEST]: Updated workspace context based on watched changes, recomputing project graph...
[NX v22.3.1 Daemon Server] - 2026-03-30T19:52:52.485Z - [REQUEST]: 
[NX v22.3.1 Daemon Server] - 2026-03-30T19:52:52.485Z - [REQUEST]: 
[NX v22.3.1 Daemon Server] - 2026-03-30T19:52:52.491Z - No files changed, but no in-memory cached project graph found. Recomputing it...
[NX v22.3.1 Daemon Server] - 2026-03-30T19:52:52.495Z - Time taken for 'loadDefaultNxPlugins' 199.008375ms
Time for 'nx/core/project-json:createNodes' 0.11395799999999667
Time for 'nx/core/package-json:createNodes' 23.466624999999993
Time for 'nx/js/dependencies-and-lockfile:createNodes' 60.191291999999976
[NX v22.3.1 Daemon Server] - 2026-03-30T19:52:52.600Z - Time taken for 'build-project-configs' 81.64112500000005ms
Time for 'build typescript dependencies' 188.035125
[NX v22.3.1 Daemon Server] - 2026-03-30T19:52:52.821Z - [SYNC]: collect registered sync generators
[NX v22.3.1 Daemon Server] - 2026-03-30T19:52:52.829Z - Wrote project graph cache to /Users/xinyif/Documents/GitHub/blueprint/.nx/workspace-data/project-graph.json
[NX v22.3.1 Daemon Server] - 2026-03-30T19:52:52.829Z - Serializing response for REQUEST_PROJECT_GRAPH message in json mode
[NX v22.3.1 Daemon Server] - 2026-03-30T19:52:52.829Z - Responding to REQUEST_PROJECT_GRAPH message
[NX v22.3.1 Daemon Server] - 2026-03-30T19:52:52.829Z - [REQUEST]: Responding to the client. project-graph
[NX v22.3.1 Daemon Server] - 2026-03-30T19:52:52.831Z - Time taken for 'total for creating and serializing project graph' 546.547667ms
[NX v22.3.1 Daemon Server] - 2026-03-30T19:52:52.834Z - Done responding to the client project-graph
[NX v22.3.1 Daemon Server] - 2026-03-30T19:52:52.834Z - Handled json message REQUEST_PROJECT_GRAPH. Handling time: 546. Response time: 5.
[NX v22.3.1 Daemon Server] - 2026-03-30T19:52:52.841Z - Received raw message of length 2238
[NX v22.3.1 Daemon Server] - 2026-03-30T19:52:52.842Z - Received json message of type PRE_TASKS_EXECUTION
[NX v22.3.1 Daemon Server] - 2026-03-30T19:52:52.842Z - Serializing response for PRE_TASKS_EXECUTION message in json mode
[NX v22.3.1 Daemon Server] - 2026-03-30T19:52:52.842Z - Responding to PRE_TASKS_EXECUTION message
[NX v22.3.1 Daemon Server] - 2026-03-30T19:52:52.842Z - [REQUEST]: Responding to the client. handleRunPreTasksExecution
[NX v22.3.1 Daemon Server] - 2026-03-30T19:52:52.842Z - Done responding to the client handleRunPreTasksExecution
[NX v22.3.1 Daemon Server] - 2026-03-30T19:52:52.842Z - Handled json message PRE_TASKS_EXECUTION. Handling time: 0. Response time: 0.
[NX v22.3.1 Daemon Server] - 2026-03-30T19:52:52.842Z - Time taken for 'preTasksExecution' 0.3897500000000491ms
[NX v22.3.1 Daemon Server] - 2026-03-30T19:52:52.923Z - Received raw message of length 28193
[NX v22.3.1 Daemon Server] - 2026-03-30T19:52:52.923Z - Received json message of type HASH_TASKS
[NX v22.3.1 Daemon Server] - 2026-03-30T19:52:52.923Z - Reusing in-memory cached project graph because no files changed.
[NX v22.3.1 Daemon Server] - 2026-03-30T19:52:52.930Z - Wrote project graph cache to /Users/xinyif/Documents/GitHub/blueprint/.nx/workspace-data/project-graph.json
DEBUG nx::native::tasks::hash_planner: get_plans_internal COMPLETED in 11.069666ms - processed 27 tasks (setup: 3.695958ms, parallel_planning: 7.365292ms)
DEBUG nx::native::tasks::hashers::hash_workspace_files: Hashing workspace fileset{cache_key="nx.json,.gitignore,.nxignore"}: Adding "13621235117682739808" (".gitignore") to hash
DEBUG nx::native::tasks::hashers::hash_workspace_files: Hashing workspace fileset{cache_key="nx.json,.gitignore,.nxignore"}: Adding "16332827452963754590" ("nx.json") to hash
DEBUG nx::native::tasks::hashers::hash_workspace_files: Hashing workspace fileset{cache_key="nx.json,.gitignore,.nxignore"}: Hash Value: "17060647810600090288"
DEBUG nx::native::tasks::hashers::hash_workspace_files: Hashing workspace fileset{cache_key="packages/*/src/**/*.{md,ts,tsx,scss}"}: Adding "13127561088134009633" ("packages/colors/src/_colors.scss") to hash
DEBUG nx::native::tasks::hashers::hash_workspace_files: Hashing workspace fileset{cache_key="packages/*/src/**/*.{md,ts,tsx,scss}"}: Adding "6627511647960232137" ("packages/colors/src/colors.ts") to hash
DEBUG nx::native::tasks::hashers::hash_workspace_files: Hashing workspace fileset{cache_key="packages/*/src/**/*.{md,ts,tsx,scss}"}: Adding "16538813371991256313" ("packages/colors/src/index.ts") to hash
DEBUG nx::native::tasks::hashers::hash_workspace_files: Hashing workspace fileset{cache_key="packages/*/src/**/*.{md,ts,tsx,scss}"}: Adding "14546420356030389700" ("packages/colors/src/legacyColors.ts") to hash
DEBUG nx::native::tasks::hashers::hash_workspace_files: Hashing workspace fileset{cache_key="packages/*/src/**/*.{md,ts,tsx,scss}"}: Adding "11560920873990006250" ("packages/core/src/_dark-theme.scss") to hash
DEBUG nx::native::tasks::hashers::hash_workspace_files: Hashing workspace fileset{cache_key="packages/*/src/**/*.{md,ts,tsx,scss}"}: Adding "3285521075874469126" ("packages/core/src/_reset.scss") to hash
DEBUG nx::native::tasks::hashers::hash_workspace_files: Hashing workspace fileset{cache_key="packages/*/src/**/*.{md,ts,tsx,scss}"}: Adding "16675511686195823432" ("packages/core/src/_typography.scss") to hash
DEBUG nx::native::tasks::hashers::hash_workspace_files: Hashing workspace fileset{cache_key="packages/*/src/**/*.{md,ts,tsx,scss}"}: Adding "13250384914680084732" ("packages/core/src/accessibility/_focus-states.scss") to hash
DEBUG nx::native::tasks::hashers::hash_workspace_files: Hashing workspace fileset{cache_key="packages/*/src/**/*.{md,ts,tsx,scss}"}: Adding "15682780454677316864" ("packages/core/src/accessibility/focusStyleManager.ts") to hash
DEBUG nx::native::tasks::hashers::hash_workspace_files: Hashing workspace fileset{cache_key="packages/*/src/**/*.{md,ts,tsx,scss}"}: Adding "10050674096978225457" ("packages/core/src/accessibility/useInteractiveAttributes.ts") to hash
DEBUG nx::native::tasks::hashers::hash_workspace_files: Hashing workspace fileset{cache_key="packages/*/src/**/*.{md,ts,tsx,scss}"}: Adding "10855932174473947732" ("packages/core/src/blueprint-design-tokens.scss") to hash
DEBUG nx::native::tasks::hashers::hash_workspace_files: Hashing workspace fileset{cache_key="packages/*/src/**/*.{md,ts,tsx,scss}"}: Adding "18280669624966326135" ("packages/core/src/blueprint.scss") to hash
DEBUG nx::native::tasks::hashers::hash_workspace_files: Hashing workspace fileset{cache_key="packages/*/src/**/*.{md,ts,tsx,scss}"}: Adding "6575385465502799606" ("packages/core/src/common/_color-aliases.scss") to hash
DEBUG nx::native::tasks::hashers::hash_workspace_files: Hashing workspace fileset{cache_key="packages/*/src/**/*.{md,ts,tsx,scss}"}: Adding "3493145794952311539" ("packages/core/src/common/_flex.scss") to hash
DEBUG nx::native::tasks::hashers::hash_workspace_files: Hashing workspace fileset{cache_key="packages/*/src/**/*.{md,ts,tsx,scss}"}: Adding "10084618748466909873" ("packages/core/src/common/_mixins.scss") to hash
DEBUG nx::native::tasks::hashers::hash_workspace_files: Hashing workspace fileset{cache_key="packages/*/src/**/*.{md,ts,tsx,scss}"}: Adding "1982413329351502856" ("packages/core/src/common/_react-transition.scss") to hash
DEBUG nx::native::tasks::hashers::hash_workspace_files: Hashing workspace fileset{cache_key="packages/*/src/**/*.{md,ts,tsx,scss}"}: Adding "16495213761241862190" ("packages/core/src/common/_typography-colors.scss") to hash
DEBUG nx::native::tasks::hashers::hash_workspace_files: Hashing workspace fileset{cache_key="packages/*/src/**/*.{md,ts,tsx,scss}"}: Adding "9751240892064473468" ("packages/core/src/common/_variables-extended.scss") to hash
DEBUG nx::native::tasks::hashers::hash_workspace_files: Hashing workspace fileset{cache_key="packages/*/src/**/*.{md,ts,tsx,scss}"}: Adding "15717044854625404867" ("packages/core/src/common/_variables.scss") to hash
DEBUG nx::native::tasks::hashers::hash_workspace_files: Hashing workspace fileset{cache_key="packages/*/src/**/*.{md,ts,tsx,scss}"}: Adding "13974647351114354152" ("packages/core/src/common/abstractComponent.ts") to hash
DEBUG nx::native::tasks::hashers::hash_workspace_files: Hashing workspace fileset{cache_key="packages/*/src/**/*.{md,ts,tsx,scss}"}: Adding "2281761642845806253" ("packages/core/src/common/abstractPureComponent.ts") to hash
DEBUG nx::native::tasks::hashers::hash_workspace_files: Hashing workspace fileset{cache_key="packages/*/src/**/*.{md,ts,tsx,scss}"}: Adding "11622006995104900812" ("packages/core/src/common/alignment.ts") to hash
DEBUG nx::native::tasks::hashers::hash_workspace_files: Hashing workspace fileset{cache_key="packages/*/src/**/*.{md,ts,tsx,scss}"}: Adding "13622507505511899914" ("packages/core/src/common/boundary.ts") to hash
DEBUG nx::native::tasks::hashers::hash_workspace_files: Hashing workspace fileset{cache_key="packages/*/src/**/*.{md,ts,tsx,scss}"}: Adding "1253711068404540028" ("packages/core/src/common/buttonVariant.ts") to hash
DEBUG nx::native::tasks::hashers::hash_workspace_files: Hashing workspace fileset{cache_key="packages/*/src/**/*.{md,ts,tsx,scss}"}: Adding "6484758051983457290" ("packages/core/src/common/classes.ts") to hash
DEBUG nx::native::tasks::hashers::hash_workspace_files: Hashing workspace fileset{cache_key="packages/*/src/**/*.{md,ts,tsx,scss}"}: Adding "6108857911232789682" ("packages/core/src/common/elevation.ts") to hash
DEBUG nx::native::tasks::hashers::hash_workspace_files: Hashing workspace fileset{cache_key="packages/*/src/**/*.{md,ts,tsx,scss}"}: Adding "2414995614785191795" ("packages/core/src/common/errors.ts") to hash
DEBUG nx::native::tasks::hashers::hash_workspace_files: Hashing workspace fileset{cache_key="packages/*/src/**/*.{md,ts,tsx,scss}"}: Adding "11784296331438226695" ("packages/core/src/common/index.ts") to hash
DEBUG nx::native::tasks::hashers::hash_workspace_files: Hashing workspace fileset{cache_key="packages/*/src/**/*.{md,ts,tsx,scss}"}: Adding "15723387435495836827" ("packages/core/src/common/intent.ts") to hash
DEBUG nx::native::tasks::hashers::hash_workspace_files: Hashing workspace fileset{cache_key="packages/*/src/**/*.{md,ts,tsx,scss}"}: Adding "3153835562179629895" ("packages/core/src/common/interactionMode.ts") to hash
DEBUG nx::native::tasks::hashers::hash_workspace_files: Hashing workspace fileset{cache_key="packages/*/src/**/*.{md,ts,tsx,scss}"}: Adding "17329230676431659253" ("packages/core/src/common/keyCodes.ts") to hash
DEBUG nx::native::tasks::hashers::hash_workspace_files: Hashing workspace fileset{cache_key="packages/*/src/**/*.{md,ts,tsx,scss}"}: Adding "6301125655761420457" ("packages/core/src/common/position.ts") to hash
DEBUG nx::native::tasks::hashers::hash_workspace_files: Hashing workspace fileset{cache_key="packages/*/src/**/*.{md,ts,tsx,scss}"}: Adding "1411738272081912410" ("packages/core/src/common/props.test.ts") to hash
DEBUG nx::native::tasks::hashers::hash_workspace_files: Hashing workspace fileset{cache_key="packages/*/src/**/*.{md,ts,tsx,scss}"}: Adding "6786963470343805427" ("packages/core/src/common/props.ts") to hash
DEBUG nx::native::tasks::hashers::hash_workspace_files: Hashing workspace fileset{cache_key="packages/*/src/**/*.{md,ts,tsx,scss}"}: Adding "15597729142520936385" ("packages/core/src/common/refs.ts") to hash
DEBUG nx::native::tasks::hashers::hash_workspace_files: Hashing workspace fileset{cache_key="packages/*/src/**/*.{md,ts,tsx,scss}"}: Adding "8360696858426686421" ("packages/core/src/common/size.ts") to hash
DEBUG nx::native::tasks::hashers::hash_workspace_files: Hashing workspace fileset{cache_key="packages/*/src/**/*.{md,ts,tsx,scss}"}: Adding "12487984409476927230" ("packages/core/src/common/test-utils.ts") to hash
DEBUG nx::native::tasks::hashers::hash_workspace_files: Hashing workspace fileset{cache_key="packages/*/src/**/*.{md,ts,tsx,scss}"}: Adding "13886964156910486976" ("packages/core/src/common/utils/compareUtils.test.ts") to hash
DEBUG nx::native::tasks::hashers::hash_workspace_files: Hashing workspace fileset{cache_key="packages/*/src/**/*.{md,ts,tsx,scss}"}: Adding "13098420538847249807" ("packages/core/src/common/utils/compareUtils.ts") to hash
DEBUG nx::native::tasks::hashers::hash_workspace_files: Hashing workspace fileset{cache_key="packages/*/src/**/*.{md,ts,tsx,scss}"}: Adding "14273349865949764871" ("packages/core/src/common/utils/domUtils.ts") to hash
DEBUG nx::native::tasks::hashers::hash_workspace_files: Hashing workspace fileset{cache_key="packages/*/src/**/*.{md,ts,tsx,scss}"}: Adding "2869719166307456373" ("packages/core/src/common/utils/functionUtils.ts") to hash
DEBUG nx::native::tasks::hashers::hash_workspace_files: Hashing workspace fileset{cache_key="packages/*/src/**/*.{md,ts,tsx,scss}"}: Adding "16625203155539908753" ("packages/core/src/common/utils/index.ts") to hash
DEBUG nx::native::tasks::hashers::hash_workspace_files: Hashing workspace fileset{cache_key="packages/*/src/**/*.{md,ts,tsx,scss}"}: Adding "15964856879940004609" ("packages/core/src/common/utils/isDarkTheme.ts") to hash
DEBUG nx::native::tasks::hashers::hash_workspace_files: Hashing workspace fileset{cache_key="packages/*/src/**/*.{md,ts,tsx,scss}"}: Adding "8461872052700841988" ("packages/core/src/common/utils/jsUtils.ts") to hash
DEBUG nx::native::tasks::hashers::hash_workspace_files: Hashing workspace fileset{cache_key="packages/*/src/**/*.{md,ts,tsx,scss}"}: Adding "8207322190416689593" ("packages/core/src/common/utils/keyboardUtils.ts") to hash
DEBUG nx::native::tasks::hashers::hash_workspace_files: Hashing workspace fileset{cache_key="packages/*/src/**/*.{md,ts,tsx,scss}"}: Adding "3071609786059182695" ("packages/core/src/common/utils/reactUtils.ts") to hash
DEBUG nx::native::tasks::hashers::hash_workspace_files: Hashing workspace fileset{cache_key="packages/*/src/**/*.{md,ts,tsx,scss}"}: Adding "8788202882999749850" ("packages/core/src/common/utils/typeUtils.ts") to hash
DEBUG nx::native::tasks::hashers::hash_workspace_files: Hashing workspace fileset{cache_key="packages/*/src/**/*.{md,ts,tsx,scss}"}: Adding "8225634190231167311" ("packages/core/src/common/utils.test.tsx") to hash
DEBUG nx::native::tasks::hashers::hash_workspace_files: Hashing workspace fileset{cache_key="packages/*/src/**/*.{md,ts,tsx,scss}"}: Adding "8837257677855642069" ("packages/core/src/components/_index.scss") to hash
DEBUG nx::native::tasks::hashers::hash_workspace_files: Hashing workspace fileset{cache_key="packages/*/src/**/*.{md,ts,tsx,scss}"}: Adding "14744781202435000058" ("packages/core/src/components/alert/_alert.scss") to hash
DEBUG nx::native::tasks::hashers::hash_workspace_files: Hashing workspace fileset{cache_key="packages/*/src/**/*.{md,ts,tsx,scss}"}: Adding "4334628910745590616" ("packages/core/src/components/alert/alert.md") to hash
DEBUG nx::native::tasks::hashers::hash_workspace_files: Hashing workspace fileset{cache_key="packages/*/src/**/*.{md,ts,tsx,scss}"}: Adding "18343027933017074181" ("packages/core/src/components/alert/alert.test.tsx") to hash
DEBUG nx::native::tasks::hashers::hash_workspace_files: Hashing workspace fileset{cache_key="packages/*/src/**/*.{md,ts,tsx,scss}"}: Adding "4927552404094483269" ("packages/core/src/components/alert/alert.tsx") to hash
DEBUG nx::native::tasks::hashers::hash_workspace_files: Hashing workspace fileset{cache_key="packages/*/src/**/*.{md,ts,tsx,scss}"}: Adding "11743897418005628539" ("packages/core/src/components/breadcrumbs/_breadcrumbs.scss") to hash
DEBUG nx::native::tasks::hashers::hash_workspace_files: Hashing workspace fileset{cache_key="packages/*/src/**/*.{md,ts,tsx,scss}"}: Adding "1667346764864909811" ("packages/core/src/components/breadcrumbs/breadcrumb.test.tsx") to hash
DEBUG nx::native::tasks::hashers::hash_workspace_files: Hashing workspace fileset{cache_key="packages/*/src/**/*.{md,ts,tsx,scss}"}: Adding "13774027983643930677" ("packages/core/src/components/breadcrumbs/breadcrumb.tsx") to hash
DEBUG nx::native::tasks::hashers::hash_workspace_files: Hashing workspace fileset{cache_key="packages/*/src/**/*.{md,ts,tsx,scss}"}: Adding "5676869213318175125" ("packages/core/src/components/breadcrumbs/breadcrumbs.md") to hash
DEBUG nx::native::tasks::hashers::hash_workspace_files: Hashing workspace fileset{cache_key="packages/*/src/**/*.{md,ts,tsx,scss}"}: Adding "221530921991413093" ("packages/core/src/components/breadcrumbs/breadcrumbs.test.tsx") to hash
DEBUG nx::native::tasks::hashers::hash_workspace_files: Hashing workspace fileset{cache_key="packages/*/src/**/*.{md,ts,tsx,scss}"}: Adding "14474480099091799830" ("packages/core/src/components/breadcrumbs/breadcrumbs.tsx") to hash
DEBUG nx::native::tasks::hashers::hash_workspace_files: Hashing workspace fileset{cache_key="packages/*/src/**/*.{md,ts,tsx,scss}"}: Adding "17862718768387720778" ("packages/core/src/components/button/Button.stories.tsx") to hash
DEBUG nx::native::tasks::hashers::hash_workspace_files: Hashing workspace fileset{cache_key="packages/*/src/**/*.{md,ts,tsx,scss}"}: Adding "9951115085420963140" ("packages/core/src/components/button/_button-group.scss") to hash
DEBUG nx::native::tasks::hashers::hash_workspace_files: Hashing workspace fileset{cache_key="packages/*/src/**/*.{md,ts,tsx,scss}"}: Adding "5785041071361914277" ("packages/core/src/components/button/_button.scss") to hash
DEBUG nx::native::tasks::hashers::hash_workspace_files: Hashing workspace fileset{cache_key="packages/*/src/**/*.{md,ts,tsx,scss}"}: Adding "15856676332945239291" ("packages/core/src/components/button/_common.scss") to hash
DEBUG nx::native::tasks::hashers::hash_workspace_files: Hashing workspace fileset{cache_key="packages/*/src/**/*.{md,ts,tsx,scss}"}: Adding "12312622576996997587" ("packages/core/src/components/button/button-group.md") to hash
DEBUG nx::native::tasks::hashers::hash_workspace_files: Hashing workspace fileset{cache_key="packages/*/src/**/*.{md,ts,tsx,scss}"}: Adding "16232165388816243552" ("packages/core/src/components/button/button.test.tsx") to hash
DEBUG nx::native::tasks::hashers::hash_workspace_files: Hashing workspace fileset{cache_key="packages/*/src/**/*.{md,ts,tsx,scss}"}: Adding "591951121668270838" ("packages/core/src/components/button/buttonGroup.tsx") to hash
DEBUG nx::native::tasks::hashers::hash_workspace_files: Hashing workspace fileset{cache_key="packages/*/src/**/*.{md,ts,tsx,scss}"}: Adding "4145588125677778928" ("packages/core/src/components/button/buttonProps.ts") to hash
DEBUG nx::native::tasks::hashers::hash_workspace_files: Hashing workspace fileset{cache_key="packages/*/src/**/*.{md,ts,tsx,scss}"}: Adding "17934596026756703496" ("packages/core/src/components/button/buttons.md") to hash
DEBUG nx::native::tasks::hashers::hash_workspace_files: Hashing workspace fileset{cache_key="packages/*/src/**/*.{md,ts,tsx,scss}"}: Adding "4644714519752118054" ("packages/core/src/components/button/buttons.tsx") to hash
DEBUG nx::native::tasks::hashers::hash_workspace_files: Hashing workspace fileset{cache_key="packages/*/src/**/*.{md,ts,tsx,scss}"}: Adding "3445483226051041434" ("packages/core/src/components/callout/_callout.scss") to hash
DEBUG nx::native::tasks::hashers::hash_workspace_files: Hashing workspace fileset{cache_key="packages/*/src/**/*.{md,ts,tsx,scss}"}: Adding "12611404075954593868" ("packages/core/src/components/callout/callout.md") to hash
DEBUG nx::native::tasks::hashers::hash_workspace_files: Hashing workspace fileset{cache_key="packages/*/src/**/*.{md,ts,tsx,scss}"}: Adding "3311724573979725303" ("packages/core/src/components/callout/callout.test.tsx") to hash
DEBUG nx::native::tasks::hashers::hash_workspace_files: Hashing workspace fileset{cache_key="packages/*/src/**/*.{md,ts,tsx,scss}"}: Adding "7062030276823245936" ("packages/core/src/components/callout/callout.tsx") to hash
DEBUG nx::native::tasks::hashers::hash_workspace_files: Hashing workspace fileset{cache_key="packages/*/src/**/*.{md,ts,tsx,scss}"}: Adding "2261795737345273084" ("packages/core/src/components/card/_card-variables.scss") to hash
DEBUG nx::native::tasks::hashers::hash_workspace_files: Hashing workspace fileset{cache_key="packages/*/src/**/*.{md,ts,tsx,scss}"}: Adding "11300766727843602448" ("packages/core/src/components/card/_card.scss") to hash
DEBUG nx::native::tasks::hashers::hash_workspace_files: Hashing workspace fileset{cache_key="packages/*/src/**/*.{md,ts,tsx,scss}"}: Adding "17800669206870900653" ("packages/core/src/components/card/card.md") to hash
DEBUG nx::native::tasks::hashers::hash_workspace_files: Hashing workspace fileset{cache_key="packages/*/src/**/*.{md,ts,tsx,scss}"}: Adding "5953524904816315409" ("packages/core/src/components/card/card.test.tsx") to hash
DEBUG nx::native::tasks::hashers::hash_workspace_files: Hashing workspace fileset{cache_key="packages/*/src/**/*.{md,ts,tsx,scss}"}: Adding "11781841668168293520" ("packages/core/src/components/card/card.tsx") to hash
DEBUG nx::native::tasks::hashers::hash_workspace_files: Hashing workspace fileset{cache_key="packages/*/src/**/*.{md,ts,tsx,scss}"}: Adding "16402150022240145035" ("packages/core/src/components/card-list/card-list.md") to hash
DEBUG nx::native::tasks::hashers::hash_workspace_files: Hashing workspace fileset{cache_key="packages/*/src/**/*.{md,ts,tsx,scss}"}: Adding "9579890155183647507" ("packages/core/src/components/card-list/card-list.scss") to hash
DEBUG nx::native::tasks::hashers::hash_workspace_files: Hashing workspace fileset{cache_key="packages/*/src/**/*.{md,ts,tsx,scss}"}: Adding "786958249585088118" ("packages/core/src/components/card-list/cardList.test.tsx") to hash
DEBUG nx::native::tasks::hashers::hash_workspace_files: Hashing workspace fileset{cache_key="packages/*/src/**/*.{md,ts,tsx,scss}"}: Adding "8978053235854992875" ("packages/core/src/components/card-list/cardList.tsx") to hash
DEBUG nx::native::tasks::hashers::hash_workspace_files: Hashing workspace fileset{cache_key="packages/*/src/**/*.{md,ts,tsx,scss}"}: Adding "7422857355532606609" ("packages/core/src/components/collapse/_collapse.scss") to hash
DEBUG nx::native::tasks::hashers::hash_workspace_files: Hashing workspace fileset{cache_key="packages/*/src/**/*.{md,ts,tsx,scss}"}: Adding "69514995296062508" ("packages/core/src/components/collapse/collapse.md") to hash
DEBUG nx::native::tasks::hashers::hash_workspace_files: Hashing workspace fileset{cache_key="packages/*/src/**/*.{md,ts,tsx,scss}"}: Adding "2004033719814605576" ("packages/core/src/components/collapse/collapse.test.tsx") to hash
DEBUG nx::native::tasks::hashers::hash_workspace_files: Hashing workspace fileset{cache_key="packages/*/src/**/*.{md,ts,tsx,scss}"}: Adding "15103035613902098182" ("packages/core/src/components/collapse/collapse.tsx") to hash
DEBUG nx::native::tasks::hashers::hash_workspace_files: Hashing workspace fileset{cache_key="packages/*/src/**/*.{md,ts,tsx,scss}"}: Adding "9443817586228690267" ("packages/core/src/components/components.md") to hash
DEBUG nx::native::tasks::hashers::hash_workspace_files: Hashing workspace fileset{cache_key="packages/*/src/**/*.{md,ts,tsx,scss}"}: Adding "13487300131387292323" ("packages/core/src/components/context-menu/_context-menu.scss") to hash
DEBUG nx::native::tasks::hashers::hash_workspace_files: Hashing workspace fileset{cache_key="packages/*/src/**/*.{md,ts,tsx,scss}"}: Adding "17488285395650765171" ("packages/core/src/components/context-menu/context-menu-popover.md") to hash
DEBUG nx::native::tasks::hashers::hash_workspace_files: Hashing workspace fileset{cache_key="packages/*/src/**/*.{md,ts,tsx,scss}"}: Adding "7760460921225433437" ("packages/core/src/components/context-menu/context-menu.md") to hash
DEBUG nx::native::tasks::hashers::hash_workspace_files: Hashing workspace fileset{cache_key="packages/*/src/**/*.{md,ts,tsx,scss}"}: Adding "16991472089245960903" ("packages/core/src/components/context-menu/contextMenu.test.tsx") to hash
DEBUG nx::native::tasks::hashers::hash_workspace_files: Hashing workspace fileset{cache_key="packages/*/src/**/*.{md,ts,tsx,scss}"}: Adding "17094544965096144635" ("packages/core/src/components/context-menu/contextMenu.tsx") to hash
DEBUG nx::native::tasks::hashers::hash_workspace_files: Hashing workspace fileset{cache_key="packages/*/src/**/*.{md,ts,tsx,scss}"}: Adding "14497909621740752650" ("packages/core/src/components/context-menu/contextMenuPopover.tsx") to hash
DEBUG nx::native::tasks::hashers::hash_workspace_files: Hashing workspace fileset{cache_key="packages/*/src/**/*.{md,ts,tsx,scss}"}: Adding "2344702258812639179" ("packages/core/src/components/context-menu/contextMenuShared.ts") to hash
DEBUG nx::native::tasks::hashers::hash_workspace_files: Hashing workspace fileset{cache_key="packages/*/src/**/*.{md,ts,tsx,scss}"}: Adding "15745345973304160638" ("packages/core/src/components/context-menu/contextMenuSingleton.test.tsx") to hash
DEBUG nx::native::tasks::hashers::hash_workspace_files: Hashing workspace fileset{cache_key="packages/*/src/**/*.{md,ts,tsx,scss}"}: Adding "10775038797775980669" ("packages/core/src/components/context-menu/contextMenuSingleton.tsx") to hash
DEBUG nx::native::tasks::hashers::hash_workspace_files: Hashing workspace fileset{cache_key="packages/*/src/**/*.{md,ts,tsx,scss}"}: Adding "11752809817219913398" ("packages/core/src/components/control-card/_control-card.scss") to hash
DEBUG nx::native::tasks::hashers::hash_workspace_files: Hashing workspace fileset{cache_key="packages/*/src/**/*.{md,ts,tsx,scss}"}: Adding "11039053571491403295" ("packages/core/src/components/control-card/checkboxCard.tsx") to hash
DEBUG nx::native::tasks::hashers::hash_workspace_files: Hashing workspace fileset{cache_key="packages/*/src/**/*.{md,ts,tsx,scss}"}: Adding "14500499724121980633" ("packages/core/src/components/control-card/control-card.md") to hash
DEBUG nx::native::tasks::hashers::hash_workspace_files: Hashing workspace fileset{cache_key="packages/*/src/**/*.{md,ts,tsx,scss}"}: Adding "9756940425034102080" ("packages/core/src/components/control-card/controlCard.test.tsx") to hash
DEBUG nx::native::tasks::hashers::hash_workspace_files: Hashing workspace fileset{cache_key="packages/*/src/**/*.{md,ts,tsx,scss}"}: Adding "4977519883538292719" ("packages/core/src/components/control-card/controlCard.tsx") to hash
DEBUG nx::native::tasks::hashers::hash_workspace_files: Hashing workspace fileset{cache_key="packages/*/src/**/*.{md,ts,tsx,scss}"}: Adding "14833599526959036928" ("packages/core/src/components/control-card/radioCard.tsx") to hash
DEBUG nx::native::tasks::hashers::hash_workspace_files: Hashing workspace fileset{cache_key="packages/*/src/**/*.{md,ts,tsx,scss}"}: Adding "5782786222612516077" ("packages/core/src/components/control-card/switchCard.tsx") to hash
DEBUG nx::native::tasks::hashers::hash_workspace_files: Hashing workspace fileset{cache_key="packages/*/src/**/*.{md,ts,tsx,scss}"}: Adding "2482025253980595711" ("packages/core/src/components/control-card/useCheckedControl.ts") to hash
DEBUG nx::native::tasks::hashers::hash_workspace_files: Hashing workspace fileset{cache_key="packages/*/src/**/*.{md,ts,tsx,scss}"}: Adding "7921196447203288329" ("packages/core/src/components/dialog/_dialog-body.scss") to hash
DEBUG nx::native::tasks::hashers::hash_workspace_files: Hashing workspace fileset{cache_key="packages/*/src/**/*.{md,ts,tsx,scss}"}: Adding "3660236426032107911" ("packages/core/src/components/dialog/_dialog-footer.scss") to hash
DEBUG nx::native::tasks::hashers::hash_workspace_files: Hashing workspace fileset{cache_key="packages/*/src/**/*.{md,ts,tsx,scss}"}: Adding "5139309696096838373" ("packages/core/src/components/dialog/_dialog.scss") to hash
DEBUG nx::native::tasks::hashers::hash_workspace_files: Hashing workspace fileset{cache_key="packages/*/src/**/*.{md,ts,tsx,scss}"}: Adding "3499746488177579785" ("packages/core/src/components/dialog/_multistep-dialog.scss") to hash
DEBUG nx::native::tasks::hashers::hash_workspace_files: Hashing workspace fileset{cache_key="packages/*/src/**/*.{md,ts,tsx,scss}"}: Adding "5381344243146758719" ("packages/core/src/components/dialog/dialog.md") to hash
DEBUG nx::native::tasks::hashers::hash_workspace_files: Hashing workspace fileset{cache_key="packages/*/src/**/*.{md,ts,tsx,scss}"}: Adding "11368173033941681215" ("packages/core/src/components/dialog/dialog.test.tsx") to hash
DEBUG nx::native::tasks::hashers::hash_workspace_files: Hashing workspace fileset{cache_key="packages/*/src/**/*.{md,ts,tsx,scss}"}: Adding "326186015030485072" ("packages/core/src/components/dialog/dialog.tsx") to hash
DEBUG nx::native::tasks::hashers::hash_workspace_files: Hashing workspace fileset{cache_key="packages/*/src/**/*.{md,ts,tsx,scss}"}: Adding "10719404839068185222" ("packages/core/src/components/dialog/dialogBody.tsx") to hash
DEBUG nx::native::tasks::hashers::hash_workspace_files: Hashing workspace fileset{cache_key="packages/*/src/**/*.{md,ts,tsx,scss}"}: Adding "18244610238676139798" ("packages/core/src/components/dialog/dialogFooter.tsx") to hash
DEBUG nx::native::tasks::hashers::hash_workspace_files: Hashing workspace fileset{cache_key="packages/*/src/**/*.{md,ts,tsx,scss}"}: Adding "15162362481816934714" ("packages/core/src/components/dialog/dialogStep.tsx") to hash
DEBUG nx::native::tasks::hashers::hash_workspace_files: Hashing workspace fileset{cache_key="packages/*/src/**/*.{md,ts,tsx,scss}"}: Adding "12118519645355784146" ("packages/core/src/components/dialog/dialogStepButton.tsx") to hash
DEBUG nx::native::tasks::hashers::hash_workspace_files: Hashing workspace fileset{cache_key="packages/*/src/**/*.{md,ts,tsx,scss}"}: Adding "3118806905747065424" ("packages/core/src/components/dialog/multistepDialog.test.tsx") to hash
DEBUG nx::native::tasks::hashers::hash_workspace_files: Hashing workspace fileset{cache_key="packages/*/src/**/*.{md,ts,tsx,scss}"}: Adding "11286732513675494689" ("packages/core/src/components/dialog/multistepDialog.tsx") to hash
DEBUG nx::native::tasks::hashers::hash_workspace_files: Hashing workspace fileset{cache_key="packages/*/src/**/*.{md,ts,tsx,scss}"}: Adding "9254565182018263725" ("packages/core/src/components/divider/_divider.scss") to hash
DEBUG nx::native::tasks::hashers::hash_workspace_files: Hashing workspace fileset{cache_key="packages/*/src/**/*.{md,ts,tsx,scss}"}: Adding "9747093374732812232" ("packages/core/src/components/divider/divider.md") to hash
DEBUG nx::native::tasks::hashers::hash_workspace_files: Hashing workspace fileset{cache_key="packages/*/src/**/*.{md,ts,tsx,scss}"}: Adding "4534730916636388249" ("packages/core/src/components/divider/divider.tsx") to hash
DEBUG nx::native::tasks::hashers::hash_workspace_files: Hashing workspace fileset{cache_key="packages/*/src/**/*.{md,ts,tsx,scss}"}: Adding "16789365301453203981" ("packages/core/src/components/drawer/_drawer.scss") to hash
DEBUG nx::native::tasks::hashers::hash_workspace_files: Hashing workspace fileset{cache_key="packages/*/src/**/*.{md,ts,tsx,scss}"}: Adding "13518724390360971187" ("packages/core/src/components/drawer/drawer.md") to hash
DEBUG nx::native::tasks::hashers::hash_workspace_files: Hashing workspace fileset{cache_key="packages/*/src/**/*.{md,ts,tsx,scss}"}: Adding "17652577534999979682" ("packages/core/src/components/drawer/drawer.test.tsx") to hash
DEBUG nx::native::tasks::hashers::hash_workspace_files: Hashing workspace fileset{cache_key="packages/*/src/**/*.{md,ts,tsx,scss}"}: Adding "10962947522001960781" ("packages/core/src/components/drawer/drawer.tsx") to hash
DEBUG nx::native::tasks::hashers::hash_workspace_files: Hashing workspace fileset{cache_key="packages/*/src/**/*.{md,ts,tsx,scss}"}: Adding "10288567769984797324" ("packages/core/src/components/editable-text/_editable-text.scss") to hash
DEBUG nx::native::tasks::hashers::hash_workspace_files: Hashing workspace fileset{cache_key="packages/*/src/**/*.{md,ts,tsx,scss}"}: Adding "1866112119956441941" ("packages/core/src/components/editable-text/editable-text.md") to hash
DEBUG nx::native::tasks::hashers::hash_workspace_files: Hashing workspace fileset{cache_key="packages/*/src/**/*.{md,ts,tsx,scss}"}: Adding "2867540742935920768" ("packages/core/src/components/editable-text/editableText.test.tsx") to hash
DEBUG nx::native::tasks::hashers::hash_workspace_files: Hashing workspace fileset{cache_key="packages/*/src/**/*.{md,ts,tsx,scss}"}: Adding "15303562981172613769" ("packages/core/src/components/editable-text/editableText.tsx") to hash
DEBUG nx::native::tasks::hashers::hash_workspace_files: Hashing workspace fileset{cache_key="packages/*/src/**/*.{md,ts,tsx,scss}"}: Adding "17952015057365388622" ("packages/core/src/components/entity-title/_entity-title.scss") to hash
DEBUG nx::native::tasks::hashers::hash_workspace_files: Hashing workspace fileset{cache_key="packages/*/src/**/*.{md,ts,tsx,scss}"}: Adding "15787980655058276041" ("packages/core/src/components/entity-title/entity-title.md") to hash
DEBUG nx::native::tasks::hashers::hash_workspace_files: Hashing workspace fileset{cache_key="packages/*/src/**/*.{md,ts,tsx,scss}"}: Adding "13436051172380402129" ("packages/core/src/components/entity-title/entityTitle.test.tsx") to hash
DEBUG nx::native::tasks::hashers::hash_workspace_files: Hashing workspace fileset{cache_key="packages/*/src/**/*.{md,ts,tsx,scss}"}: Adding "2153053691119886211" ("packages/core/src/components/entity-title/entityTitle.tsx") to hash
DEBUG nx::native::tasks::hashers::hash_workspace_files: Hashing workspace fileset{cache_key="packages/*/src/**/*.{md,ts,tsx,scss}"}: Adding "8650598477515990539" ("packages/core/src/components/forms/_common.scss") to hash
DEBUG nx::native::tasks::hashers::hash_workspace_files: Hashing workspace fileset{cache_key="packages/*/src/**/*.{md,ts,tsx,scss}"}: Adding "3675613388358876482" ("packages/core/src/components/forms/_control-group.scss") to hash
DEBUG nx::native::tasks::hashers::hash_workspace_files: Hashing workspace fileset{cache_key="packages/*/src/**/*.{md,ts,tsx,scss}"}: Adding "11341641754377692632" ("packages/core/src/components/forms/_controls.scss") to hash
DEBUG nx::native::tasks::hashers::hash_workspace_files: Hashing workspace fileset{cache_key="packages/*/src/**/*.{md,ts,tsx,scss}"}: Adding "10409189528306450194" ("packages/core/src/components/forms/_file-input.scss") to hash
DEBUG nx::native::tasks::hashers::hash_workspace_files: Hashing workspace fileset{cache_key="packages/*/src/**/*.{md,ts,tsx,scss}"}: Adding "9605576230528933618" ("packages/core/src/components/forms/_form-group.scss") to hash
DEBUG nx::native::tasks::hashers::hash_workspace_files: Hashing workspace fileset{cache_key="packages/*/src/**/*.{md,ts,tsx,scss}"}: Adding "13173295438797627847" ("packages/core/src/components/forms/_index.scss") to hash
DEBUG nx::native::tasks::hashers::hash_workspace_files: Hashing workspace fileset{cache_key="packages/*/src/**/*.{md,ts,tsx,scss}"}: Adding "17801321857693074776" ("packages/core/src/components/forms/_input-group.scss") to hash
DEBUG nx::native::tasks::hashers::hash_workspace_files: Hashing workspace fileset{cache_key="packages/*/src/**/*.{md,ts,tsx,scss}"}: Adding "4528970105985834551" ("packages/core/src/components/forms/_input.scss") to hash
DEBUG nx::native::tasks::hashers::hash_workspace_files: Hashing workspace fileset{cache_key="packages/*/src/**/*.{md,ts,tsx,scss}"}: Adding "11803991155469621863" ("packages/core/src/components/forms/_label.scss") to hash
DEBUG nx::native::tasks::hashers::hash_workspace_files: Hashing workspace fileset{cache_key="packages/*/src/**/*.{md,ts,tsx,scss}"}: Adding "5326633863496474736" ("packages/core/src/components/forms/_numeric-input.scss") to hash
DEBUG nx::native::tasks::hashers::hash_workspace_files: Hashing workspace fileset{cache_key="packages/*/src/**/*.{md,ts,tsx,scss}"}: Adding "3608604144654280014" ("packages/core/src/components/forms/asyncControllableInput.test.tsx") to hash
DEBUG nx::native::tasks::hashers::hash_workspace_files: Hashing workspace fileset{cache_key="packages/*/src/**/*.{md,ts,tsx,scss}"}: Adding "12251744554697961168" ("packages/core/src/components/forms/asyncControllableInput.tsx") to hash
DEBUG nx::native::tasks::hashers::hash_workspace_files: Hashing workspace fileset{cache_key="packages/*/src/**/*.{md,ts,tsx,scss}"}: Adding "8867180827955593868" ("packages/core/src/components/forms/asyncControllableTextArea.tsx") to hash
DEBUG nx::native::tasks::hashers::hash_workspace_files: Hashing workspace fileset{cache_key="packages/*/src/**/*.{md,ts,tsx,scss}"}: Adding "16969030708987698762" ("packages/core/src/components/forms/checkbox.md") to hash
DEBUG nx::native::tasks::hashers::hash_workspace_files: Hashing workspace fileset{cache_key="packages/*/src/**/*.{md,ts,tsx,scss}"}: Adding "17514234727055954057" ("packages/core/src/components/forms/control-group.md") to hash
DEBUG nx::native::tasks::hashers::hash_workspace_files: Hashing workspace fileset{cache_key="packages/*/src/**/*.{md,ts,tsx,scss}"}: Adding "671706258340451466" ("packages/core/src/components/forms/controlGroup.tsx") to hash
DEBUG nx::native::tasks::hashers::hash_workspace_files: Hashing workspace fileset{cache_key="packages/*/src/**/*.{md,ts,tsx,scss}"}: Adding "12975029932784883065" ("packages/core/src/components/forms/controlProps.ts") to hash
DEBUG nx::native::tasks::hashers::hash_workspace_files: Hashing workspace fileset{cache_key="packages/*/src/**/*.{md,ts,tsx,scss}"}: Adding "2206338131683004899" ("packages/core/src/components/forms/controls.test.tsx") to hash
DEBUG nx::native::tasks::hashers::hash_workspace_files: Hashing workspace fileset{cache_key="packages/*/src/**/*.{md,ts,tsx,scss}"}: Adding "17036837856363028199" ("packages/core/src/components/forms/controls.tsx") to hash
DEBUG nx::native::tasks::hashers::hash_workspace_files: Hashing workspace fileset{cache_key="packages/*/src/**/*.{md,ts,tsx,scss}"}: Adding "17439920092086404955" ("packages/core/src/components/forms/file-input.md") to hash
DEBUG nx::native::tasks::hashers::hash_workspace_files: Hashing workspace fileset{cache_key="packages/*/src/**/*.{md,ts,tsx,scss}"}: Adding "16973897917573187098" ("packages/core/src/components/forms/fileInput.test.tsx") to hash
DEBUG nx::native::tasks::hashers::hash_workspace_files: Hashing workspace fileset{cache_key="packages/*/src/**/*.{md,ts,tsx,scss}"}: Adding "6373596096167446855" ("packages/core/src/components/forms/fileInput.tsx") to hash
DEBUG nx::native::tasks::hashers::hash_workspace_files: Hashing workspace fileset{cache_key="packages/*/src/**/*.{md,ts,tsx,scss}"}: Adding "7256599405978631921" ("packages/core/src/components/forms/form-group.md") to hash
DEBUG nx::native::tasks::hashers::hash_workspace_files: Hashing workspace fileset{cache_key="packages/*/src/**/*.{md,ts,tsx,scss}"}: Adding "8848304375347467803" ("packages/core/src/components/forms/formGroup.test.tsx") to hash
DEBUG nx::native::tasks::hashers::hash_workspace_files: Hashing workspace fileset{cache_key="packages/*/src/**/*.{md,ts,tsx,scss}"}: Adding "8906389392051400878" ("packages/core/src/components/forms/formGroup.tsx") to hash
DEBUG nx::native::tasks::hashers::hash_workspace_files: Hashing workspace fileset{cache_key="packages/*/src/**/*.{md,ts,tsx,scss}"}: Adding "12277311482877899155" ("packages/core/src/components/forms/input-group.md") to hash
DEBUG nx::native::tasks::hashers::hash_workspace_files: Hashing workspace fileset{cache_key="packages/*/src/**/*.{md,ts,tsx,scss}"}: Adding "2501438061453561199" ("packages/core/src/components/forms/inputGroup.test.tsx") to hash
DEBUG nx::native::tasks::hashers::hash_workspace_files: Hashing workspace fileset{cache_key="packages/*/src/**/*.{md,ts,tsx,scss}"}: Adding "12483795214004086180" ("packages/core/src/components/forms/inputGroup.tsx") to hash
DEBUG nx::native::tasks::hashers::hash_workspace_files: Hashing workspace fileset{cache_key="packages/*/src/**/*.{md,ts,tsx,scss}"}: Adding "10469754717854763286" ("packages/core/src/components/forms/inputSharedProps.ts") to hash
DEBUG nx::native::tasks::hashers::hash_workspace_files: Hashing workspace fileset{cache_key="packages/*/src/**/*.{md,ts,tsx,scss}"}: Adding "11940295191304118697" ("packages/core/src/components/forms/label.md") to hash
DEBUG nx::native::tasks::hashers::hash_workspace_files: Hashing workspace fileset{cache_key="packages/*/src/**/*.{md,ts,tsx,scss}"}: Adding "18349380015845512944" ("packages/core/src/components/forms/numeric-input.md") to hash
DEBUG nx::native::tasks::hashers::hash_workspace_files: Hashing workspace fileset{cache_key="packages/*/src/**/*.{md,ts,tsx,scss}"}: Adding "17931490022388856569" ("packages/core/src/components/forms/numericInput.test.tsx") to hash
DEBUG nx::native::tasks::hashers::hash_workspace_files: Hashing workspace fileset{cache_key="packages/*/src/**/*.{md,ts,tsx,scss}"}: Adding "14764693615143805985" ("packages/core/src/components/forms/numericInput.tsx") to hash
DEBUG nx::native::tasks::hashers::hash_workspace_files: Hashing workspace fileset{cache_key="packages/*/src/**/*.{md,ts,tsx,scss}"}: Adding "18281274807584230133" ("packages/core/src/components/forms/numericInputUtils.ts") to hash
DEBUG nx::native::tasks::hashers::hash_workspace_files: Hashing workspace fileset{cache_key="packages/*/src/**/*.{md,ts,tsx,scss}"}: Adding "11201399340468627988" ("packages/core/src/components/forms/radio.md") to hash
DEBUG nx::native::tasks::hashers::hash_workspace_files: Hashing workspace fileset{cache_key="packages/*/src/**/*.{md,ts,tsx,scss}"}: Adding "4389314414375684094" ("packages/core/src/components/forms/radioGroup.test.tsx") to hash
DEBUG nx::native::tasks::hashers::hash_workspace_files: Hashing workspace fileset{cache_key="packages/*/src/**/*.{md,ts,tsx,scss}"}: Adding "7243696135933156032" ("packages/core/src/components/forms/radioGroup.tsx") to hash
DEBUG nx::native::tasks::hashers::hash_workspace_files: Hashing workspace fileset{cache_key="packages/*/src/**/*.{md,ts,tsx,scss}"}: Adding "13118178430519070272" ("packages/core/src/components/forms/switch.md") to hash
DEBUG nx::native::tasks::hashers::hash_workspace_files: Hashing workspace fileset{cache_key="packages/*/src/**/*.{md,ts,tsx,scss}"}: Adding "2352271337374795058" ("packages/core/src/components/forms/text-area.md") to hash
DEBUG nx::native::tasks::hashers::hash_workspace_files: Hashing workspace fileset{cache_key="packages/*/src/**/*.{md,ts,tsx,scss}"}: Adding "1995892844280555847" ("packages/core/src/components/forms/textArea.test.tsx") to hash
DEBUG nx::native::tasks::hashers::hash_workspace_files: Hashing workspace fileset{cache_key="packages/*/src/**/*.{md,ts,tsx,scss}"}: Adding "15409405068866113275" ("packages/core/src/components/forms/textArea.tsx") to hash
DEBUG nx::native::tasks::hashers::hash_workspace_files: Hashing workspace fileset{cache_key="packages/*/src/**/*.{md,ts,tsx,scss}"}: Adding "5808475653063685289" ("packages/core/src/components/hotkeys/_hotkeys.scss") to hash
DEBUG nx::native::tasks::hashers::hash_workspace_files: Hashing workspace fileset{cache_key="packages/*/src/**/*.{md,ts,tsx,scss}"}: Adding "6448779409515747203" ("packages/core/src/components/hotkeys/hotkey.test.tsx") to hash
DEBUG nx::native::tasks::hashers::hash_workspace_files: Hashing workspace fileset{cache_key="packages/*/src/**/*.{md,ts,tsx,scss}"}: Adding "16495968804243066315" ("packages/core/src/components/hotkeys/hotkey.tsx") to hash
DEBUG nx::native::tasks::hashers::hash_workspace_files: Hashing workspace fileset{cache_key="packages/*/src/**/*.{md,ts,tsx,scss}"}: Adding "4794870232387526652" ("packages/core/src/components/hotkeys/hotkeyParser.ts") to hash
DEBUG nx::native::tasks::hashers::hash_workspace_files: Hashing workspace fileset{cache_key="packages/*/src/**/*.{md,ts,tsx,scss}"}: Adding "15063937383266096330" ("packages/core/src/components/hotkeys/hotkeys-target.md") to hash
DEBUG nx::native::tasks::hashers::hash_workspace_files: Hashing workspace fileset{cache_key="packages/*/src/**/*.{md,ts,tsx,scss}"}: Adding "2685094849315676091" ("packages/core/src/components/hotkeys/hotkeys.tsx") to hash
DEBUG nx::native::tasks::hashers::hash_workspace_files: Hashing workspace fileset{cache_key="packages/*/src/**/*.{md,ts,tsx,scss}"}: Adding "7413847661445537189" ("packages/core/src/components/hotkeys/hotkeysDialog.tsx") to hash
DEBUG nx::native::tasks::hashers::hash_workspace_files: Hashing workspace fileset{cache_key="packages/*/src/**/*.{md,ts,tsx,scss}"}: Adding "10314584344457677506" ("packages/core/src/components/hotkeys/hotkeysParser.test.ts") to hash
DEBUG nx::native::tasks::hashers::hash_workspace_files: Hashing workspace fileset{cache_key="packages/*/src/**/*.{md,ts,tsx,scss}"}: Adding "6634363091381979262" ("packages/core/src/components/hotkeys/hotkeysTarget.tsx") to hash
DEBUG nx::native::tasks::hashers::hash_workspace_files: Hashing workspace fileset{cache_key="packages/*/src/**/*.{md,ts,tsx,scss}"}: Adding "8142037817097770951" ("packages/core/src/components/hotkeys/index.ts") to hash
DEBUG nx::native::tasks::hashers::hash_workspace_files: Hashing workspace fileset{cache_key="packages/*/src/**/*.{md,ts,tsx,scss}"}: Adding "18217757022182353976" ("packages/core/src/components/hotkeys/keyComboTag.test.tsx") to hash
DEBUG nx::native::tasks::hashers::hash_workspace_files: Hashing workspace fileset{cache_key="packages/*/src/**/*.{md,ts,tsx,scss}"}: Adding "11838620593032936265" ("packages/core/src/components/hotkeys/keyComboTag.tsx") to hash
DEBUG nx::native::tasks::hashers::hash_workspace_files: Hashing workspace fileset{cache_key="packages/*/src/**/*.{md,ts,tsx,scss}"}: Adding "12243631067506187135" ("packages/core/src/components/html/html.md") to hash
DEBUG nx::native::tasks::hashers::hash_workspace_files: Hashing workspace fileset{cache_key="packages/*/src/**/*.{md,ts,tsx,scss}"}: Adding "4476691434943053334" ("packages/core/src/components/html/html.test.tsx") to hash
DEBUG nx::native::tasks::hashers::hash_workspace_files: Hashing workspace fileset{cache_key="packages/*/src/**/*.{md,ts,tsx,scss}"}: Adding "4312408939497199818" ("packages/core/src/components/html/html.tsx") to hash
DEBUG nx::native::tasks::hashers::hash_workspace_files: Hashing workspace fileset{cache_key="packages/*/src/**/*.{md,ts,tsx,scss}"}: Adding "16310612144565430156" ("packages/core/src/components/html-select/_common.scss") to hash
DEBUG nx::native::tasks::hashers::hash_workspace_files: Hashing workspace fileset{cache_key="packages/*/src/**/*.{md,ts,tsx,scss}"}: Adding "7520720348325648864" ("packages/core/src/components/html-select/_html-select.scss") to hash
DEBUG nx::native::tasks::hashers::hash_workspace_files: Hashing workspace fileset{cache_key="packages/*/src/**/*.{md,ts,tsx,scss}"}: Adding "2199149061058932767" ("packages/core/src/components/html-select/html-select.md") to hash
DEBUG nx::native::tasks::hashers::hash_workspace_files: Hashing workspace fileset{cache_key="packages/*/src/**/*.{md,ts,tsx,scss}"}: Adding "13768547073516968783" ("packages/core/src/components/html-select/htmlSelect.test.tsx") to hash
DEBUG nx::native::tasks::hashers::hash_workspace_files: Hashing workspace fileset{cache_key="packages/*/src/**/*.{md,ts,tsx,scss}"}: Adding "17462537239985988632" ("packages/core/src/components/html-select/htmlSelect.tsx") to hash
DEBUG nx::native::tasks::hashers::hash_workspace_files: Hashing workspace fileset{cache_key="packages/*/src/**/*.{md,ts,tsx,scss}"}: Adding "13585498655203274645" ("packages/core/src/components/html-table/_html-table.scss") to hash
DEBUG nx::native::tasks::hashers::hash_workspace_files: Hashing workspace fileset{cache_key="packages/*/src/**/*.{md,ts,tsx,scss}"}: Adding "12090469103209537846" ("packages/core/src/components/html-table/html-table.md") to hash
DEBUG nx::native::tasks::hashers::hash_workspace_files: Hashing workspace fileset{cache_key="packages/*/src/**/*.{md,ts,tsx,scss}"}: Adding "3376822390847267677" ("packages/core/src/components/html-table/htmlTable.tsx") to hash
DEBUG nx::native::tasks::hashers::hash_workspace_files: Hashing workspace fileset{cache_key="packages/*/src/**/*.{md,ts,tsx,scss}"}: Adding "1210282737059982972" ("packages/core/src/components/icon/_icon-mixins.scss") to hash
DEBUG nx::native::tasks::hashers::hash_workspace_files: Hashing workspace fileset{cache_key="packages/*/src/**/*.{md,ts,tsx,scss}"}: Adding "13409366493930955872" ("packages/core/src/components/icon/_icon.scss") to hash
DEBUG nx::native::tasks::hashers::hash_workspace_files: Hashing workspace fileset{cache_key="packages/*/src/**/*.{md,ts,tsx,scss}"}: Adding "12499761428848237458" ("packages/core/src/components/icon/icon.md") to hash
DEBUG nx::native::tasks::hashers::hash_workspace_files: Hashing workspace fileset{cache_key="packages/*/src/**/*.{md,ts,tsx,scss}"}: Adding "185212033867944292" ("packages/core/src/components/icon/icon.test.tsx") to hash
DEBUG nx::native::tasks::hashers::hash_workspace_files: Hashing workspace fileset{cache_key="packages/*/src/**/*.{md,ts,tsx,scss}"}: Adding "17169078986726939798" ("packages/core/src/components/icon/icon.tsx") to hash
DEBUG nx::native::tasks::hashers::hash_workspace_files: Hashing workspace fileset{cache_key="packages/*/src/**/*.{md,ts,tsx,scss}"}: Adding "11805873046757905876" ("packages/core/src/components/index.ts") to hash
DEBUG nx::native::tasks::hashers::hash_workspace_files: Hashing workspace fileset{cache_key="packages/*/src/**/*.{md,ts,tsx,scss}"}: Adding "501916601500060740" ("packages/core/src/components/link/_link.scss") to hash
DEBUG nx::native::tasks::hashers::hash_workspace_files: Hashing workspace fileset{cache_key="packages/*/src/**/*.{md,ts,tsx,scss}"}: Adding "13025317283901368049" ("packages/core/src/components/link/link.md") to hash
DEBUG nx::native::tasks::hashers::hash_workspace_files: Hashing workspace fileset{cache_key="packages/*/src/**/*.{md,ts,tsx,scss}"}: Adding "16559663720845402994" ("packages/core/src/components/link/link.test.tsx") to hash
DEBUG nx::native::tasks::hashers::hash_workspace_files: Hashing workspace fileset{cache_key="packages/*/src/**/*.{md,ts,tsx,scss}"}: Adding "7908581842882860196" ("packages/core/src/components/link/link.tsx") to hash
DEBUG nx::native::tasks::hashers::hash_workspace_files: Hashing workspace fileset{cache_key="packages/*/src/**/*.{md,ts,tsx,scss}"}: Adding "1128258114291576092" ("packages/core/src/components/menu/_common.scss") to hash
DEBUG nx::native::tasks::hashers::hash_workspace_files: Hashing workspace fileset{cache_key="packages/*/src/**/*.{md,ts,tsx,scss}"}: Adding "9140764448844537569" ("packages/core/src/components/menu/_menu.scss") to hash
DEBUG nx::native::tasks::hashers::hash_workspace_files: Hashing workspace fileset{cache_key="packages/*/src/**/*.{md,ts,tsx,scss}"}: Adding "11575009393692979191" ("packages/core/src/components/menu/_submenu.scss") to hash
DEBUG nx::native::tasks::hashers::hash_workspace_files: Hashing workspace fileset{cache_key="packages/*/src/**/*.{md,ts,tsx,scss}"}: Adding "10611208564292244668" ("packages/core/src/components/menu/menu.md") to hash
DEBUG nx::native::tasks::hashers::hash_workspace_files: Hashing workspace fileset{cache_key="packages/*/src/**/*.{md,ts,tsx,scss}"}: Adding "16552787001162476861" ("packages/core/src/components/menu/menu.test.tsx") to hash
DEBUG nx::native::tasks::hashers::hash_workspace_files: Hashing workspace fileset{cache_key="packages/*/src/**/*.{md,ts,tsx,scss}"}: Adding "5367324374033578495" ("packages/core/src/components/menu/menu.tsx") to hash
DEBUG nx::native::tasks::hashers::hash_workspace_files: Hashing workspace fileset{cache_key="packages/*/src/**/*.{md,ts,tsx,scss}"}: Adding "6538798647808175458" ("packages/core/src/components/menu/menuDivider.tsx") to hash
DEBUG nx::native::tasks::hashers::hash_workspace_files: Hashing workspace fileset{cache_key="packages/*/src/**/*.{md,ts,tsx,scss}"}: Adding "10249010110027000189" ("packages/core/src/components/menu/menuItem.test.tsx") to hash
DEBUG nx::native::tasks::hashers::hash_workspace_files: Hashing workspace fileset{cache_key="packages/*/src/**/*.{md,ts,tsx,scss}"}: Adding "4689127477141595888" ("packages/core/src/components/menu/menuItem.tsx") to hash
DEBUG nx::native::tasks::hashers::hash_workspace_files: Hashing workspace fileset{cache_key="packages/*/src/**/*.{md,ts,tsx,scss}"}: Adding "9136491980146551899" ("packages/core/src/components/navbar/_navbar.scss") to hash
DEBUG nx::native::tasks::hashers::hash_workspace_files: Hashing workspace fileset{cache_key="packages/*/src/**/*.{md,ts,tsx,scss}"}: Adding "5984294567137019324" ("packages/core/src/components/navbar/navbar.md") to hash
DEBUG nx::native::tasks::hashers::hash_workspace_files: Hashing workspace fileset{cache_key="packages/*/src/**/*.{md,ts,tsx,scss}"}: Adding "16156289184689183642" ("packages/core/src/components/navbar/navbar.tsx") to hash
DEBUG nx::native::tasks::hashers::hash_workspace_files: Hashing workspace fileset{cache_key="packages/*/src/**/*.{md,ts,tsx,scss}"}: Adding "11788304422447196305" ("packages/core/src/components/navbar/navbarDivider.tsx") to hash
DEBUG nx::native::tasks::hashers::hash_workspace_files: Hashing workspace fileset{cache_key="packages/*/src/**/*.{md,ts,tsx,scss}"}: Adding "1738006334833278949" ("packages/core/src/components/navbar/navbarGroup.tsx") to hash
DEBUG nx::native::tasks::hashers::hash_workspace_files: Hashing workspace fileset{cache_key="packages/*/src/**/*.{md,ts,tsx,scss}"}: Adding "17731746808491740819" ("packages/core/src/components/navbar/navbarHeading.tsx") to hash
DEBUG nx::native::tasks::hashers::hash_workspace_files: Hashing workspace fileset{cache_key="packages/*/src/**/*.{md,ts,tsx,scss}"}: Adding "13887068311467490328" ("packages/core/src/components/non-ideal-state/_non-ideal-state.scss") to hash
DEBUG nx::native::tasks::hashers::hash_workspace_files: Hashing workspace fileset{cache_key="packages/*/src/**/*.{md,ts,tsx,scss}"}: Adding "8786896073048819390" ("packages/core/src/components/non-ideal-state/non-ideal-state.md") to hash
DEBUG nx::native::tasks::hashers::hash_workspace_files: Hashing workspace fileset{cache_key="packages/*/src/**/*.{md,ts,tsx,scss}"}: Adding "15391544774077560909" ("packages/core/src/components/non-ideal-state/nonIdealState.test.tsx") to hash
DEBUG nx::native::tasks::hashers::hash_workspace_files: Hashing workspace fileset{cache_key="packages/*/src/**/*.{md,ts,tsx,scss}"}: Adding "4651749592288529333" ("packages/core/src/components/non-ideal-state/nonIdealState.tsx") to hash
DEBUG nx::native::tasks::hashers::hash_workspace_files: Hashing workspace fileset{cache_key="packages/*/src/**/*.{md,ts,tsx,scss}"}: Adding "13209578433761317161" ("packages/core/src/components/overflow-list/_overflow-list.scss") to hash
DEBUG nx::native::tasks::hashers::hash_workspace_files: Hashing workspace fileset{cache_key="packages/*/src/**/*.{md,ts,tsx,scss}"}: Adding "233228106168584051" ("packages/core/src/components/overflow-list/overflow-list.md") to hash
DEBUG nx::native::tasks::hashers::hash_workspace_files: Hashing workspace fileset{cache_key="packages/*/src/**/*.{md,ts,tsx,scss}"}: Adding "1327703045316184175" ("packages/core/src/components/overflow-list/overflowList.test.tsx") to hash
DEBUG nx::native::tasks::hashers::hash_workspace_files: Hashing workspace fileset{cache_key="packages/*/src/**/*.{md,ts,tsx,scss}"}: Adding "4185142111146418670" ("packages/core/src/components/overflow-list/overflowList.tsx") to hash
DEBUG nx::native::tasks::hashers::hash_workspace_files: Hashing workspace fileset{cache_key="packages/*/src/**/*.{md,ts,tsx,scss}"}: Adding "903896674419577778" ("packages/core/src/components/overlay/_overlay.scss") to hash
DEBUG nx::native::tasks::hashers::hash_workspace_files: Hashing workspace fileset{cache_key="packages/*/src/**/*.{md,ts,tsx,scss}"}: Adding "4502269022032124881" ("packages/core/src/components/overlay/overlay.md") to hash
DEBUG nx::native::tasks::hashers::hash_workspace_files: Hashing workspace fileset{cache_key="packages/*/src/**/*.{md,ts,tsx,scss}"}: Adding "5300593927567218952" ("packages/core/src/components/overlay/overlay.test.tsx") to hash
DEBUG nx::native::tasks::hashers::hash_workspace_files: Hashing workspace fileset{cache_key="packages/*/src/**/*.{md,ts,tsx,scss}"}: Adding "3668815504305581856" ("packages/core/src/components/overlay/overlay.tsx") to hash
DEBUG nx::native::tasks::hashers::hash_workspace_files: Hashing workspace fileset{cache_key="packages/*/src/**/*.{md,ts,tsx,scss}"}: Adding "5610163608054132772" ("packages/core/src/components/overlay/overlayProps.ts") to hash
DEBUG nx::native::tasks::hashers::hash_workspace_files: Hashing workspace fileset{cache_key="packages/*/src/**/*.{md,ts,tsx,scss}"}: Adding "17800549387156772081" ("packages/core/src/components/overlay/overlayUtils.ts") to hash
DEBUG nx::native::tasks::hashers::hash_workspace_files: Hashing workspace fileset{cache_key="packages/*/src/**/*.{md,ts,tsx,scss}"}: Adding "7005537921946917804" ("packages/core/src/components/overlay2/overlay2.md") to hash
DEBUG nx::native::tasks::hashers::hash_workspace_files: Hashing workspace fileset{cache_key="packages/*/src/**/*.{md,ts,tsx,scss}"}: Adding "6118920508951532103" ("packages/core/src/components/overlay2/overlay2.test.tsx") to hash
DEBUG nx::native::tasks::hashers::hash_workspace_files: Hashing workspace fileset{cache_key="packages/*/src/**/*.{md,ts,tsx,scss}"}: Adding "14140271740400887530" ("packages/core/src/components/overlay2/overlay2.tsx") to hash
DEBUG nx::native::tasks::hashers::hash_workspace_files: Hashing workspace fileset{cache_key="packages/*/src/**/*.{md,ts,tsx,scss}"}: Adding "9458842843454599141" ("packages/core/src/components/overlay2/overlayInstance.ts") to hash
DEBUG nx::native::tasks::hashers::hash_workspace_files: Hashing workspace fileset{cache_key="packages/*/src/**/*.{md,ts,tsx,scss}"}: Adding "734045595426124783" ("packages/core/src/components/panel-stack/_panel-stack.scss") to hash
DEBUG nx::native::tasks::hashers::hash_workspace_files: Hashing workspace fileset{cache_key="packages/*/src/**/*.{md,ts,tsx,scss}"}: Adding "10748835356467605500" ("packages/core/src/components/panel-stack/panel-stack.md") to hash
DEBUG nx::native::tasks::hashers::hash_workspace_files: Hashing workspace fileset{cache_key="packages/*/src/**/*.{md,ts,tsx,scss}"}: Adding "4714444991755006784" ("packages/core/src/components/panel-stack/panelStack.test.tsx") to hash
DEBUG nx::native::tasks::hashers::hash_workspace_files: Hashing workspace fileset{cache_key="packages/*/src/**/*.{md,ts,tsx,scss}"}: Adding "1768441066215978127" ("packages/core/src/components/panel-stack/panelStack.tsx") to hash
DEBUG nx::native::tasks::hashers::hash_workspace_files: Hashing workspace fileset{cache_key="packages/*/src/**/*.{md,ts,tsx,scss}"}: Adding "8332964469567931143" ("packages/core/src/components/panel-stack/panelTypes.ts") to hash
DEBUG nx::native::tasks::hashers::hash_workspace_files: Hashing workspace fileset{cache_key="packages/*/src/**/*.{md,ts,tsx,scss}"}: Adding "13166818333003301388" ("packages/core/src/components/panel-stack/panelView.tsx") to hash
DEBUG nx::native::tasks::hashers::hash_workspace_files: Hashing workspace fileset{cache_key="packages/*/src/**/*.{md,ts,tsx,scss}"}: Adding "16882099488930862468" ("packages/core/src/components/popover/_common.scss") to hash
DEBUG nx::native::tasks::hashers::hash_workspace_files: Hashing workspace fileset{cache_key="packages/*/src/**/*.{md,ts,tsx,scss}"}: Adding "1933423531430613932" ("packages/core/src/components/popover/_popover-in-button-group.scss") to hash
DEBUG nx::native::tasks::hashers::hash_workspace_files: Hashing workspace fileset{cache_key="packages/*/src/**/*.{md,ts,tsx,scss}"}: Adding "2673086805151155788" ("packages/core/src/components/popover/_popover-in-control-group.scss") to hash
DEBUG nx::native::tasks::hashers::hash_workspace_files: Hashing workspace fileset{cache_key="packages/*/src/**/*.{md,ts,tsx,scss}"}: Adding "7249084157754433987" ("packages/core/src/components/popover/_popover-in-label.scss") to hash
DEBUG nx::native::tasks::hashers::hash_workspace_files: Hashing workspace fileset{cache_key="packages/*/src/**/*.{md,ts,tsx,scss}"}: Adding "4409157384375458164" ("packages/core/src/components/popover/_popover-in-submenu.scss") to hash
DEBUG nx::native::tasks::hashers::hash_workspace_files: Hashing workspace fileset{cache_key="packages/*/src/**/*.{md,ts,tsx,scss}"}: Adding "3315768185214451335" ("packages/core/src/components/popover/_popover-in-tree.scss") to hash
DEBUG nx::native::tasks::hashers::hash_workspace_files: Hashing workspace fileset{cache_key="packages/*/src/**/*.{md,ts,tsx,scss}"}: Adding "10100812409974305890" ("packages/core/src/components/popover/_popover.scss") to hash
DEBUG nx::native::tasks::hashers::hash_workspace_files: Hashing workspace fileset{cache_key="packages/*/src/**/*.{md,ts,tsx,scss}"}: Adding "5748709463167968386" ("packages/core/src/components/popover/customModifiers.ts") to hash
DEBUG nx::native::tasks::hashers::hash_workspace_files: Hashing workspace fileset{cache_key="packages/*/src/**/*.{md,ts,tsx,scss}"}: Adding "7669888409598387830" ("packages/core/src/components/popover/menu-item.md") to hash
DEBUG nx::native::tasks::hashers::hash_workspace_files: Hashing workspace fileset{cache_key="packages/*/src/**/*.{md,ts,tsx,scss}"}: Adding "1532889886682149660" ("packages/core/src/components/popover/popover.md") to hash
DEBUG nx::native::tasks::hashers::hash_workspace_files: Hashing workspace fileset{cache_key="packages/*/src/**/*.{md,ts,tsx,scss}"}: Adding "14448443197872402804" ("packages/core/src/components/popover/popover.test.tsx") to hash
DEBUG nx::native::tasks::hashers::hash_workspace_files: Hashing workspace fileset{cache_key="packages/*/src/**/*.{md,ts,tsx,scss}"}: Adding "16510381020950138857" ("packages/core/src/components/popover/popover.tsx") to hash
DEBUG nx::native::tasks::hashers::hash_workspace_files: Hashing workspace fileset{cache_key="packages/*/src/**/*.{md,ts,tsx,scss}"}: Adding "14119799804009021367" ("packages/core/src/components/popover/popoverArrow.tsx") to hash
DEBUG nx::native::tasks::hashers::hash_workspace_files: Hashing workspace fileset{cache_key="packages/*/src/**/*.{md,ts,tsx,scss}"}: Adding "12100999662533874149" ("packages/core/src/components/popover/popoverPlacementUtils.ts") to hash
DEBUG nx::native::tasks::hashers::hash_workspace_files: Hashing workspace fileset{cache_key="packages/*/src/**/*.{md,ts,tsx,scss}"}: Adding "7389844569548591228" ("packages/core/src/components/popover/popoverPosition.ts") to hash
DEBUG nx::native::tasks::hashers::hash_workspace_files: Hashing workspace fileset{cache_key="packages/*/src/**/*.{md,ts,tsx,scss}"}: Adding "52085158393188865" ("packages/core/src/components/popover/popoverProps.ts") to hash
DEBUG nx::native::tasks::hashers::hash_workspace_files: Hashing workspace fileset{cache_key="packages/*/src/**/*.{md,ts,tsx,scss}"}: Adding "15202333131331898670" ("packages/core/src/components/popover/popoverSharedProps.ts") to hash
DEBUG nx::native::tasks::hashers::hash_workspace_files: Hashing workspace fileset{cache_key="packages/*/src/**/*.{md,ts,tsx,scss}"}: Adding "13043354430028365167" ("packages/core/src/components/popover/popperUtils.test.ts") to hash
DEBUG nx::native::tasks::hashers::hash_workspace_files: Hashing workspace fileset{cache_key="packages/*/src/**/*.{md,ts,tsx,scss}"}: Adding "4016028742469710254" ("packages/core/src/components/popover/popperUtils.ts") to hash
DEBUG nx::native::tasks::hashers::hash_workspace_files: Hashing workspace fileset{cache_key="packages/*/src/**/*.{md,ts,tsx,scss}"}: Adding "18086617786061314799" ("packages/core/src/components/popover/popupKind.ts") to hash
DEBUG nx::native::tasks::hashers::hash_workspace_files: Hashing workspace fileset{cache_key="packages/*/src/**/*.{md,ts,tsx,scss}"}: Adding "9894553732082056509" ("packages/core/src/components/popover/tooltipContext.tsx") to hash
DEBUG nx::native::tasks::hashers::hash_workspace_files: Hashing workspace fileset{cache_key="packages/*/src/**/*.{md,ts,tsx,scss}"}: Adding "18231622217934116195" ("packages/core/src/components/popover-next/floatingUtils.ts") to hash
DEBUG nx::native::tasks::hashers::hash_workspace_files: Hashing workspace fileset{cache_key="packages/*/src/**/*.{md,ts,tsx,scss}"}: Adding "9212300421455920576" ("packages/core/src/components/popover-next/middlewareTypes.ts") to hash
DEBUG nx::native::tasks::hashers::hash_workspace_files: Hashing workspace fileset{cache_key="packages/*/src/**/*.{md,ts,tsx,scss}"}: Adding "6553464037083285244" ("packages/core/src/components/popover-next/popover-next.md") to hash
DEBUG nx::native::tasks::hashers::hash_workspace_files: Hashing workspace fileset{cache_key="packages/*/src/**/*.{md,ts,tsx,scss}"}: Adding "14510311869190165844" ("packages/core/src/components/popover-next/popoverNext.test.tsx") to hash
DEBUG nx::native::tasks::hashers::hash_workspace_files: Hashing workspace fileset{cache_key="packages/*/src/**/*.{md,ts,tsx,scss}"}: Adding "5410502631380387447" ("packages/core/src/components/popover-next/popoverNext.tsx") to hash
DEBUG nx::native::tasks::hashers::hash_workspace_files: Hashing workspace fileset{cache_key="packages/*/src/**/*.{md,ts,tsx,scss}"}: Adding "11963673678892447072" ("packages/core/src/components/popover-next/popoverNextMigrationUtils.test.ts") to hash
DEBUG nx::native::tasks::hashers::hash_workspace_files: Hashing workspace fileset{cache_key="packages/*/src/**/*.{md,ts,tsx,scss}"}: Adding "1802460375921324753" ("packages/core/src/components/popover-next/popoverNextMigrationUtils.ts") to hash
DEBUG nx::native::tasks::hashers::hash_workspace_files: Hashing workspace fileset{cache_key="packages/*/src/**/*.{md,ts,tsx,scss}"}: Adding "5522272752356257166" ("packages/core/src/components/popover-next/popoverNextProps.ts") to hash
DEBUG nx::native::tasks::hashers::hash_workspace_files: Hashing workspace fileset{cache_key="packages/*/src/**/*.{md,ts,tsx,scss}"}: Adding "4578747369402525152" ("packages/core/src/components/popover-next/popoverPopup.tsx") to hash
DEBUG nx::native::tasks::hashers::hash_workspace_files: Hashing workspace fileset{cache_key="packages/*/src/**/*.{md,ts,tsx,scss}"}: Adding "9239998889244046788" ("packages/core/src/components/popover-next/popoverTarget.tsx") to hash
DEBUG nx::native::tasks::hashers::hash_workspace_files: Hashing workspace fileset{cache_key="packages/*/src/**/*.{md,ts,tsx,scss}"}: Adding "15180650589858268452" ("packages/core/src/components/popover-next/usePopover.ts") to hash
DEBUG nx::native::tasks::hashers::hash_workspace_files: Hashing workspace fileset{cache_key="packages/*/src/**/*.{md,ts,tsx,scss}"}: Adding "2770892648362561099" ("packages/core/src/components/portal/_portal.scss") to hash
DEBUG nx::native::tasks::hashers::hash_workspace_files: Hashing workspace fileset{cache_key="packages/*/src/**/*.{md,ts,tsx,scss}"}: Adding "9004370459806719246" ("packages/core/src/components/portal/portal.md") to hash
DEBUG nx::native::tasks::hashers::hash_workspace_files: Hashing workspace fileset{cache_key="packages/*/src/**/*.{md,ts,tsx,scss}"}: Adding "9187871732405686142" ("packages/core/src/components/portal/portal.test.tsx") to hash
DEBUG nx::native::tasks::hashers::hash_workspace_files: Hashing workspace fileset{cache_key="packages/*/src/**/*.{md,ts,tsx,scss}"}: Adding "15636889829964211235" ("packages/core/src/components/portal/portal.tsx") to hash
DEBUG nx::native::tasks::hashers::hash_workspace_files: Hashing workspace fileset{cache_key="packages/*/src/**/*.{md,ts,tsx,scss}"}: Adding "12831461981436188510" ("packages/core/src/components/progress-bar/_common.scss") to hash
DEBUG nx::native::tasks::hashers::hash_workspace_files: Hashing workspace fileset{cache_key="packages/*/src/**/*.{md,ts,tsx,scss}"}: Adding "18208441497711748127" ("packages/core/src/components/progress-bar/_progress-bar.scss") to hash
DEBUG nx::native::tasks::hashers::hash_workspace_files: Hashing workspace fileset{cache_key="packages/*/src/**/*.{md,ts,tsx,scss}"}: Adding "1175483776991098025" ("packages/core/src/components/progress-bar/progress-bar.md") to hash
DEBUG nx::native::tasks::hashers::hash_workspace_files: Hashing workspace fileset{cache_key="packages/*/src/**/*.{md,ts,tsx,scss}"}: Adding "431455447250720250" ("packages/core/src/components/progress-bar/progressBar.test.tsx") to hash
DEBUG nx::native::tasks::hashers::hash_workspace_files: Hashing workspace fileset{cache_key="packages/*/src/**/*.{md,ts,tsx,scss}"}: Adding "598557198748503910" ("packages/core/src/components/progress-bar/progressBar.tsx") to hash
DEBUG nx::native::tasks::hashers::hash_workspace_files: Hashing workspace fileset{cache_key="packages/*/src/**/*.{md,ts,tsx,scss}"}: Adding "12902783689992081687" ("packages/core/src/components/resize-sensor/resize-sensor.md") to hash
DEBUG nx::native::tasks::hashers::hash_workspace_files: Hashing workspace fileset{cache_key="packages/*/src/**/*.{md,ts,tsx,scss}"}: Adding "5440533339424832202" ("packages/core/src/components/resize-sensor/resizeSensor.test.tsx") to hash
DEBUG nx::native::tasks::hashers::hash_workspace_files: Hashing workspace fileset{cache_key="packages/*/src/**/*.{md,ts,tsx,scss}"}: Adding "32706413079740934" ("packages/core/src/components/resize-sensor/resizeSensor.tsx") to hash
DEBUG nx::native::tasks::hashers::hash_workspace_files: Hashing workspace fileset{cache_key="packages/*/src/**/*.{md,ts,tsx,scss}"}: Adding "5809156204032721643" ("packages/core/src/components/section/_section.scss") to hash
DEBUG nx::native::tasks::hashers::hash_workspace_files: Hashing workspace fileset{cache_key="packages/*/src/**/*.{md,ts,tsx,scss}"}: Adding "8086022785428174442" ("packages/core/src/components/section/section.md") to hash
DEBUG nx::native::tasks::hashers::hash_workspace_files: Hashing workspace fileset{cache_key="packages/*/src/**/*.{md,ts,tsx,scss}"}: Adding "9079775681025395769" ("packages/core/src/components/section/section.test.tsx") to hash
DEBUG nx::native::tasks::hashers::hash_workspace_files: Hashing workspace fileset{cache_key="packages/*/src/**/*.{md,ts,tsx,scss}"}: Adding "520762691202704128" ("packages/core/src/components/section/section.tsx") to hash
DEBUG nx::native::tasks::hashers::hash_workspace_files: Hashing workspace fileset{cache_key="packages/*/src/**/*.{md,ts,tsx,scss}"}: Adding "12430659365756057500" ("packages/core/src/components/section/sectionCard.tsx") to hash
DEBUG nx::native::tasks::hashers::hash_workspace_files: Hashing workspace fileset{cache_key="packages/*/src/**/*.{md,ts,tsx,scss}"}: Adding "4506089745679934314" ("packages/core/src/components/segmented-control/_segmented-control.scss") to hash
DEBUG nx::native::tasks::hashers::hash_workspace_files: Hashing workspace fileset{cache_key="packages/*/src/**/*.{md,ts,tsx,scss}"}: Adding "14626872514051264707" ("packages/core/src/components/segmented-control/segmented-control.md") to hash
DEBUG nx::native::tasks::hashers::hash_workspace_files: Hashing workspace fileset{cache_key="packages/*/src/**/*.{md,ts,tsx,scss}"}: Adding "5982795970964370667" ("packages/core/src/components/segmented-control/segmentedControl.test.tsx") to hash
DEBUG nx::native::tasks::hashers::hash_workspace_files: Hashing workspace fileset{cache_key="packages/*/src/**/*.{md,ts,tsx,scss}"}: Adding "12392502660970714961" ("packages/core/src/components/segmented-control/segmentedControl.tsx") to hash
DEBUG nx::native::tasks::hashers::hash_workspace_files: Hashing workspace fileset{cache_key="packages/*/src/**/*.{md,ts,tsx,scss}"}: Adding "3186622046371007508" ("packages/core/src/components/skeleton/_common.scss") to hash
DEBUG nx::native::tasks::hashers::hash_workspace_files: Hashing workspace fileset{cache_key="packages/*/src/**/*.{md,ts,tsx,scss}"}: Adding "5398584841757133899" ("packages/core/src/components/skeleton/_skeleton.scss") to hash
DEBUG nx::native::tasks::hashers::hash_workspace_files: Hashing workspace fileset{cache_key="packages/*/src/**/*.{md,ts,tsx,scss}"}: Adding "1919668727879612860" ("packages/core/src/components/skeleton/skeleton.md") to hash
DEBUG nx::native::tasks::hashers::hash_workspace_files: Hashing workspace fileset{cache_key="packages/*/src/**/*.{md,ts,tsx,scss}"}: Adding "2662230716312716812" ("packages/core/src/components/slider/_common.scss") to hash
DEBUG nx::native::tasks::hashers::hash_workspace_files: Hashing workspace fileset{cache_key="packages/*/src/**/*.{md,ts,tsx,scss}"}: Adding "11012651202127683755" ("packages/core/src/components/slider/_slider.scss") to hash
DEBUG nx::native::tasks::hashers::hash_workspace_files: Hashing workspace fileset{cache_key="packages/*/src/**/*.{md,ts,tsx,scss}"}: Adding "5229137797019094335" ("packages/core/src/components/slider/handle.test.tsx") to hash
DEBUG nx::native::tasks::hashers::hash_workspace_files: Hashing workspace fileset{cache_key="packages/*/src/**/*.{md,ts,tsx,scss}"}: Adding "2238750216102028537" ("packages/core/src/components/slider/handle.tsx") to hash
DEBUG nx::native::tasks::hashers::hash_workspace_files: Hashing workspace fileset{cache_key="packages/*/src/**/*.{md,ts,tsx,scss}"}: Adding "14570465800306574421" ("packages/core/src/components/slider/handleProps.tsx") to hash
DEBUG nx::native::tasks::hashers::hash_workspace_files: Hashing workspace fileset{cache_key="packages/*/src/**/*.{md,ts,tsx,scss}"}: Adding "6198496680895870256" ("packages/core/src/components/slider/multiSlider.test.tsx") to hash
DEBUG nx::native::tasks::hashers::hash_workspace_files: Hashing workspace fileset{cache_key="packages/*/src/**/*.{md,ts,tsx,scss}"}: Adding "13796400301365328245" ("packages/core/src/components/slider/multiSlider.tsx") to hash
DEBUG nx::native::tasks::hashers::hash_workspace_files: Hashing workspace fileset{cache_key="packages/*/src/**/*.{md,ts,tsx,scss}"}: Adding "16214369364474772457" ("packages/core/src/components/slider/rangeSlider.test.tsx") to hash
DEBUG nx::native::tasks::hashers::hash_workspace_files: Hashing workspace fileset{cache_key="packages/*/src/**/*.{md,ts,tsx,scss}"}: Adding "18220594243850324250" ("packages/core/src/components/slider/rangeSlider.tsx") to hash
DEBUG nx::native::tasks::hashers::hash_workspace_files: Hashing workspace fileset{cache_key="packages/*/src/**/*.{md,ts,tsx,scss}"}: Adding "8602367533563402274" ("packages/core/src/components/slider/slider.test.tsx") to hash
DEBUG nx::native::tasks::hashers::hash_workspace_files: Hashing workspace fileset{cache_key="packages/*/src/**/*.{md,ts,tsx,scss}"}: Adding "2472258406906638116" ("packages/core/src/components/slider/slider.tsx") to hash
DEBUG nx::native::tasks::hashers::hash_workspace_files: Hashing workspace fileset{cache_key="packages/*/src/**/*.{md,ts,tsx,scss}"}: Adding "5506366149024818022" ("packages/core/src/components/slider/sliderTestUtils.ts") to hash
DEBUG nx::native::tasks::hashers::hash_workspace_files: Hashing workspace fileset{cache_key="packages/*/src/**/*.{md,ts,tsx,scss}"}: Adding "7613421822605182574" ("packages/core/src/components/slider/sliderUtils.ts") to hash
DEBUG nx::native::tasks::hashers::hash_workspace_files: Hashing workspace fileset{cache_key="packages/*/src/**/*.{md,ts,tsx,scss}"}: Adding "6821628249084213357" ("packages/core/src/components/slider/sliders.md") to hash
DEBUG nx::native::tasks::hashers::hash_workspace_files: Hashing workspace fileset{cache_key="packages/*/src/**/*.{md,ts,tsx,scss}"}: Adding "18176702586721110966" ("packages/core/src/components/spinner/_spinner.scss") to hash
DEBUG nx::native::tasks::hashers::hash_workspace_files: Hashing workspace fileset{cache_key="packages/*/src/**/*.{md,ts,tsx,scss}"}: Adding "12939648605183845333" ("packages/core/src/components/spinner/spinner.md") to hash
DEBUG nx::native::tasks::hashers::hash_workspace_files: Hashing workspace fileset{cache_key="packages/*/src/**/*.{md,ts,tsx,scss}"}: Adding "11009283337812171698" ("packages/core/src/components/spinner/spinner.test.tsx") to hash
DEBUG nx::native::tasks::hashers::hash_workspace_files: Hashing workspace fileset{cache_key="packages/*/src/**/*.{md,ts,tsx,scss}"}: Adding "13197408233039242919" ("packages/core/src/components/spinner/spinner.tsx") to hash
DEBUG nx::native::tasks::hashers::hash_workspace_files: Hashing workspace fileset{cache_key="packages/*/src/**/*.{md,ts,tsx,scss}"}: Adding "15962482770244254435" ("packages/core/src/components/tabs/_tabs.scss") to hash
DEBUG nx::native::tasks::hashers::hash_workspace_files: Hashing workspace fileset{cache_key="packages/*/src/**/*.{md,ts,tsx,scss}"}: Adding "11241465857336913281" ("packages/core/src/components/tabs/tab.tsx") to hash
DEBUG nx::native::tasks::hashers::hash_workspace_files: Hashing workspace fileset{cache_key="packages/*/src/**/*.{md,ts,tsx,scss}"}: Adding "4442093348537697288" ("packages/core/src/components/tabs/tabPanel.tsx") to hash
DEBUG nx::native::tasks::hashers::hash_workspace_files: Hashing workspace fileset{cache_key="packages/*/src/**/*.{md,ts,tsx,scss}"}: Adding "8437318833011527758" ("packages/core/src/components/tabs/tabTitle.tsx") to hash
DEBUG nx::native::tasks::hashers::hash_workspace_files: Hashing workspace fileset{cache_key="packages/*/src/**/*.{md,ts,tsx,scss}"}: Adding "1358936455761979141" ("packages/core/src/components/tabs/tabs.md") to hash
DEBUG nx::native::tasks::hashers::hash_workspace_files: Hashing workspace fileset{cache_key="packages/*/src/**/*.{md,ts,tsx,scss}"}: Adding "10536043072967167819" ("packages/core/src/components/tabs/tabs.test.tsx") to hash
DEBUG nx::native::tasks::hashers::hash_workspace_files: Hashing workspace fileset{cache_key="packages/*/src/**/*.{md,ts,tsx,scss}"}: Adding "12070643836932809761" ("packages/core/src/components/tabs/tabs.tsx") to hash
DEBUG nx::native::tasks::hashers::hash_workspace_files: Hashing workspace fileset{cache_key="packages/*/src/**/*.{md,ts,tsx,scss}"}: Adding "16392626272686251903" ("packages/core/src/components/tag/_common.scss") to hash
DEBUG nx::native::tasks::hashers::hash_workspace_files: Hashing workspace fileset{cache_key="packages/*/src/**/*.{md,ts,tsx,scss}"}: Adding "14922263449881670050" ("packages/core/src/components/tag/_compound-tag.scss") to hash
DEBUG nx::native::tasks::hashers::hash_workspace_files: Hashing workspace fileset{cache_key="packages/*/src/**/*.{md,ts,tsx,scss}"}: Adding "5506745823361930942" ("packages/core/src/components/tag/_tag.scss") to hash
DEBUG nx::native::tasks::hashers::hash_workspace_files: Hashing workspace fileset{cache_key="packages/*/src/**/*.{md,ts,tsx,scss}"}: Adding "10473786965790525449" ("packages/core/src/components/tag/compound-tag.md") to hash
DEBUG nx::native::tasks::hashers::hash_workspace_files: Hashing workspace fileset{cache_key="packages/*/src/**/*.{md,ts,tsx,scss}"}: Adding "15686450815583558614" ("packages/core/src/components/tag/compoundTag.test.tsx") to hash
DEBUG nx::native::tasks::hashers::hash_workspace_files: Hashing workspace fileset{cache_key="packages/*/src/**/*.{md,ts,tsx,scss}"}: Adding "16263846017290300490" ("packages/core/src/components/tag/compoundTag.tsx") to hash
DEBUG nx::native::tasks::hashers::hash_workspace_files: Hashing workspace fileset{cache_key="packages/*/src/**/*.{md,ts,tsx,scss}"}: Adding "5391598091624328756" ("packages/core/src/components/tag/tag.md") to hash
DEBUG nx::native::tasks::hashers::hash_workspace_files: Hashing workspace fileset{cache_key="packages/*/src/**/*.{md,ts,tsx,scss}"}: Adding "67997305887808220" ("packages/core/src/components/tag/tag.test.tsx") to hash
DEBUG nx::native::tasks::hashers::hash_workspace_files: Hashing workspace fileset{cache_key="packages/*/src/**/*.{md,ts,tsx,scss}"}: Adding "12055636990557050495" ("packages/core/src/components/tag/tag.tsx") to hash
DEBUG nx::native::tasks::hashers::hash_workspace_files: Hashing workspace fileset{cache_key="packages/*/src/**/*.{md,ts,tsx,scss}"}: Adding "13493806393358334550" ("packages/core/src/components/tag/tagRemoveButton.tsx") to hash
DEBUG nx::native::tasks::hashers::hash_workspace_files: Hashing workspace fileset{cache_key="packages/*/src/**/*.{md,ts,tsx,scss}"}: Adding "1784137367418135170" ("packages/core/src/components/tag/tagSharedProps.ts") to hash
DEBUG nx::native::tasks::hashers::hash_workspace_files: Hashing workspace fileset{cache_key="packages/*/src/**/*.{md,ts,tsx,scss}"}: Adding "9649744817507365219" ("packages/core/src/components/tag-input/_resizable-input.scss") to hash
DEBUG nx::native::tasks::hashers::hash_workspace_files: Hashing workspace fileset{cache_key="packages/*/src/**/*.{md,ts,tsx,scss}"}: Adding "10144928114180999885" ("packages/core/src/components/tag-input/_tag-input.scss") to hash
DEBUG nx::native::tasks::hashers::hash_workspace_files: Hashing workspace fileset{cache_key="packages/*/src/**/*.{md,ts,tsx,scss}"}: Adding "2936505356231757160" ("packages/core/src/components/tag-input/resizableInput.tsx") to hash
DEBUG nx::native::tasks::hashers::hash_workspace_files: Hashing workspace fileset{cache_key="packages/*/src/**/*.{md,ts,tsx,scss}"}: Adding "3471089086450694558" ("packages/core/src/components/tag-input/tag-input.md") to hash
DEBUG nx::native::tasks::hashers::hash_workspace_files: Hashing workspace fileset{cache_key="packages/*/src/**/*.{md,ts,tsx,scss}"}: Adding "7504366663747413002" ("packages/core/src/components/tag-input/tagInput.test.tsx") to hash
DEBUG nx::native::tasks::hashers::hash_workspace_files: Hashing workspace fileset{cache_key="packages/*/src/**/*.{md,ts,tsx,scss}"}: Adding "16615535512328599716" ("packages/core/src/components/tag-input/tagInput.tsx") to hash
DEBUG nx::native::tasks::hashers::hash_workspace_files: Hashing workspace fileset{cache_key="packages/*/src/**/*.{md,ts,tsx,scss}"}: Adding "3835234700231598927" ("packages/core/src/components/text/text.md") to hash
DEBUG nx::native::tasks::hashers::hash_workspace_files: Hashing workspace fileset{cache_key="packages/*/src/**/*.{md,ts,tsx,scss}"}: Adding "16362320975151155646" ("packages/core/src/components/text/text.test.tsx") to hash
DEBUG nx::native::tasks::hashers::hash_workspace_files: Hashing workspace fileset{cache_key="packages/*/src/**/*.{md,ts,tsx,scss}"}: Adding "7472575867079758475" ("packages/core/src/components/text/text.tsx") to hash
DEBUG nx::native::tasks::hashers::hash_workspace_files: Hashing workspace fileset{cache_key="packages/*/src/**/*.{md,ts,tsx,scss}"}: Adding "11390113011516027794" ("packages/core/src/components/toast/_toast.scss") to hash
DEBUG nx::native::tasks::hashers::hash_workspace_files: Hashing workspace fileset{cache_key="packages/*/src/**/*.{md,ts,tsx,scss}"}: Adding "721955814878725015" ("packages/core/src/components/toast/overlayToaster.test.tsx") to hash
DEBUG nx::native::tasks::hashers::hash_workspace_files: Hashing workspace fileset{cache_key="packages/*/src/**/*.{md,ts,tsx,scss}"}: Adding "5593933618705756430" ("packages/core/src/components/toast/overlayToaster.tsx") to hash
DEBUG nx::native::tasks::hashers::hash_workspace_files: Hashing workspace fileset{cache_key="packages/*/src/**/*.{md,ts,tsx,scss}"}: Adding "1418452247070023228" ("packages/core/src/components/toast/overlayToasterProps.ts") to hash
DEBUG nx::native::tasks::hashers::hash_workspace_files: Hashing workspace fileset{cache_key="packages/*/src/**/*.{md,ts,tsx,scss}"}: Adding "4740981703967222262" ("packages/core/src/components/toast/toast.md") to hash
DEBUG nx::native::tasks::hashers::hash_workspace_files: Hashing workspace fileset{cache_key="packages/*/src/**/*.{md,ts,tsx,scss}"}: Adding "4990896811460963231" ("packages/core/src/components/toast/toast.test.tsx") to hash
DEBUG nx::native::tasks::hashers::hash_workspace_files: Hashing workspace fileset{cache_key="packages/*/src/**/*.{md,ts,tsx,scss}"}: Adding "10636579042996164604" ("packages/core/src/components/toast/toast.tsx") to hash
DEBUG nx::native::tasks::hashers::hash_workspace_files: Hashing workspace fileset{cache_key="packages/*/src/**/*.{md,ts,tsx,scss}"}: Adding "15218991560379895664" ("packages/core/src/components/toast/toastProps.ts") to hash
DEBUG nx::native::tasks::hashers::hash_workspace_files: Hashing workspace fileset{cache_key="packages/*/src/**/*.{md,ts,tsx,scss}"}: Adding "14507021600238953683" ("packages/core/src/components/toast/toaster.ts") to hash
DEBUG nx::native::tasks::hashers::hash_workspace_files: Hashing workspace fileset{cache_key="packages/*/src/**/*.{md,ts,tsx,scss}"}: Adding "12484801650998528644" ("packages/core/src/components/tooltip/_common.scss") to hash
DEBUG nx::native::tasks::hashers::hash_workspace_files: Hashing workspace fileset{cache_key="packages/*/src/**/*.{md,ts,tsx,scss}"}: Adding "16708299678592638403" ("packages/core/src/components/tooltip/_tooltip.scss") to hash
DEBUG nx::native::tasks::hashers::hash_workspace_files: Hashing workspace fileset{cache_key="packages/*/src/**/*.{md,ts,tsx,scss}"}: Adding "10795045328534241039" ("packages/core/src/components/tooltip/tooltip.md") to hash
DEBUG nx::native::tasks::hashers::hash_workspace_files: Hashing workspace fileset{cache_key="packages/*/src/**/*.{md,ts,tsx,scss}"}: Adding "17281523568545533825" ("packages/core/src/components/tooltip/tooltip.test.tsx") to hash
DEBUG nx::native::tasks::hashers::hash_workspace_files: Hashing workspace fileset{cache_key="packages/*/src/**/*.{md,ts,tsx,scss}"}: Adding "3185961680679911341" ("packages/core/src/components/tooltip/tooltip.tsx") to hash
DEBUG nx::native::tasks::hashers::hash_workspace_files: Hashing workspace fileset{cache_key="packages/*/src/**/*.{md,ts,tsx,scss}"}: Adding "17749290530034682140" ("packages/core/src/components/tree/_tree.scss") to hash
DEBUG nx::native::tasks::hashers::hash_workspace_files: Hashing workspace fileset{cache_key="packages/*/src/**/*.{md,ts,tsx,scss}"}: Adding "11985319897155861875" ("packages/core/src/components/tree/tree.md") to hash
DEBUG nx::native::tasks::hashers::hash_workspace_files: Hashing workspace fileset{cache_key="packages/*/src/**/*.{md,ts,tsx,scss}"}: Adding "16390870878634879598" ("packages/core/src/components/tree/tree.test.tsx") to hash
DEBUG nx::native::tasks::hashers::hash_workspace_files: Hashing workspace fileset{cache_key="packages/*/src/**/*.{md,ts,tsx,scss}"}: Adding "16625622968944868575" ("packages/core/src/components/tree/tree.tsx") to hash
DEBUG nx::native::tasks::hashers::hash_workspace_files: Hashing workspace fileset{cache_key="packages/*/src/**/*.{md,ts,tsx,scss}"}: Adding "18438840475285235627" ("packages/core/src/components/tree/treeNode.tsx") to hash
DEBUG nx::native::tasks::hashers::hash_workspace_files: Hashing workspace fileset{cache_key="packages/*/src/**/*.{md,ts,tsx,scss}"}: Adding "1653769432920416429" ("packages/core/src/components/tree/treeTypes.ts") to hash
DEBUG nx::native::tasks::hashers::hash_workspace_files: Hashing workspace fileset{cache_key="packages/*/src/**/*.{md,ts,tsx,scss}"}: Adding "4900080581688360998" ("packages/core/src/context/blueprint-provider.md") to hash
DEBUG nx::native::tasks::hashers::hash_workspace_files: Hashing workspace fileset{cache_key="packages/*/src/**/*.{md,ts,tsx,scss}"}: Adding "3131218017252394635" ("packages/core/src/context/blueprintProvider.tsx") to hash
DEBUG nx::native::tasks::hashers::hash_workspace_files: Hashing workspace fileset{cache_key="packages/*/src/**/*.{md,ts,tsx,scss}"}: Adding "16698309017195925308" ("packages/core/src/context/context.md") to hash
DEBUG nx::native::tasks::hashers::hash_workspace_files: Hashing workspace fileset{cache_key="packages/*/src/**/*.{md,ts,tsx,scss}"}: Adding "11341466189013028829" ("packages/core/src/context/hotkeys/hotkeys-provider.md") to hash
DEBUG nx::native::tasks::hashers::hash_workspace_files: Hashing workspace fileset{cache_key="packages/*/src/**/*.{md,ts,tsx,scss}"}: Adding "4951593035418955236" ("packages/core/src/context/hotkeys/hotkeysProvider.tsx") to hash
DEBUG nx::native::tasks::hashers::hash_workspace_files: Hashing workspace fileset{cache_key="packages/*/src/**/*.{md,ts,tsx,scss}"}: Adding "10026585147715987028" ("packages/core/src/context/index.ts") to hash
DEBUG nx::native::tasks::hashers::hash_workspace_files: Hashing workspace fileset{cache_key="packages/*/src/**/*.{md,ts,tsx,scss}"}: Adding "12292523372131123010" ("packages/core/src/context/overlays/overlays-provider.md") to hash
DEBUG nx::native::tasks::hashers::hash_workspace_files: Hashing workspace fileset{cache_key="packages/*/src/**/*.{md,ts,tsx,scss}"}: Adding "12703235846768354317" ("packages/core/src/context/overlays/overlaysProvider.tsx") to hash
DEBUG nx::native::tasks::hashers::hash_workspace_files: Hashing workspace fileset{cache_key="packages/*/src/**/*.{md,ts,tsx,scss}"}: Adding "5779709736423604192" ("packages/core/src/context/portal/portal-provider.md") to hash
DEBUG nx::native::tasks::hashers::hash_workspace_files: Hashing workspace fileset{cache_key="packages/*/src/**/*.{md,ts,tsx,scss}"}: Adding "16518190005121429231" ("packages/core/src/context/portal/portalProvider.tsx") to hash
DEBUG nx::native::tasks::hashers::hash_workspace_files: Hashing workspace fileset{cache_key="packages/*/src/**/*.{md,ts,tsx,scss}"}: Adding "7077233370106786299" ("packages/core/src/design-tokens/README.md") to hash
DEBUG nx::native::tasks::hashers::hash_workspace_files: Hashing workspace fileset{cache_key="packages/*/src/**/*.{md,ts,tsx,scss}"}: Adding "1638936832941843873" ("packages/core/src/design-tokens/USAGE.md") to hash
DEBUG nx::native::tasks::hashers::hash_workspace_files: Hashing workspace fileset{cache_key="packages/*/src/**/*.{md,ts,tsx,scss}"}: Adding "10260170587731037075" ("packages/core/src/design-tokens/build.ts") to hash
DEBUG nx::native::tasks::hashers::hash_workspace_files: Hashing workspace fileset{cache_key="packages/*/src/**/*.{md,ts,tsx,scss}"}: Adding "13958151368914505037" ("packages/core/src/design-tokens/sd.config.ts") to hash
DEBUG nx::native::tasks::hashers::hash_workspace_files: Hashing workspace fileset{cache_key="packages/*/src/**/*.{md,ts,tsx,scss}"}: Adding "3298734440620642891" ("packages/core/src/docs/accessibility.md") to hash
DEBUG nx::native::tasks::hashers::hash_workspace_files: Hashing workspace fileset{cache_key="packages/*/src/**/*.{md,ts,tsx,scss}"}: Adding "17800376572831041389" ("packages/core/src/docs/classes.md") to hash
DEBUG nx::native::tasks::hashers::hash_workspace_files: Hashing workspace fileset{cache_key="packages/*/src/**/*.{md,ts,tsx,scss}"}: Adding "1657651535372985392" ("packages/core/src/docs/colors.md") to hash
DEBUG nx::native::tasks::hashers::hash_workspace_files: Hashing workspace fileset{cache_key="packages/*/src/**/*.{md,ts,tsx,scss}"}: Adding "8303272733602005727" ("packages/core/src/docs/index.md") to hash
DEBUG nx::native::tasks::hashers::hash_workspace_files: Hashing workspace fileset{cache_key="packages/*/src/**/*.{md,ts,tsx,scss}"}: Adding "18155152710161856125" ("packages/core/src/docs/typography.md") to hash
DEBUG nx::native::tasks::hashers::hash_workspace_files: Hashing workspace fileset{cache_key="packages/*/src/**/*.{md,ts,tsx,scss}"}: Adding "12162763857476283803" ("packages/core/src/docs/variables.md") to hash
DEBUG nx::native::tasks::hashers::hash_workspace_files: Hashing workspace fileset{cache_key="packages/*/src/**/*.{md,ts,tsx,scss}"}: Adding "11738331051363593142" ("packages/core/src/hooks/hooks.md") to hash
DEBUG nx::native::tasks::hashers::hash_workspace_files: Hashing workspace fileset{cache_key="packages/*/src/**/*.{md,ts,tsx,scss}"}: Adding "1475487370014965667" ("packages/core/src/hooks/hotkeys/hotkeyConfig.ts") to hash
DEBUG nx::native::tasks::hashers::hash_workspace_files: Hashing workspace fileset{cache_key="packages/*/src/**/*.{md,ts,tsx,scss}"}: Adding "14649046741229378018" ("packages/core/src/hooks/hotkeys/use-hotkeys.md") to hash
DEBUG nx::native::tasks::hashers::hash_workspace_files: Hashing workspace fileset{cache_key="packages/*/src/**/*.{md,ts,tsx,scss}"}: Adding "14637921824172851076" ("packages/core/src/hooks/hotkeys/useHotkeys.ts") to hash
DEBUG nx::native::tasks::hashers::hash_workspace_files: Hashing workspace fileset{cache_key="packages/*/src/**/*.{md,ts,tsx,scss}"}: Adding "16451667848563920523" ("packages/core/src/hooks/index.ts") to hash
DEBUG nx::native::tasks::hashers::hash_workspace_files: Hashing workspace fileset{cache_key="packages/*/src/**/*.{md,ts,tsx,scss}"}: Adding "2345105793872789200" ("packages/core/src/hooks/overlays/use-overlay-stack.md") to hash
DEBUG nx::native::tasks::hashers::hash_workspace_files: Hashing workspace fileset{cache_key="packages/*/src/**/*.{md,ts,tsx,scss}"}: Adding "5793227158651675394" ("packages/core/src/hooks/overlays/useLegacyOverlayStack.ts") to hash
DEBUG nx::native::tasks::hashers::hash_workspace_files: Hashing workspace fileset{cache_key="packages/*/src/**/*.{md,ts,tsx,scss}"}: Adding "12438067515524248026" ("packages/core/src/hooks/overlays/useOverlayStack.ts") to hash
DEBUG nx::native::tasks::hashers::hash_workspace_files: Hashing workspace fileset{cache_key="packages/*/src/**/*.{md,ts,tsx,scss}"}: Adding "2068876672796373786" ("packages/core/src/hooks/useAsyncControllableValue.ts") to hash
DEBUG nx::native::tasks::hashers::hash_workspace_files: Hashing workspace fileset{cache_key="packages/*/src/**/*.{md,ts,tsx,scss}"}: Adding "4315215424300511267" ("packages/core/src/hooks/useHotkeys.test.tsx") to hash
DEBUG nx::native::tasks::hashers::hash_workspace_files: Hashing workspace fileset{cache_key="packages/*/src/**/*.{md,ts,tsx,scss}"}: Adding "5293847442946361024" ("packages/core/src/hooks/useIsomorphicLayoutEffect.ts") to hash
DEBUG nx::native::tasks::hashers::hash_workspace_files: Hashing workspace fileset{cache_key="packages/*/src/**/*.{md,ts,tsx,scss}"}: Adding "8437167925985263468" ("packages/core/src/hooks/useOverlayStack.test.tsx") to hash
DEBUG nx::native::tasks::hashers::hash_workspace_files: Hashing workspace fileset{cache_key="packages/*/src/**/*.{md,ts,tsx,scss}"}: Adding "1495449375486427275" ("packages/core/src/hooks/usePrevious.ts") to hash
DEBUG nx::native::tasks::hashers::hash_workspace_files: Hashing workspace fileset{cache_key="packages/*/src/**/*.{md,ts,tsx,scss}"}: Adding "17205000052448989009" ("packages/core/src/hooks/useTimeout.ts") to hash
DEBUG nx::native::tasks::hashers::hash_workspace_files: Hashing workspace fileset{cache_key="packages/*/src/**/*.{md,ts,tsx,scss}"}: Adding "2433377074353135837" ("packages/core/src/hooks/useValidateProps.test.tsx") to hash
DEBUG nx::native::tasks::hashers::hash_workspace_files: Hashing workspace fileset{cache_key="packages/*/src/**/*.{md,ts,tsx,scss}"}: Adding "12691380600031774840" ("packages/core/src/hooks/useValidateProps.ts") to hash
DEBUG nx::native::tasks::hashers::hash_workspace_files: Hashing workspace fileset{cache_key="packages/*/src/**/*.{md,ts,tsx,scss}"}: Adding "3857925274037164414" ("packages/core/src/index.ts") to hash
DEBUG nx::native::tasks::hashers::hash_workspace_files: Hashing workspace fileset{cache_key="packages/*/src/**/*.{md,ts,tsx,scss}"}: Adding "4077573862672042584" ("packages/core/src/isotest.test.ts") to hash
DEBUG nx::native::tasks::hashers::hash_workspace_files: Hashing workspace fileset{cache_key="packages/*/src/**/*.{md,ts,tsx,scss}"}: Adding "18015242157433384701" ("packages/core/src/vitest-env.d.ts") to hash
DEBUG nx::native::tasks::hashers::hash_workspace_files: Hashing workspace fileset{cache_key="packages/*/src/**/*.{md,ts,tsx,scss}"}: Adding "10181878288634117565" ("packages/datetime/src/_common.scss") to hash
DEBUG nx::native::tasks::hashers::hash_workspace_files: Hashing workspace fileset{cache_key="packages/*/src/**/*.{md,ts,tsx,scss}"}: Adding "2320340364314347960" ("packages/datetime/src/blueprint-datetime.scss") to hash
DEBUG nx::native::tasks::hashers::hash_workspace_files: Hashing workspace fileset{cache_key="packages/*/src/**/*.{md,ts,tsx,scss}"}: Adding "1474854470197322469" ("packages/datetime/src/common/_react-day-picker-overrides.scss") to hash
DEBUG nx::native::tasks::hashers::hash_workspace_files: Hashing workspace fileset{cache_key="packages/*/src/**/*.{md,ts,tsx,scss}"}: Adding "5172937852634436407" ("packages/datetime/src/common/classes.ts") to hash
DEBUG nx::native::tasks::hashers::hash_workspace_files: Hashing workspace fileset{cache_key="packages/*/src/**/*.{md,ts,tsx,scss}"}: Adding "17956135850369782790" ("packages/datetime/src/common/dateFnsFormatUtils.ts") to hash
DEBUG nx::native::tasks::hashers::hash_workspace_files: Hashing workspace fileset{cache_key="packages/*/src/**/*.{md,ts,tsx,scss}"}: Adding "7136807203712097728" ("packages/datetime/src/common/dateFnsLocaleProps.ts") to hash
DEBUG nx::native::tasks::hashers::hash_workspace_files: Hashing workspace fileset{cache_key="packages/*/src/**/*.{md,ts,tsx,scss}"}: Adding "10084075368031730251" ("packages/datetime/src/common/dateFnsLocaleUtils.ts") to hash
DEBUG nx::native::tasks::hashers::hash_workspace_files: Hashing workspace fileset{cache_key="packages/*/src/**/*.{md,ts,tsx,scss}"}: Adding "3544411694295014869" ("packages/datetime/src/common/dateFormatProps.test.ts") to hash
DEBUG nx::native::tasks::hashers::hash_workspace_files: Hashing workspace fileset{cache_key="packages/*/src/**/*.{md,ts,tsx,scss}"}: Adding "17561951966437634758" ("packages/datetime/src/common/dateFormatProps.tsx") to hash
DEBUG nx::native::tasks::hashers::hash_workspace_files: Hashing workspace fileset{cache_key="packages/*/src/**/*.{md,ts,tsx,scss}"}: Adding "2608525016180432415" ("packages/datetime/src/common/dateFormatTestUtils.ts") to hash
DEBUG nx::native::tasks::hashers::hash_workspace_files: Hashing workspace fileset{cache_key="packages/*/src/**/*.{md,ts,tsx,scss}"}: Adding "8125394115570688711" ("packages/datetime/src/common/datePickerBaseProps.ts") to hash
DEBUG nx::native::tasks::hashers::hash_workspace_files: Hashing workspace fileset{cache_key="packages/*/src/**/*.{md,ts,tsx,scss}"}: Adding "3188263065722405095" ("packages/datetime/src/common/dateRange.ts") to hash
DEBUG nx::native::tasks::hashers::hash_workspace_files: Hashing workspace fileset{cache_key="packages/*/src/**/*.{md,ts,tsx,scss}"}: Adding "12890521920416194135" ("packages/datetime/src/common/dateRangeSelectionStrategy.ts") to hash
DEBUG nx::native::tasks::hashers::hash_workspace_files: Hashing workspace fileset{cache_key="packages/*/src/**/*.{md,ts,tsx,scss}"}: Adding "3882864387337411073" ("packages/datetime/src/common/dateUtils.test.tsx") to hash
DEBUG nx::native::tasks::hashers::hash_workspace_files: Hashing workspace fileset{cache_key="packages/*/src/**/*.{md,ts,tsx,scss}"}: Adding "6321347864551968304" ("packages/datetime/src/common/dateUtils.ts") to hash
DEBUG nx::native::tasks::hashers::hash_workspace_files: Hashing workspace fileset{cache_key="packages/*/src/**/*.{md,ts,tsx,scss}"}: Adding "1706119861570950558" ("packages/datetime/src/common/datetimePopoverProps.ts") to hash
DEBUG nx::native::tasks::hashers::hash_workspace_files: Hashing workspace fileset{cache_key="packages/*/src/**/*.{md,ts,tsx,scss}"}: Adding "7797320984037023624" ("packages/datetime/src/common/dayPickerModifiers.ts") to hash
DEBUG nx::native::tasks::hashers::hash_workspace_files: Hashing workspace fileset{cache_key="packages/*/src/**/*.{md,ts,tsx,scss}"}: Adding "3883563622153797903" ("packages/datetime/src/common/dayPickerTestUtils.ts") to hash
DEBUG nx::native::tasks::hashers::hash_workspace_files: Hashing workspace fileset{cache_key="packages/*/src/**/*.{md,ts,tsx,scss}"}: Adding "16608161160660194179" ("packages/datetime/src/common/errors.ts") to hash
DEBUG nx::native::tasks::hashers::hash_workspace_files: Hashing workspace fileset{cache_key="packages/*/src/**/*.{md,ts,tsx,scss}"}: Adding "11520225052505938603" ("packages/datetime/src/common/getTimezone.ts") to hash
DEBUG nx::native::tasks::hashers::hash_workspace_files: Hashing workspace fileset{cache_key="packages/*/src/**/*.{md,ts,tsx,scss}"}: Adding "10919777210931651107" ("packages/datetime/src/common/index.ts") to hash
DEBUG nx::native::tasks::hashers::hash_workspace_files: Hashing workspace fileset{cache_key="packages/*/src/**/*.{md,ts,tsx,scss}"}: Adding "7503752124249764042" ("packages/datetime/src/common/loadDateFnsLocaleFake.ts") to hash
DEBUG nx::native::tasks::hashers::hash_workspace_files: Hashing workspace fileset{cache_key="packages/*/src/**/*.{md,ts,tsx,scss}"}: Adding "6477270059104918539" ("packages/datetime/src/common/monthAndYear.ts") to hash
DEBUG nx::native::tasks::hashers::hash_workspace_files: Hashing workspace fileset{cache_key="packages/*/src/**/*.{md,ts,tsx,scss}"}: Adding "4284978443299343312" ("packages/datetime/src/common/months.ts") to hash
DEBUG nx::native::tasks::hashers::hash_workspace_files: Hashing workspace fileset{cache_key="packages/*/src/**/*.{md,ts,tsx,scss}"}: Adding "6866520979632622311" ("packages/datetime/src/common/reactDayPickerProps.ts") to hash
DEBUG nx::native::tasks::hashers::hash_workspace_files: Hashing workspace fileset{cache_key="packages/*/src/**/*.{md,ts,tsx,scss}"}: Adding "3437253475533862567" ("packages/datetime/src/common/reactDayPickerUtils.ts") to hash
DEBUG nx::native::tasks::hashers::hash_workspace_files: Hashing workspace fileset{cache_key="packages/*/src/**/*.{md,ts,tsx,scss}"}: Adding "8180181891571170462" ("packages/datetime/src/common/timePickerProps.ts") to hash
DEBUG nx::native::tasks::hashers::hash_workspace_files: Hashing workspace fileset{cache_key="packages/*/src/**/*.{md,ts,tsx,scss}"}: Adding "1426848226632171198" ("packages/datetime/src/common/timePrecision.ts") to hash
DEBUG nx::native::tasks::hashers::hash_workspace_files: Hashing workspace fileset{cache_key="packages/*/src/**/*.{md,ts,tsx,scss}"}: Adding "12268906037584438079" ("packages/datetime/src/common/timeUnit.ts") to hash
DEBUG nx::native::tasks::hashers::hash_workspace_files: Hashing workspace fileset{cache_key="packages/*/src/**/*.{md,ts,tsx,scss}"}: Adding "14096724445494022988" ("packages/datetime/src/common/timezoneDisplayFormat.ts") to hash
DEBUG nx::native::tasks::hashers::hash_workspace_files: Hashing workspace fileset{cache_key="packages/*/src/**/*.{md,ts,tsx,scss}"}: Adding "15307258114050617193" ("packages/datetime/src/common/timezoneItems.ts") to hash
DEBUG nx::native::tasks::hashers::hash_workspace_files: Hashing workspace fileset{cache_key="packages/*/src/**/*.{md,ts,tsx,scss}"}: Adding "2735612329105224757" ("packages/datetime/src/common/timezoneMetadata.test.ts") to hash
DEBUG nx::native::tasks::hashers::hash_workspace_files: Hashing workspace fileset{cache_key="packages/*/src/**/*.{md,ts,tsx,scss}"}: Adding "16445426737751454101" ("packages/datetime/src/common/timezoneMetadata.ts") to hash
DEBUG nx::native::tasks::hashers::hash_workspace_files: Hashing workspace fileset{cache_key="packages/*/src/**/*.{md,ts,tsx,scss}"}: Adding "3276800657829586085" ("packages/datetime/src/common/timezoneNameUtils.ts") to hash
DEBUG nx::native::tasks::hashers::hash_workspace_files: Hashing workspace fileset{cache_key="packages/*/src/**/*.{md,ts,tsx,scss}"}: Adding "5660140135862686164" ("packages/datetime/src/common/timezoneOffsetUtils.ts") to hash
DEBUG nx::native::tasks::hashers::hash_workspace_files: Hashing workspace fileset{cache_key="packages/*/src/**/*.{md,ts,tsx,scss}"}: Adding "11304792093144453873" ("packages/datetime/src/common/timezoneTypes.ts") to hash
DEBUG nx::native::tasks::hashers::hash_workspace_files: Hashing workspace fileset{cache_key="packages/*/src/**/*.{md,ts,tsx,scss}"}: Adding "4026067663958695113" ("packages/datetime/src/common/timezoneUtils.test.ts") to hash
DEBUG nx::native::tasks::hashers::hash_workspace_files: Hashing workspace fileset{cache_key="packages/*/src/**/*.{md,ts,tsx,scss}"}: Adding "13206763044800906735" ("packages/datetime/src/common/timezoneUtils.ts") to hash
DEBUG nx::native::tasks::hashers::hash_workspace_files: Hashing workspace fileset{cache_key="packages/*/src/**/*.{md,ts,tsx,scss}"}: Adding "3423414478337992302" ("packages/datetime/src/common/useMonthSelectRightOffset.ts") to hash
DEBUG nx::native::tasks::hashers::hash_workspace_files: Hashing workspace fileset{cache_key="packages/*/src/**/*.{md,ts,tsx,scss}"}: Adding "9660694330395329886" ("packages/datetime/src/common/utils.ts") to hash
DEBUG nx::native::tasks::hashers::hash_workspace_files: Hashing workspace fileset{cache_key="packages/*/src/**/*.{md,ts,tsx,scss}"}: Adding "11553484688806794290" ("packages/datetime/src/components/date-input/_date-input.scss") to hash
DEBUG nx::native::tasks::hashers::hash_workspace_files: Hashing workspace fileset{cache_key="packages/*/src/**/*.{md,ts,tsx,scss}"}: Adding "12560644275820623287" ("packages/datetime/src/components/date-input/date-input.md") to hash
DEBUG nx::native::tasks::hashers::hash_workspace_files: Hashing workspace fileset{cache_key="packages/*/src/**/*.{md,ts,tsx,scss}"}: Adding "11612116516294361687" ("packages/datetime/src/components/date-input/dateInput.test.tsx") to hash
DEBUG nx::native::tasks::hashers::hash_workspace_files: Hashing workspace fileset{cache_key="packages/*/src/**/*.{md,ts,tsx,scss}"}: Adding "6349416290380380926" ("packages/datetime/src/components/date-input/dateInput.tsx") to hash
DEBUG nx::native::tasks::hashers::hash_workspace_files: Hashing workspace fileset{cache_key="packages/*/src/**/*.{md,ts,tsx,scss}"}: Adding "13140098759204539021" ("packages/datetime/src/components/date-input/dateInputProps.ts") to hash
DEBUG nx::native::tasks::hashers::hash_workspace_files: Hashing workspace fileset{cache_key="packages/*/src/**/*.{md,ts,tsx,scss}"}: Adding "3924627510317307122" ("packages/datetime/src/components/date-input/useDateFormatter.ts") to hash
DEBUG nx::native::tasks::hashers::hash_workspace_files: Hashing workspace fileset{cache_key="packages/*/src/**/*.{md,ts,tsx,scss}"}: Adding "4719213252155234103" ("packages/datetime/src/components/date-input/useDateParser.ts") to hash
DEBUG nx::native::tasks::hashers::hash_workspace_files: Hashing workspace fileset{cache_key="packages/*/src/**/*.{md,ts,tsx,scss}"}: Adding "5799843469780275092" ("packages/datetime/src/components/date-picker/_date-picker-caption.scss") to hash
DEBUG nx::native::tasks::hashers::hash_workspace_files: Hashing workspace fileset{cache_key="packages/*/src/**/*.{md,ts,tsx,scss}"}: Adding "3216625031491416209" ("packages/datetime/src/components/date-picker/_date-picker.scss") to hash
DEBUG nx::native::tasks::hashers::hash_workspace_files: Hashing workspace fileset{cache_key="packages/*/src/**/*.{md,ts,tsx,scss}"}: Adding "13544541184992485213" ("packages/datetime/src/components/date-picker/date-picker.md") to hash
DEBUG nx::native::tasks::hashers::hash_workspace_files: Hashing workspace fileset{cache_key="packages/*/src/**/*.{md,ts,tsx,scss}"}: Adding "5821009838345538742" ("packages/datetime/src/components/date-picker/datePicker.test.tsx") to hash
DEBUG nx::native::tasks::hashers::hash_workspace_files: Hashing workspace fileset{cache_key="packages/*/src/**/*.{md,ts,tsx,scss}"}: Adding "9458962606810036383" ("packages/datetime/src/components/date-picker/datePicker.tsx") to hash
DEBUG nx::native::tasks::hashers::hash_workspace_files: Hashing workspace fileset{cache_key="packages/*/src/**/*.{md,ts,tsx,scss}"}: Adding "17875667350380879905" ("packages/datetime/src/components/date-picker/datePickerContext.tsx") to hash
DEBUG nx::native::tasks::hashers::hash_workspace_files: Hashing workspace fileset{cache_key="packages/*/src/**/*.{md,ts,tsx,scss}"}: Adding "17147973505039692978" ("packages/datetime/src/components/date-picker/datePickerProps.ts") to hash
DEBUG nx::native::tasks::hashers::hash_workspace_files: Hashing workspace fileset{cache_key="packages/*/src/**/*.{md,ts,tsx,scss}"}: Adding "3282362476033636117" ("packages/datetime/src/components/date-picker/datePickerState.ts") to hash
DEBUG nx::native::tasks::hashers::hash_workspace_files: Hashing workspace fileset{cache_key="packages/*/src/**/*.{md,ts,tsx,scss}"}: Adding "7509848242418687998" ("packages/datetime/src/components/date-picker/datePickerUtils.ts") to hash
DEBUG nx::native::tasks::hashers::hash_workspace_files: Hashing workspace fileset{cache_key="packages/*/src/**/*.{md,ts,tsx,scss}"}: Adding "10850549073726368579" ("packages/datetime/src/components/date-range-input/date-range-input.md") to hash
DEBUG nx::native::tasks::hashers::hash_workspace_files: Hashing workspace fileset{cache_key="packages/*/src/**/*.{md,ts,tsx,scss}"}: Adding "8068512215369119386" ("packages/datetime/src/components/date-range-input/dateRangeInput.test.tsx") to hash
DEBUG nx::native::tasks::hashers::hash_workspace_files: Hashing workspace fileset{cache_key="packages/*/src/**/*.{md,ts,tsx,scss}"}: Adding "11584442490623242948" ("packages/datetime/src/components/date-range-input/dateRangeInput.tsx") to hash
DEBUG nx::native::tasks::hashers::hash_workspace_files: Hashing workspace fileset{cache_key="packages/*/src/**/*.{md,ts,tsx,scss}"}: Adding "15601711103045578542" ("packages/datetime/src/components/date-range-input/dateRangeInputProps.ts") to hash
DEBUG nx::native::tasks::hashers::hash_workspace_files: Hashing workspace fileset{cache_key="packages/*/src/**/*.{md,ts,tsx,scss}"}: Adding "2804833591087157744" ("packages/datetime/src/components/date-range-input/dateRangeInputState.ts") to hash
DEBUG nx::native::tasks::hashers::hash_workspace_files: Hashing workspace fileset{cache_key="packages/*/src/**/*.{md,ts,tsx,scss}"}: Adding "4006539495442730512" ("packages/datetime/src/components/date-range-input/dateRangeInputUilts.ts") to hash
DEBUG nx::native::tasks::hashers::hash_workspace_files: Hashing workspace fileset{cache_key="packages/*/src/**/*.{md,ts,tsx,scss}"}: Adding "7729886675051134103" ("packages/datetime/src/components/date-range-picker/_date-range-picker.scss") to hash
DEBUG nx::native::tasks::hashers::hash_workspace_files: Hashing workspace fileset{cache_key="packages/*/src/**/*.{md,ts,tsx,scss}"}: Adding "16732705570650007372" ("packages/datetime/src/components/date-range-picker/contiguousDayRangePicker.tsx") to hash
DEBUG nx::native::tasks::hashers::hash_workspace_files: Hashing workspace fileset{cache_key="packages/*/src/**/*.{md,ts,tsx,scss}"}: Adding "16138443729798413957" ("packages/datetime/src/components/date-range-picker/date-range-picker.md") to hash
DEBUG nx::native::tasks::hashers::hash_workspace_files: Hashing workspace fileset{cache_key="packages/*/src/**/*.{md,ts,tsx,scss}"}: Adding "613729644808309875" ("packages/datetime/src/components/date-range-picker/dateRangePicker.test.tsx") to hash
DEBUG nx::native::tasks::hashers::hash_workspace_files: Hashing workspace fileset{cache_key="packages/*/src/**/*.{md,ts,tsx,scss}"}: Adding "15084520574807703783" ("packages/datetime/src/components/date-range-picker/dateRangePicker.tsx") to hash
DEBUG nx::native::tasks::hashers::hash_workspace_files: Hashing workspace fileset{cache_key="packages/*/src/**/*.{md,ts,tsx,scss}"}: Adding "6244269985306598143" ("packages/datetime/src/components/date-range-picker/dateRangePickerProps.ts") to hash
DEBUG nx::native::tasks::hashers::hash_workspace_files: Hashing workspace fileset{cache_key="packages/*/src/**/*.{md,ts,tsx,scss}"}: Adding "5589661667294704137" ("packages/datetime/src/components/date-range-picker/dateRangePickerState.ts") to hash
DEBUG nx::native::tasks::hashers::hash_workspace_files: Hashing workspace fileset{cache_key="packages/*/src/**/*.{md,ts,tsx,scss}"}: Adding "9385285608967283856" ("packages/datetime/src/components/date-range-picker/dayRangePickerProps.ts") to hash
DEBUG nx::native::tasks::hashers::hash_workspace_files: Hashing workspace fileset{cache_key="packages/*/src/**/*.{md,ts,tsx,scss}"}: Adding "7879623616772172941" ("packages/datetime/src/components/date-range-picker/nonContiguousDayRangePicker.tsx") to hash
DEBUG nx::native::tasks::hashers::hash_workspace_files: Hashing workspace fileset{cache_key="packages/*/src/**/*.{md,ts,tsx,scss}"}: Adding "9571221077626537040" ("packages/datetime/src/components/dateConstants.ts") to hash
DEBUG nx::native::tasks::hashers::hash_workspace_files: Hashing workspace fileset{cache_key="packages/*/src/**/*.{md,ts,tsx,scss}"}: Adding "14007553136125647603" ("packages/datetime/src/components/dateFnsLocalizedComponent.tsx") to hash
DEBUG nx::native::tasks::hashers::hash_workspace_files: Hashing workspace fileset{cache_key="packages/*/src/**/*.{md,ts,tsx,scss}"}: Adding "17738663678850060165" ("packages/datetime/src/components/react-day-picker/datePickerCaption.tsx") to hash
DEBUG nx::native::tasks::hashers::hash_workspace_files: Hashing workspace fileset{cache_key="packages/*/src/**/*.{md,ts,tsx,scss}"}: Adding "12527721385834586932" ("packages/datetime/src/components/react-day-picker/datePickerDropdown.tsx") to hash
DEBUG nx::native::tasks::hashers::hash_workspace_files: Hashing workspace fileset{cache_key="packages/*/src/**/*.{md,ts,tsx,scss}"}: Adding "4712279143237912423" ("packages/datetime/src/components/react-day-picker/datePickerNavIcons.tsx") to hash
DEBUG nx::native::tasks::hashers::hash_workspace_files: Hashing workspace fileset{cache_key="packages/*/src/**/*.{md,ts,tsx,scss}"}: Adding "8298769383496385336" ("packages/datetime/src/components/shortcuts/shortcuts.tsx") to hash
DEBUG nx::native::tasks::hashers::hash_workspace_files: Hashing workspace fileset{cache_key="packages/*/src/**/*.{md,ts,tsx,scss}"}: Adding "12508287517867601375" ("packages/datetime/src/components/time-picker/_time-picker.scss") to hash
DEBUG nx::native::tasks::hashers::hash_workspace_files: Hashing workspace fileset{cache_key="packages/*/src/**/*.{md,ts,tsx,scss}"}: Adding "17535179575671752578" ("packages/datetime/src/components/time-picker/timePicker.test.tsx") to hash
DEBUG nx::native::tasks::hashers::hash_workspace_files: Hashing workspace fileset{cache_key="packages/*/src/**/*.{md,ts,tsx,scss}"}: Adding "5064650267074778725" ("packages/datetime/src/components/time-picker/timePicker.tsx") to hash
DEBUG nx::native::tasks::hashers::hash_workspace_files: Hashing workspace fileset{cache_key="packages/*/src/**/*.{md,ts,tsx,scss}"}: Adding "546374696218230230" ("packages/datetime/src/components/time-picker/timepicker.md") to hash
DEBUG nx::native::tasks::hashers::hash_workspace_files: Hashing workspace fileset{cache_key="packages/*/src/**/*.{md,ts,tsx,scss}"}: Adding "12616623209738081" ("packages/datetime/src/components/timezone-select/timezone-select.md") to hash
DEBUG nx::native::tasks::hashers::hash_workspace_files: Hashing workspace fileset{cache_key="packages/*/src/**/*.{md,ts,tsx,scss}"}: Adding "1831444447471780075" ("packages/datetime/src/components/timezone-select/timezoneSelect.test.tsx") to hash
DEBUG nx::native::tasks::hashers::hash_workspace_files: Hashing workspace fileset{cache_key="packages/*/src/**/*.{md,ts,tsx,scss}"}: Adding "1170254690886085050" ("packages/datetime/src/components/timezone-select/timezoneSelect.tsx") to hash
DEBUG nx::native::tasks::hashers::hash_workspace_files: Hashing workspace fileset{cache_key="packages/*/src/**/*.{md,ts,tsx,scss}"}: Adding "9637704494462488475" ("packages/datetime/src/dateInputMigrationUtils.test.tsx") to hash
DEBUG nx::native::tasks::hashers::hash_workspace_files: Hashing workspace fileset{cache_key="packages/*/src/**/*.{md,ts,tsx,scss}"}: Adding "9105059027065303787" ("packages/datetime/src/dateInputMigrationUtils.ts") to hash
DEBUG nx::native::tasks::hashers::hash_workspace_files: Hashing workspace fileset{cache_key="packages/*/src/**/*.{md,ts,tsx,scss}"}: Adding "1873327003984141408" ("packages/datetime/src/index.md") to hash
DEBUG nx::native::tasks::hashers::hash_workspace_files: Hashing workspace fileset{cache_key="packages/*/src/**/*.{md,ts,tsx,scss}"}: Adding "12867135248897596345" ("packages/datetime/src/index.ts") to hash
DEBUG nx::native::tasks::hashers::hash_workspace_files: Hashing workspace fileset{cache_key="packages/*/src/**/*.{md,ts,tsx,scss}"}: Adding "9643448918034738941" ("packages/datetime/src/isotest.test.ts") to hash
DEBUG nx::native::tasks::hashers::hash_workspace_files: Hashing workspace fileset{cache_key="packages/*/src/**/*.{md,ts,tsx,scss}"}: Adding "18015242157433384701" ("packages/datetime/src/vitest-env.d.ts") to hash
DEBUG nx::native::tasks::hashers::hash_workspace_files: Hashing workspace fileset{cache_key="packages/*/src/**/*.{md,ts,tsx,scss}"}: Adding "7987966207876962575" ("packages/datetime2/src/blueprint-datetime2.scss") to hash
DEBUG nx::native::tasks::hashers::hash_workspace_files: Hashing workspace fileset{cache_key="packages/*/src/**/*.{md,ts,tsx,scss}"}: Adding "15069242038789499372" ("packages/datetime2/src/classes.ts") to hash
DEBUG nx::native::tasks::hashers::hash_workspace_files: Hashing workspace fileset{cache_key="packages/*/src/**/*.{md,ts,tsx,scss}"}: Adding "1474854470197322469" ("packages/datetime2/src/common/_react-day-picker-overrides.scss") to hash
DEBUG nx::native::tasks::hashers::hash_workspace_files: Hashing workspace fileset{cache_key="packages/*/src/**/*.{md,ts,tsx,scss}"}: Adding "15496615768639546701" ("packages/datetime2/src/components/date-picker3/_date-picker3-caption.scss") to hash
DEBUG nx::native::tasks::hashers::hash_workspace_files: Hashing workspace fileset{cache_key="packages/*/src/**/*.{md,ts,tsx,scss}"}: Adding "3215470104234354540" ("packages/datetime2/src/components/date-picker3/_date-picker3.scss") to hash
DEBUG nx::native::tasks::hashers::hash_workspace_files: Hashing workspace fileset{cache_key="packages/*/src/**/*.{md,ts,tsx,scss}"}: Adding "15010888599670572273" ("packages/datetime2/src/components/date-range-picker3/_date-range-picker3.scss") to hash
DEBUG nx::native::tasks::hashers::hash_workspace_files: Hashing workspace fileset{cache_key="packages/*/src/**/*.{md,ts,tsx,scss}"}: Adding "9449357980950211400" ("packages/datetime2/src/index.ts") to hash
DEBUG nx::native::tasks::hashers::hash_workspace_files: Hashing workspace fileset{cache_key="packages/*/src/**/*.{md,ts,tsx,scss}"}: Adding "3421873345843955295" ("packages/demo-app/src/index.scss") to hash
DEBUG nx::native::tasks::hashers::hash_workspace_files: Hashing workspace fileset{cache_key="packages/*/src/**/*.{md,ts,tsx,scss}"}: Adding "1176997590634498362" ("packages/demo-app/src/index.tsx") to hash
DEBUG nx::native::tasks::hashers::hash_workspace_files: Hashing workspace fileset{cache_key="packages/*/src/**/*.{md,ts,tsx,scss}"}: Adding "16426273974863117526" ("packages/demo-app/src/styles/_examples.scss") to hash
DEBUG nx::native::tasks::hashers::hash_workspace_files: Hashing workspace fileset{cache_key="packages/*/src/**/*.{md,ts,tsx,scss}"}: Adding "13881261731228036078" ("packages/demo-app/src/styles.d.ts") to hash
DEBUG nx::native::tasks::hashers::hash_workspace_files: Hashing workspace fileset{cache_key="packages/*/src/**/*.{md,ts,tsx,scss}"}: Adding "7131569833434804890" ("packages/demo-icon-comparison/src/App.tsx") to hash
DEBUG nx::native::tasks::hashers::hash_workspace_files: Hashing workspace fileset{cache_key="packages/*/src/**/*.{md,ts,tsx,scss}"}: Adding "13093145379486776110" ("packages/demo-icon-comparison/src/components/AlgorithmDrawer.tsx") to hash
DEBUG nx::native::tasks::hashers::hash_workspace_files: Hashing workspace fileset{cache_key="packages/*/src/**/*.{md,ts,tsx,scss}"}: Adding "1075313846466772258" ("packages/demo-icon-comparison/src/components/IconComparisonCard.tsx") to hash
DEBUG nx::native::tasks::hashers::hash_workspace_files: Hashing workspace fileset{cache_key="packages/*/src/**/*.{md,ts,tsx,scss}"}: Adding "10468366776361434774" ("packages/demo-icon-comparison/src/components/LoadingState.module.scss") to hash
DEBUG nx::native::tasks::hashers::hash_workspace_files: Hashing workspace fileset{cache_key="packages/*/src/**/*.{md,ts,tsx,scss}"}: Adding "15070712105591417632" ("packages/demo-icon-comparison/src/components/LoadingState.tsx") to hash
DEBUG nx::native::tasks::hashers::hash_workspace_files: Hashing workspace fileset{cache_key="packages/*/src/**/*.{md,ts,tsx,scss}"}: Adding "17023686802374175401" ("packages/demo-icon-comparison/src/components/NameChangeReview.tsx") to hash
DEBUG nx::native::tasks::hashers::hash_workspace_files: Hashing workspace fileset{cache_key="packages/*/src/**/*.{md,ts,tsx,scss}"}: Adding "16147922585486235050" ("packages/demo-icon-comparison/src/components/Skeleton.module.scss") to hash
DEBUG nx::native::tasks::hashers::hash_workspace_files: Hashing workspace fileset{cache_key="packages/*/src/**/*.{md,ts,tsx,scss}"}: Adding "2350401105828264565" ("packages/demo-icon-comparison/src/components/Skeleton.tsx") to hash
DEBUG nx::native::tasks::hashers::hash_workspace_files: Hashing workspace fileset{cache_key="packages/*/src/**/*.{md,ts,tsx,scss}"}: Adding "214413841328796916" ("packages/demo-icon-comparison/src/global.d.ts") to hash
DEBUG nx::native::tasks::hashers::hash_workspace_files: Hashing workspace fileset{cache_key="packages/*/src/**/*.{md,ts,tsx,scss}"}: Adding "4361147625825442772" ("packages/demo-icon-comparison/src/index.tsx") to hash
DEBUG nx::native::tasks::hashers::hash_workspace_files: Hashing workspace fileset{cache_key="packages/*/src/**/*.{md,ts,tsx,scss}"}: Adding "879297708327682794" ("packages/demo-icon-comparison/src/styles.module.scss") to hash
DEBUG nx::native::tasks::hashers::hash_workspace_files: Hashing workspace fileset{cache_key="packages/*/src/**/*.{md,ts,tsx,scss}"}: Adding "3855716888102416883" ("packages/demo-icon-comparison/src/types.ts") to hash
DEBUG nx::native::tasks::hashers::hash_workspace_files: Hashing workspace fileset{cache_key="packages/*/src/**/*.{md,ts,tsx,scss}"}: Adding "4589661353495336002" ("packages/demo-icon-comparison/src/utils/algorithmAnalyzer.ts") to hash
DEBUG nx::native::tasks::hashers::hash_workspace_files: Hashing workspace fileset{cache_key="packages/*/src/**/*.{md,ts,tsx,scss}"}: Adding "8164048608109398879" ("packages/demo-icon-comparison/src/utils/claudeAPIClient.ts") to hash
DEBUG nx::native::tasks::hashers::hash_workspace_files: Hashing workspace fileset{cache_key="packages/*/src/**/*.{md,ts,tsx,scss}"}: Adding "17851604853127756139" ("packages/demo-icon-comparison/src/utils/exportInteractiveHTML.ts") to hash
DEBUG nx::native::tasks::hashers::hash_workspace_files: Hashing workspace fileset{cache_key="packages/*/src/**/*.{md,ts,tsx,scss}"}: Adding "2634125810805245830" ("packages/demo-icon-comparison/src/utils/iconAnalysis.ts") to hash
DEBUG nx::native::tasks::hashers::hash_workspace_files: Hashing workspace fileset{cache_key="packages/*/src/**/*.{md,ts,tsx,scss}"}: Adding "15716717384567055796" ("packages/docs-app/src/_nav.md") to hash
DEBUG nx::native::tasks::hashers::hash_workspace_files: Hashing workspace fileset{cache_key="packages/*/src/**/*.{md,ts,tsx,scss}"}: Adding "9983363351723133705" ("packages/docs-app/src/blueprint.md") to hash
DEBUG nx::native::tasks::hashers::hash_workspace_files: Hashing workspace fileset{cache_key="packages/*/src/**/*.{md,ts,tsx,scss}"}: Adding "241987424222961070" ("packages/docs-app/src/common/RadioSelect.tsx") to hash
DEBUG nx::native::tasks::hashers::hash_workspace_files: Hashing workspace fileset{cache_key="packages/*/src/**/*.{md,ts,tsx,scss}"}: Adding "10456365547271617376" ("packages/docs-app/src/common/dateFnsLocaleSelect.tsx") to hash
DEBUG nx::native::tasks::hashers::hash_workspace_files: Hashing workspace fileset{cache_key="packages/*/src/**/*.{md,ts,tsx,scss}"}: Adding "666354515621877491" ("packages/docs-app/src/common/dateFormatSelector.tsx") to hash
DEBUG nx::native::tasks::hashers::hash_workspace_files: Hashing workspace fileset{cache_key="packages/*/src/**/*.{md,ts,tsx,scss}"}: Adding "11578194390615655420" ("packages/docs-app/src/common/formattedDateRange.tsx") to hash
DEBUG nx::native::tasks::hashers::hash_workspace_files: Hashing workspace fileset{cache_key="packages/*/src/**/*.{md,ts,tsx,scss}"}: Adding "17204244515474672782" ("packages/docs-app/src/common/formattedDateTag.tsx") to hash
DEBUG nx::native::tasks::hashers::hash_workspace_files: Hashing workspace fileset{cache_key="packages/*/src/**/*.{md,ts,tsx,scss}"}: Adding "17529238033542208087" ("packages/docs-app/src/common/propCodeTooltip.tsx") to hash
DEBUG nx::native::tasks::hashers::hash_workspace_files: Hashing workspace fileset{cache_key="packages/*/src/**/*.{md,ts,tsx,scss}"}: Adding "9619829498560962433" ("packages/docs-app/src/components/blueprintDocs.tsx") to hash
DEBUG nx::native::tasks::hashers::hash_workspace_files: Hashing workspace fileset{cache_key="packages/*/src/**/*.{md,ts,tsx,scss}"}: Adding "10082747312801203462" ("packages/docs-app/src/components/clickToCopy.tsx") to hash
DEBUG nx::native::tasks::hashers::hash_workspace_files: Hashing workspace fileset{cache_key="packages/*/src/**/*.{md,ts,tsx,scss}"}: Adding "2347063092871851100" ("packages/docs-app/src/components/colorPalettes.tsx") to hash
DEBUG nx::native::tasks::hashers::hash_workspace_files: Hashing workspace fileset{cache_key="packages/*/src/**/*.{md,ts,tsx,scss}"}: Adding "10644775533920224095" ("packages/docs-app/src/components/colorSchemes.tsx") to hash
DEBUG nx::native::tasks::hashers::hash_workspace_files: Hashing workspace fileset{cache_key="packages/*/src/**/*.{md,ts,tsx,scss}"}: Adding "6863960783631602618" ("packages/docs-app/src/components/copyableImportButton.tsx") to hash
DEBUG nx::native::tasks::hashers::hash_workspace_files: Hashing workspace fileset{cache_key="packages/*/src/**/*.{md,ts,tsx,scss}"}: Adding "9499880667998832753" ("packages/docs-app/src/components/docsIcon.tsx") to hash
DEBUG nx::native::tasks::hashers::hash_workspace_files: Hashing workspace fileset{cache_key="packages/*/src/**/*.{md,ts,tsx,scss}"}: Adding "14323853012985441896" ("packages/docs-app/src/components/icons.tsx") to hash
DEBUG nx::native::tasks::hashers::hash_workspace_files: Hashing workspace fileset{cache_key="packages/*/src/**/*.{md,ts,tsx,scss}"}: Adding "8086401008569292505" ("packages/docs-app/src/components/logo.tsx") to hash
DEBUG nx::native::tasks::hashers::hash_workspace_files: Hashing workspace fileset{cache_key="packages/*/src/**/*.{md,ts,tsx,scss}"}: Adding "6871668887728214542" ("packages/docs-app/src/components/navHeader.tsx") to hash
DEBUG nx::native::tasks::hashers::hash_workspace_files: Hashing workspace fileset{cache_key="packages/*/src/**/*.{md,ts,tsx,scss}"}: Adding "10711267144104886440" ("packages/docs-app/src/components/navIcons.tsx") to hash
DEBUG nx::native::tasks::hashers::hash_workspace_files: Hashing workspace fileset{cache_key="packages/*/src/**/*.{md,ts,tsx,scss}"}: Adding "4783884995098548155" ("packages/docs-app/src/components/welcome.tsx") to hash
DEBUG nx::native::tasks::hashers::hash_workspace_files: Hashing workspace fileset{cache_key="packages/*/src/**/*.{md,ts,tsx,scss}"}: Adding "17839467976266648761" ("packages/docs-app/src/getting-started.md") to hash
DEBUG nx::native::tasks::hashers::hash_workspace_files: Hashing workspace fileset{cache_key="packages/*/src/**/*.{md,ts,tsx,scss}"}: Adding "13565490364285530078" ("packages/docs-app/src/index.scss") to hash
DEBUG nx::native::tasks::hashers::hash_workspace_files: Hashing workspace fileset{cache_key="packages/*/src/**/*.{md,ts,tsx,scss}"}: Adding "3452717710745079089" ("packages/docs-app/src/index.tsx") to hash
DEBUG nx::native::tasks::hashers::hash_workspace_files: Hashing workspace fileset{cache_key="packages/*/src/**/*.{md,ts,tsx,scss}"}: Adding "9432931582087490434" ("packages/docs-app/src/principles.md") to hash
DEBUG nx::native::tasks::hashers::hash_workspace_files: Hashing workspace fileset{cache_key="packages/*/src/**/*.{md,ts,tsx,scss}"}: Adding "2284052881910059461" ("packages/docs-app/src/reading-the-docs.md") to hash
DEBUG nx::native::tasks::hashers::hash_workspace_files: Hashing workspace fileset{cache_key="packages/*/src/**/*.{md,ts,tsx,scss}"}: Adding "15361117107220691683" ("packages/docs-app/src/styles/_colors.scss") to hash
DEBUG nx::native::tasks::hashers::hash_workspace_files: Hashing workspace fileset{cache_key="packages/*/src/**/*.{md,ts,tsx,scss}"}: Adding "16335774272370915156" ("packages/docs-app/src/styles/_copyable-import.scss") to hash
DEBUG nx::native::tasks::hashers::hash_workspace_files: Hashing workspace fileset{cache_key="packages/*/src/**/*.{md,ts,tsx,scss}"}: Adding "18202727025474212788" ("packages/docs-app/src/styles/_examples.scss") to hash
DEBUG nx::native::tasks::hashers::hash_workspace_files: Hashing workspace fileset{cache_key="packages/*/src/**/*.{md,ts,tsx,scss}"}: Adding "6443156336658060879" ("packages/docs-app/src/styles/_icons.scss") to hash
DEBUG nx::native::tasks::hashers::hash_workspace_files: Hashing workspace fileset{cache_key="packages/*/src/**/*.{md,ts,tsx,scss}"}: Adding "13011470541153222922" ("packages/docs-app/src/styles/_nav.scss") to hash
DEBUG nx::native::tasks::hashers::hash_workspace_files: Hashing workspace fileset{cache_key="packages/*/src/**/*.{md,ts,tsx,scss}"}: Adding "13087972175903476949" ("packages/docs-app/src/styles/_welcome.scss") to hash
DEBUG nx::native::tasks::hashers::hash_workspace_files: Hashing workspace fileset{cache_key="packages/*/src/**/*.{md,ts,tsx,scss}"}: Adding "3512738617289481408" ("packages/docs-app/src/styles/syntaxHighlighting.ts") to hash
DEBUG nx::native::tasks::hashers::hash_workspace_files: Hashing workspace fileset{cache_key="packages/*/src/**/*.{md,ts,tsx,scss}"}: Adding "16237295882810782846" ("packages/docs-app/src/tags/reactDocs.ts") to hash
DEBUG nx::native::tasks::hashers::hash_workspace_files: Hashing workspace fileset{cache_key="packages/*/src/**/*.{md,ts,tsx,scss}"}: Adding "6563684921861050819" ("packages/docs-app/src/tags/reactExamples.ts") to hash
DEBUG nx::native::tasks::hashers::hash_workspace_files: Hashing workspace fileset{cache_key="packages/*/src/**/*.{md,ts,tsx,scss}"}: Adding "3707604177795657194" ("packages/docs-app/src/tags/types.ts") to hash
DEBUG nx::native::tasks::hashers::hash_workspace_files: Hashing workspace fileset{cache_key="packages/*/src/**/*.{md,ts,tsx,scss}"}: Adding "13270694826840343741" ("packages/docs-app/src/types/raw-imports.d.ts") to hash
DEBUG nx::native::tasks::hashers::hash_workspace_files: Hashing workspace fileset{cache_key="packages/*/src/**/*.{md,ts,tsx,scss}"}: Adding "5134215557504229969" ("packages/docs-data/src/index.d.ts") to hash
DEBUG nx::native::tasks::hashers::hash_workspace_files: Hashing workspace fileset{cache_key="packages/*/src/**/*.{md,ts,tsx,scss}"}: Adding "17147139348707473053" ("packages/docs-theme/src/common/classes.ts") to hash
DEBUG nx::native::tasks::hashers::hash_workspace_files: Hashing workspace fileset{cache_key="packages/*/src/**/*.{md,ts,tsx,scss}"}: Adding "7002033391738900247" ("packages/docs-theme/src/common/constants.ts") to hash
DEBUG nx::native::tasks::hashers::hash_workspace_files: Hashing workspace fileset{cache_key="packages/*/src/**/*.{md,ts,tsx,scss}"}: Adding "3476522255914251450" ("packages/docs-theme/src/common/context.ts") to hash
DEBUG nx::native::tasks::hashers::hash_workspace_files: Hashing workspace fileset{cache_key="packages/*/src/**/*.{md,ts,tsx,scss}"}: Adding "8531225251558262686" ("packages/docs-theme/src/common/documentalistUtils.ts") to hash
DEBUG nx::native::tasks::hashers::hash_workspace_files: Hashing workspace fileset{cache_key="packages/*/src/**/*.{md,ts,tsx,scss}"}: Adding "5791188689229053692" ("packages/docs-theme/src/common/eventHandlerUtils.ts") to hash
DEBUG nx::native::tasks::hashers::hash_workspace_files: Hashing workspace fileset{cache_key="packages/*/src/**/*.{md,ts,tsx,scss}"}: Adding "8524192730096081531" ("packages/docs-theme/src/common/index.ts") to hash
DEBUG nx::native::tasks::hashers::hash_workspace_files: Hashing workspace fileset{cache_key="packages/*/src/**/*.{md,ts,tsx,scss}"}: Adding "10034561492962763954" ("packages/docs-theme/src/common/sandbox.ts") to hash
DEBUG nx::native::tasks::hashers::hash_workspace_files: Hashing workspace fileset{cache_key="packages/*/src/**/*.{md,ts,tsx,scss}"}: Adding "10337079468888508131" ("packages/docs-theme/src/common/stringUtils.ts") to hash
DEBUG nx::native::tasks::hashers::hash_workspace_files: Hashing workspace fileset{cache_key="packages/*/src/**/*.{md,ts,tsx,scss}"}: Adding "7027338700212425548" ("packages/docs-theme/src/common/themeContext.tsx") to hash
DEBUG nx::native::tasks::hashers::hash_workspace_files: Hashing workspace fileset{cache_key="packages/*/src/**/*.{md,ts,tsx,scss}"}: Adding "16790081863516025371" ("packages/docs-theme/src/components/banner.tsx") to hash
DEBUG nx::native::tasks::hashers::hash_workspace_files: Hashing workspace fileset{cache_key="packages/*/src/**/*.{md,ts,tsx,scss}"}: Adding "12313484788750758401" ("packages/docs-theme/src/components/block.tsx") to hash
DEBUG nx::native::tasks::hashers::hash_workspace_files: Hashing workspace fileset{cache_key="packages/*/src/**/*.{md,ts,tsx,scss}"}: Adding "6703877514973791435" ("packages/docs-theme/src/components/codeExample.tsx") to hash
DEBUG nx::native::tasks::hashers::hash_workspace_files: Hashing workspace fileset{cache_key="packages/*/src/**/*.{md,ts,tsx,scss}"}: Adding "18118476007391725308" ("packages/docs-theme/src/components/documentation.tsx") to hash
DEBUG nx::native::tasks::hashers::hash_workspace_files: Hashing workspace fileset{cache_key="packages/*/src/**/*.{md,ts,tsx,scss}"}: Adding "2761307543812889422" ("packages/docs-theme/src/components/example.tsx") to hash
DEBUG nx::native::tasks::hashers::hash_workspace_files: Hashing workspace fileset{cache_key="packages/*/src/**/*.{md,ts,tsx,scss}"}: Adding "18308065196245905785" ("packages/docs-theme/src/components/modifierTable.tsx") to hash
DEBUG nx::native::tasks::hashers::hash_workspace_files: Hashing workspace fileset{cache_key="packages/*/src/**/*.{md,ts,tsx,scss}"}: Adding "9504433550403513961" ("packages/docs-theme/src/components/navButton.tsx") to hash
DEBUG nx::native::tasks::hashers::hash_workspace_files: Hashing workspace fileset{cache_key="packages/*/src/**/*.{md,ts,tsx,scss}"}: Adding "3794052877115543104" ("packages/docs-theme/src/components/navMenu.tsx") to hash
DEBUG nx::native::tasks::hashers::hash_workspace_files: Hashing workspace fileset{cache_key="packages/*/src/**/*.{md,ts,tsx,scss}"}: Adding "17959811024581196774" ("packages/docs-theme/src/components/navMenuItem.tsx") to hash
DEBUG nx::native::tasks::hashers::hash_workspace_files: Hashing workspace fileset{cache_key="packages/*/src/**/*.{md,ts,tsx,scss}"}: Adding "6180903176613543036" ("packages/docs-theme/src/components/navigator.tsx") to hash
DEBUG nx::native::tasks::hashers::hash_workspace_files: Hashing workspace fileset{cache_key="packages/*/src/**/*.{md,ts,tsx,scss}"}: Adding "16284339632565091453" ("packages/docs-theme/src/components/page.tsx") to hash
DEBUG nx::native::tasks::hashers::hash_workspace_files: Hashing workspace fileset{cache_key="packages/*/src/**/*.{md,ts,tsx,scss}"}: Adding "9698159849855647686" ("packages/docs-theme/src/components/scrollbar.ts") to hash
DEBUG nx::native::tasks::hashers::hash_workspace_files: Hashing workspace fileset{cache_key="packages/*/src/**/*.{md,ts,tsx,scss}"}: Adding "14517492750043842219" ("packages/docs-theme/src/components/typescript/apiHeader.tsx") to hash
DEBUG nx::native::tasks::hashers::hash_workspace_files: Hashing workspace fileset{cache_key="packages/*/src/**/*.{md,ts,tsx,scss}"}: Adding "7042735975662005091" ("packages/docs-theme/src/components/typescript/apiLink.tsx") to hash
DEBUG nx::native::tasks::hashers::hash_workspace_files: Hashing workspace fileset{cache_key="packages/*/src/**/*.{md,ts,tsx,scss}"}: Adding "14275215014582712558" ("packages/docs-theme/src/components/typescript/deprecatedTag.tsx") to hash
DEBUG nx::native::tasks::hashers::hash_workspace_files: Hashing workspace fileset{cache_key="packages/*/src/**/*.{md,ts,tsx,scss}"}: Adding "11848325716523503239" ("packages/docs-theme/src/components/typescript/enumTable.tsx") to hash
DEBUG nx::native::tasks::hashers::hash_workspace_files: Hashing workspace fileset{cache_key="packages/*/src/**/*.{md,ts,tsx,scss}"}: Adding "1660725230661855356" ("packages/docs-theme/src/components/typescript/interfaceTable.tsx") to hash
DEBUG nx::native::tasks::hashers::hash_workspace_files: Hashing workspace fileset{cache_key="packages/*/src/**/*.{md,ts,tsx,scss}"}: Adding "7930649718688021367" ("packages/docs-theme/src/components/typescript/methodTable.tsx") to hash
DEBUG nx::native::tasks::hashers::hash_workspace_files: Hashing workspace fileset{cache_key="packages/*/src/**/*.{md,ts,tsx,scss}"}: Adding "9242211761117319156" ("packages/docs-theme/src/components/typescript/typeAliasTable.tsx") to hash
DEBUG nx::native::tasks::hashers::hash_workspace_files: Hashing workspace fileset{cache_key="packages/*/src/**/*.{md,ts,tsx,scss}"}: Adding "15223272781740916582" ("packages/docs-theme/src/docs-theme.scss") to hash
DEBUG nx::native::tasks::hashers::hash_workspace_files: Hashing workspace fileset{cache_key="packages/*/src/**/*.{md,ts,tsx,scss}"}: Adding "8479729614890562292" ("packages/docs-theme/src/index.ts") to hash
DEBUG nx::native::tasks::hashers::hash_workspace_files: Hashing workspace fileset{cache_key="packages/*/src/**/*.{md,ts,tsx,scss}"}: Adding "8106156473632789344" ("packages/docs-theme/src/styles/_api.scss") to hash
DEBUG nx::native::tasks::hashers::hash_workspace_files: Hashing workspace fileset{cache_key="packages/*/src/**/*.{md,ts,tsx,scss}"}: Adding "11188934221256370552" ("packages/docs-theme/src/styles/_banner.scss") to hash
DEBUG nx::native::tasks::hashers::hash_workspace_files: Hashing workspace fileset{cache_key="packages/*/src/**/*.{md,ts,tsx,scss}"}: Adding "7341296895698907665" ("packages/docs-theme/src/styles/_code-block.scss") to hash
DEBUG nx::native::tasks::hashers::hash_workspace_files: Hashing workspace fileset{cache_key="packages/*/src/**/*.{md,ts,tsx,scss}"}: Adding "16854473231376640395" ("packages/docs-theme/src/styles/_code-example.scss") to hash
DEBUG nx::native::tasks::hashers::hash_workspace_files: Hashing workspace fileset{cache_key="packages/*/src/**/*.{md,ts,tsx,scss}"}: Adding "7541199138284818844" ("packages/docs-theme/src/styles/_content.scss") to hash
DEBUG nx::native::tasks::hashers::hash_workspace_files: Hashing workspace fileset{cache_key="packages/*/src/**/*.{md,ts,tsx,scss}"}: Adding "16178588482223155819" ("packages/docs-theme/src/styles/_examples.scss") to hash
DEBUG nx::native::tasks::hashers::hash_workspace_files: Hashing workspace fileset{cache_key="packages/*/src/**/*.{md,ts,tsx,scss}"}: Adding "16843277749146842357" ("packages/docs-theme/src/styles/_layout.scss") to hash
DEBUG nx::native::tasks::hashers::hash_workspace_files: Hashing workspace fileset{cache_key="packages/*/src/**/*.{md,ts,tsx,scss}"}: Adding "18103940124312756004" ("packages/docs-theme/src/styles/_navbar.scss") to hash
DEBUG nx::native::tasks::hashers::hash_workspace_files: Hashing workspace fileset{cache_key="packages/*/src/**/*.{md,ts,tsx,scss}"}: Adding "7753407274453416229" ("packages/docs-theme/src/styles/_navigator.scss") to hash
DEBUG nx::native::tasks::hashers::hash_workspace_files: Hashing workspace fileset{cache_key="packages/*/src/**/*.{md,ts,tsx,scss}"}: Adding "357272858780420768" ("packages/docs-theme/src/styles/_overrides.scss") to hash
DEBUG nx::native::tasks::hashers::hash_workspace_files: Hashing workspace fileset{cache_key="packages/*/src/**/*.{md,ts,tsx,scss}"}: Adding "13354397661431195407" ("packages/docs-theme/src/styles/_props.scss") to hash
DEBUG nx::native::tasks::hashers::hash_workspace_files: Hashing workspace fileset{cache_key="packages/*/src/**/*.{md,ts,tsx,scss}"}: Adding "17460031217536483961" ("packages/docs-theme/src/styles/_variables.scss") to hash
DEBUG nx::native::tasks::hashers::hash_workspace_files: Hashing workspace fileset{cache_key="packages/*/src/**/*.{md,ts,tsx,scss}"}: Adding "12517181740762414247" ("packages/docs-theme/src/tags/css.tsx") to hash
DEBUG nx::native::tasks::hashers::hash_workspace_files: Hashing workspace fileset{cache_key="packages/*/src/**/*.{md,ts,tsx,scss}"}: Adding "11818064515103772054" ("packages/docs-theme/src/tags/defaults.ts") to hash
DEBUG nx::native::tasks::hashers::hash_workspace_files: Hashing workspace fileset{cache_key="packages/*/src/**/*.{md,ts,tsx,scss}"}: Adding "13931617946474963165" ("packages/docs-theme/src/tags/heading.tsx") to hash
DEBUG nx::native::tasks::hashers::hash_workspace_files: Hashing workspace fileset{cache_key="packages/*/src/**/*.{md,ts,tsx,scss}"}: Adding "6584789232990784280" ("packages/docs-theme/src/tags/index.ts") to hash
DEBUG nx::native::tasks::hashers::hash_workspace_files: Hashing workspace fileset{cache_key="packages/*/src/**/*.{md,ts,tsx,scss}"}: Adding "9906186011044558983" ("packages/docs-theme/src/tags/method.tsx") to hash
DEBUG nx::native::tasks::hashers::hash_workspace_files: Hashing workspace fileset{cache_key="packages/*/src/**/*.{md,ts,tsx,scss}"}: Adding "2358156036965924478" ("packages/docs-theme/src/tags/reactCodeExample.tsx") to hash
DEBUG nx::native::tasks::hashers::hash_workspace_files: Hashing workspace fileset{cache_key="packages/*/src/**/*.{md,ts,tsx,scss}"}: Adding "13287752824749085000" ("packages/docs-theme/src/tags/reactDocs.tsx") to hash
DEBUG nx::native::tasks::hashers::hash_workspace_files: Hashing workspace fileset{cache_key="packages/*/src/**/*.{md,ts,tsx,scss}"}: Adding "9335528067768059887" ("packages/docs-theme/src/tags/reactExample.tsx") to hash
DEBUG nx::native::tasks::hashers::hash_workspace_files: Hashing workspace fileset{cache_key="packages/*/src/**/*.{md,ts,tsx,scss}"}: Adding "14533088549401599519" ("packages/docs-theme/src/tags/see.tsx") to hash
DEBUG nx::native::tasks::hashers::hash_workspace_files: Hashing workspace fileset{cache_key="packages/*/src/**/*.{md,ts,tsx,scss}"}: Adding "9983205730217777369" ("packages/docs-theme/src/tags/typescript.tsx") to hash
DEBUG nx::native::tasks::hashers::hash_workspace_files: Hashing workspace fileset{cache_key="packages/*/src/**/*.{md,ts,tsx,scss}"}: Adding "15246769328719569769" ("packages/eslint-plugin/src/index.ts") to hash
DEBUG nx::native::tasks::hashers::hash_workspace_files: Hashing workspace fileset{cache_key="packages/*/src/**/*.{md,ts,tsx,scss}"}: Adding "13973135407838218541" ("packages/eslint-plugin/src/rules/classes-constants.ts") to hash
DEBUG nx::native::tasks::hashers::hash_workspace_files: Hashing workspace fileset{cache_key="packages/*/src/**/*.{md,ts,tsx,scss}"}: Adding "4336426923611086597" ("packages/eslint-plugin/src/rules/html-components.ts") to hash
DEBUG nx::native::tasks::hashers::hash_workspace_files: Hashing workspace fileset{cache_key="packages/*/src/**/*.{md,ts,tsx,scss}"}: Adding "16499731657572309852" ("packages/eslint-plugin/src/rules/icon-components.ts") to hash
DEBUG nx::native::tasks::hashers::hash_workspace_files: Hashing workspace fileset{cache_key="packages/*/src/**/*.{md,ts,tsx,scss}"}: Adding "7874326321298562978" ("packages/eslint-plugin/src/rules/index.ts") to hash
DEBUG nx::native::tasks::hashers::hash_workspace_files: Hashing workspace fileset{cache_key="packages/*/src/**/*.{md,ts,tsx,scss}"}: Adding "17255113883003385238" ("packages/eslint-plugin/src/rules/no-deprecated-components/createNoDeprecatedComponentsRule.ts") to hash
DEBUG nx::native::tasks::hashers::hash_workspace_files: Hashing workspace fileset{cache_key="packages/*/src/**/*.{md,ts,tsx,scss}"}: Adding "5264900448218391591" ("packages/eslint-plugin/src/rules/no-deprecated-components/index.ts") to hash
DEBUG nx::native::tasks::hashers::hash_workspace_files: Hashing workspace fileset{cache_key="packages/*/src/**/*.{md,ts,tsx,scss}"}: Adding "1300453487756139977" ("packages/eslint-plugin/src/rules/no-deprecated-components/no-deprecated-components.ts") to hash
DEBUG nx::native::tasks::hashers::hash_workspace_files: Hashing workspace fileset{cache_key="packages/*/src/**/*.{md,ts,tsx,scss}"}: Adding "14940139971054190006" ("packages/eslint-plugin/src/rules/no-deprecated-components/no-deprecated-core-components.ts") to hash
DEBUG nx::native::tasks::hashers::hash_workspace_files: Hashing workspace fileset{cache_key="packages/*/src/**/*.{md,ts,tsx,scss}"}: Adding "16420596937824362676" ("packages/eslint-plugin/src/rules/no-deprecated-components/no-deprecated-datetime2-components.ts") to hash
DEBUG nx::native::tasks::hashers::hash_workspace_files: Hashing workspace fileset{cache_key="packages/*/src/**/*.{md,ts,tsx,scss}"}: Adding "59916026489605913" ("packages/eslint-plugin/src/rules/no-deprecated-components/no-deprecated-popover2-components.ts") to hash
DEBUG nx::native::tasks::hashers::hash_workspace_files: Hashing workspace fileset{cache_key="packages/*/src/**/*.{md,ts,tsx,scss}"}: Adding "5577124725175490787" ("packages/eslint-plugin/src/rules/no-deprecated-components/no-deprecated-select-components.ts") to hash
DEBUG nx::native::tasks::hashers::hash_workspace_files: Hashing workspace fileset{cache_key="packages/*/src/**/*.{md,ts,tsx,scss}"}: Adding "1298328169939436411" ("packages/eslint-plugin/src/rules/no-deprecated-components/no-deprecated-table-components.ts") to hash
DEBUG nx::native::tasks::hashers::hash_workspace_files: Hashing workspace fileset{cache_key="packages/*/src/**/*.{md,ts,tsx,scss}"}: Adding "16300624305159936703" ("packages/eslint-plugin/src/rules/no-deprecated-type-references.ts") to hash
DEBUG nx::native::tasks::hashers::hash_workspace_files: Hashing workspace fileset{cache_key="packages/*/src/**/*.{md,ts,tsx,scss}"}: Adding "7813405909740952790" ("packages/eslint-plugin/src/rules/utils/addImportToFile.ts") to hash
DEBUG nx::native::tasks::hashers::hash_workspace_files: Hashing workspace fileset{cache_key="packages/*/src/**/*.{md,ts,tsx,scss}"}: Adding "15704034548244738905" ("packages/eslint-plugin/src/rules/utils/createRule.ts") to hash
DEBUG nx::native::tasks::hashers::hash_workspace_files: Hashing workspace fileset{cache_key="packages/*/src/**/*.{md,ts,tsx,scss}"}: Adding "18319188194796691862" ("packages/eslint-plugin/src/rules/utils/fixList.ts") to hash
DEBUG nx::native::tasks::hashers::hash_workspace_files: Hashing workspace fileset{cache_key="packages/*/src/**/*.{md,ts,tsx,scss}"}: Adding "8221327686933842629" ("packages/eslint-plugin/src/rules/utils/getAllIdentifiersInFile.ts") to hash
DEBUG nx::native::tasks::hashers::hash_workspace_files: Hashing workspace fileset{cache_key="packages/*/src/**/*.{md,ts,tsx,scss}"}: Adding "6868512982591273864" ("packages/eslint-plugin/src/rules/utils/getProgram.ts") to hash
DEBUG nx::native::tasks::hashers::hash_workspace_files: Hashing workspace fileset{cache_key="packages/*/src/**/*.{md,ts,tsx,scss}"}: Adding "7374262143684876591" ("packages/eslint-plugin/src/rules/utils/isIdentifierNode.ts") to hash
DEBUG nx::native::tasks::hashers::hash_workspace_files: Hashing workspace fileset{cache_key="packages/*/src/**/*.{md,ts,tsx,scss}"}: Adding "18040199241519436347" ("packages/eslint-plugin/src/rules/utils/replaceImportInFile.ts") to hash
DEBUG nx::native::tasks::hashers::hash_workspace_files: Hashing workspace fileset{cache_key="packages/*/src/**/*.{md,ts,tsx,scss}"}: Adding "16231239513650060151" ("packages/icons/src/allPaths.ts") to hash
DEBUG nx::native::tasks::hashers::hash_workspace_files: Hashing workspace fileset{cache_key="packages/*/src/**/*.{md,ts,tsx,scss}"}: Adding "11973614724138732949" ("packages/icons/src/blueprint-icons.scss") to hash
DEBUG nx::native::tasks::hashers::hash_workspace_files: Hashing workspace fileset{cache_key="packages/*/src/**/*.{md,ts,tsx,scss}"}: Adding "5540131644371582195" ("packages/icons/src/classes.ts") to hash
DEBUG nx::native::tasks::hashers::hash_workspace_files: Hashing workspace fileset{cache_key="packages/*/src/**/*.{md,ts,tsx,scss}"}: Adding "2556759431986702128" ("packages/icons/src/iconCodepoints.ts") to hash
DEBUG nx::native::tasks::hashers::hash_workspace_files: Hashing workspace fileset{cache_key="packages/*/src/**/*.{md,ts,tsx,scss}"}: Adding "12682679362858653328" ("packages/icons/src/iconLoader.ts") to hash
DEBUG nx::native::tasks::hashers::hash_workspace_files: Hashing workspace fileset{cache_key="packages/*/src/**/*.{md,ts,tsx,scss}"}: Adding "1212568587053232804" ("packages/icons/src/iconNames.ts") to hash
DEBUG nx::native::tasks::hashers::hash_workspace_files: Hashing workspace fileset{cache_key="packages/*/src/**/*.{md,ts,tsx,scss}"}: Adding "6591574557659026498" ("packages/icons/src/iconTypes.ts") to hash
DEBUG nx::native::tasks::hashers::hash_workspace_files: Hashing workspace fileset{cache_key="packages/*/src/**/*.{md,ts,tsx,scss}"}: Adding "10343462959159037101" ("packages/icons/src/icons-list.md") to hash
DEBUG nx::native::tasks::hashers::hash_workspace_files: Hashing workspace fileset{cache_key="packages/*/src/**/*.{md,ts,tsx,scss}"}: Adding "17089258805608081837" ("packages/icons/src/index.md") to hash
DEBUG nx::native::tasks::hashers::hash_workspace_files: Hashing workspace fileset{cache_key="packages/*/src/**/*.{md,ts,tsx,scss}"}: Adding "4260046228510114622" ("packages/icons/src/index.ts") to hash
DEBUG nx::native::tasks::hashers::hash_workspace_files: Hashing workspace fileset{cache_key="packages/*/src/**/*.{md,ts,tsx,scss}"}: Adding "1417178568516675921" ("packages/icons/src/jsUtils.ts") to hash
DEBUG nx::native::tasks::hashers::hash_workspace_files: Hashing workspace fileset{cache_key="packages/*/src/**/*.{md,ts,tsx,scss}"}: Adding "1158016272994762587" ("packages/icons/src/loaderUtils.ts") to hash
DEBUG nx::native::tasks::hashers::hash_workspace_files: Hashing workspace fileset{cache_key="packages/*/src/**/*.{md,ts,tsx,scss}"}: Adding "12009567618111231740" ("packages/icons/src/loading-icons.md") to hash
DEBUG nx::native::tasks::hashers::hash_workspace_files: Hashing workspace fileset{cache_key="packages/*/src/**/*.{md,ts,tsx,scss}"}: Adding "16311682198151973331" ("packages/icons/src/paths-loaders/allPathsLoader.ts") to hash
DEBUG nx::native::tasks::hashers::hash_workspace_files: Hashing workspace fileset{cache_key="packages/*/src/**/*.{md,ts,tsx,scss}"}: Adding "12111923024914324455" ("packages/icons/src/paths-loaders/splitPathsBySizeLoader.ts") to hash
DEBUG nx::native::tasks::hashers::hash_workspace_files: Hashing workspace fileset{cache_key="packages/*/src/**/*.{md,ts,tsx,scss}"}: Adding "10121973728572649638" ("packages/icons/src/svgIconContainer.tsx") to hash
DEBUG nx::native::tasks::hashers::hash_workspace_files: Hashing workspace fileset{cache_key="packages/*/src/**/*.{md,ts,tsx,scss}"}: Adding "3267654295761212181" ("packages/icons/src/svgIconProps.ts") to hash
DEBUG nx::native::tasks::hashers::hash_workspace_files: Hashing workspace fileset{cache_key="packages/*/src/**/*.{md,ts,tsx,scss}"}: Adding "14859845730023050848" ("packages/icons/src/templates/_lib_variables.scss") to hash
DEBUG nx::native::tasks::hashers::hash_workspace_files: Hashing workspace fileset{cache_key="packages/*/src/**/*.{md,ts,tsx,scss}"}: Adding "8316383410728901926" ("packages/icons/src/type-utils/camel-case.ts") to hash
DEBUG nx::native::tasks::hashers::hash_workspace_files: Hashing workspace fileset{cache_key="packages/*/src/**/*.{md,ts,tsx,scss}"}: Adding "2764835199816703275" ("packages/icons/src/type-utils/delimiter-case.ts") to hash
DEBUG nx::native::tasks::hashers::hash_workspace_files: Hashing workspace fileset{cache_key="packages/*/src/**/*.{md,ts,tsx,scss}"}: Adding "2525072996860989479" ("packages/icons/src/type-utils/includes.ts") to hash
DEBUG nx::native::tasks::hashers::hash_workspace_files: Hashing workspace fileset{cache_key="packages/*/src/**/*.{md,ts,tsx,scss}"}: Adding "6651705818791835255" ("packages/icons/src/type-utils/index.ts") to hash
DEBUG nx::native::tasks::hashers::hash_workspace_files: Hashing workspace fileset{cache_key="packages/*/src/**/*.{md,ts,tsx,scss}"}: Adding "2174696730671038109" ("packages/icons/src/type-utils/pascal-case.ts") to hash
DEBUG nx::native::tasks::hashers::hash_workspace_files: Hashing workspace fileset{cache_key="packages/*/src/**/*.{md,ts,tsx,scss}"}: Adding "3381451691375062164" ("packages/icons/src/type-utils/screaming-snake-case.ts") to hash
DEBUG nx::native::tasks::hashers::hash_workspace_files: Hashing workspace fileset{cache_key="packages/*/src/**/*.{md,ts,tsx,scss}"}: Adding "17683664633946684392" ("packages/icons/src/type-utils/snake-case.ts") to hash
DEBUG nx::native::tasks::hashers::hash_workspace_files: Hashing workspace fileset{cache_key="packages/*/src/**/*.{md,ts,tsx,scss}"}: Adding "3544483315962272625" ("packages/icons/src/type-utils/sourceUtilities.ts") to hash
DEBUG nx::native::tasks::hashers::hash_workspace_files: Hashing workspace fileset{cache_key="packages/*/src/**/*.{md,ts,tsx,scss}"}: Adding "8542932358874862280" ("packages/icons/src/type-utils/utilities.ts") to hash
DEBUG nx::native::tasks::hashers::hash_workspace_files: Hashing workspace fileset{cache_key="packages/*/src/**/*.{md,ts,tsx,scss}"}: Adding "9046346826597721360" ("packages/labs/src/_common.scss") to hash
DEBUG nx::native::tasks::hashers::hash_workspace_files: Hashing workspace fileset{cache_key="packages/*/src/**/*.{md,ts,tsx,scss}"}: Adding "16933641102502382936" ("packages/labs/src/blueprint-labs.scss") to hash
DEBUG nx::native::tasks::hashers::hash_workspace_files: Hashing workspace fileset{cache_key="packages/*/src/**/*.{md,ts,tsx,scss}"}: Adding "2150388516514867426" ("packages/labs/src/common/classes.ts") to hash
DEBUG nx::native::tasks::hashers::hash_workspace_files: Hashing workspace fileset{cache_key="packages/*/src/**/*.{md,ts,tsx,scss}"}: Adding "17505568502911800756" ("packages/labs/src/common/index.ts") to hash
DEBUG nx::native::tasks::hashers::hash_workspace_files: Hashing workspace fileset{cache_key="packages/*/src/**/*.{md,ts,tsx,scss}"}: Adding "4735435257598393960" ("packages/labs/src/common/props.ts") to hash
DEBUG nx::native::tasks::hashers::hash_workspace_files: Hashing workspace fileset{cache_key="packages/*/src/**/*.{md,ts,tsx,scss}"}: Adding "13212048249002606933" ("packages/labs/src/components/box/_box.scss") to hash
DEBUG nx::native::tasks::hashers::hash_workspace_files: Hashing workspace fileset{cache_key="packages/*/src/**/*.{md,ts,tsx,scss}"}: Adding "6521820886607239397" ("packages/labs/src/components/box/box.md") to hash
DEBUG nx::native::tasks::hashers::hash_workspace_files: Hashing workspace fileset{cache_key="packages/*/src/**/*.{md,ts,tsx,scss}"}: Adding "14331193310807013804" ("packages/labs/src/components/box/box.test.tsx") to hash
DEBUG nx::native::tasks::hashers::hash_workspace_files: Hashing workspace fileset{cache_key="packages/*/src/**/*.{md,ts,tsx,scss}"}: Adding "13297002618285583930" ("packages/labs/src/components/box/box.tsx") to hash
DEBUG nx::native::tasks::hashers::hash_workspace_files: Hashing workspace fileset{cache_key="packages/*/src/**/*.{md,ts,tsx,scss}"}: Adding "11172027228518785516" ("packages/labs/src/components/box/boxProps.ts") to hash
DEBUG nx::native::tasks::hashers::hash_workspace_files: Hashing workspace fileset{cache_key="packages/*/src/**/*.{md,ts,tsx,scss}"}: Adding "896184173396285498" ("packages/labs/src/components/box/buildStyles.ts") to hash
DEBUG nx::native::tasks::hashers::hash_workspace_files: Hashing workspace fileset{cache_key="packages/*/src/**/*.{md,ts,tsx,scss}"}: Adding "14538182616901387873" ("packages/labs/src/components/flex/flex.md") to hash
DEBUG nx::native::tasks::hashers::hash_workspace_files: Hashing workspace fileset{cache_key="packages/*/src/**/*.{md,ts,tsx,scss}"}: Adding "14130793113221604991" ("packages/labs/src/components/flex/flex.test.tsx") to hash
DEBUG nx::native::tasks::hashers::hash_workspace_files: Hashing workspace fileset{cache_key="packages/*/src/**/*.{md,ts,tsx,scss}"}: Adding "1603118370651295046" ("packages/labs/src/components/flex/flex.tsx") to hash
DEBUG nx::native::tasks::hashers::hash_workspace_files: Hashing workspace fileset{cache_key="packages/*/src/**/*.{md,ts,tsx,scss}"}: Adding "2880988683612083355" ("packages/labs/src/components/index.ts") to hash
DEBUG nx::native::tasks::hashers::hash_workspace_files: Hashing workspace fileset{cache_key="packages/*/src/**/*.{md,ts,tsx,scss}"}: Adding "17042866283367875651" ("packages/labs/src/components/slot/slot.test.tsx") to hash
DEBUG nx::native::tasks::hashers::hash_workspace_files: Hashing workspace fileset{cache_key="packages/*/src/**/*.{md,ts,tsx,scss}"}: Adding "17581993932676030760" ("packages/labs/src/components/slot/slot.tsx") to hash
DEBUG nx::native::tasks::hashers::hash_workspace_files: Hashing workspace fileset{cache_key="packages/*/src/**/*.{md,ts,tsx,scss}"}: Adding "9323966616056455093" ("packages/labs/src/index.md") to hash
DEBUG nx::native::tasks::hashers::hash_workspace_files: Hashing workspace fileset{cache_key="packages/*/src/**/*.{md,ts,tsx,scss}"}: Adding "2970005602786813522" ("packages/labs/src/index.ts") to hash
DEBUG nx::native::tasks::hashers::hash_workspace_files: Hashing workspace fileset{cache_key="packages/*/src/**/*.{md,ts,tsx,scss}"}: Adding "14399635652039313504" ("packages/labs/src/vitest-env.d.ts") to hash
DEBUG nx::native::tasks::hashers::hash_workspace_files: Hashing workspace fileset{cache_key="packages/*/src/**/*.{md,ts,tsx,scss}"}: Adding "6041832867694151319" ("packages/landing-app/src/_svgs.scss") to hash
DEBUG nx::native::tasks::hashers::hash_workspace_files: Hashing workspace fileset{cache_key="packages/*/src/**/*.{md,ts,tsx,scss}"}: Adding "16558719649417878610" ("packages/landing-app/src/index.scss") to hash
DEBUG nx::native::tasks::hashers::hash_workspace_files: Hashing workspace fileset{cache_key="packages/*/src/**/*.{md,ts,tsx,scss}"}: Adding "5560016309232573192" ("packages/landing-app/src/index.tsx") to hash
DEBUG nx::native::tasks::hashers::hash_workspace_files: Hashing workspace fileset{cache_key="packages/*/src/**/*.{md,ts,tsx,scss}"}: Adding "675855011662698898" ("packages/landing-app/src/logo.ts") to hash
DEBUG nx::native::tasks::hashers::hash_workspace_files: Hashing workspace fileset{cache_key="packages/*/src/**/*.{md,ts,tsx,scss}"}: Adding "8966948986043101653" ("packages/landing-app/src/svgs/index.ts") to hash
DEBUG nx::native::tasks::hashers::hash_workspace_files: Hashing workspace fileset{cache_key="packages/*/src/**/*.{md,ts,tsx,scss}"}: Adding "12531856350828577218" ("packages/monaco-editor-theme/src/index.ts") to hash
DEBUG nx::native::tasks::hashers::hash_workspace_files: Hashing workspace fileset{cache_key="packages/*/src/**/*.{md,ts,tsx,scss}"}: Adding "5532942135585066262" ("packages/monaco-editor-theme/src/monacoTheme.ts") to hash
DEBUG nx::native::tasks::hashers::hash_workspace_files: Hashing workspace fileset{cache_key="packages/*/src/**/*.{md,ts,tsx,scss}"}: Adding "15713624898424662464" ("packages/node-build-scripts/src/__mocks__/postcss-simple-vars.ts") to hash
DEBUG nx::native::tasks::hashers::hash_workspace_files: Hashing workspace fileset{cache_key="packages/*/src/**/*.{md,ts,tsx,scss}"}: Adding "3536276288673015995" ("packages/node-build-scripts/src/__tests__/__fixtures__/expected/variables.scss") to hash
DEBUG nx::native::tasks::hashers::hash_workspace_files: Hashing workspace fileset{cache_key="packages/*/src/**/*.{md,ts,tsx,scss}"}: Adding "6197774643064258077" ("packages/node-build-scripts/src/__tests__/__fixtures__/input/_variables.scss") to hash
DEBUG nx::native::tasks::hashers::hash_workspace_files: Hashing workspace fileset{cache_key="packages/*/src/**/*.{md,ts,tsx,scss}"}: Adding "14191884565452189889" ("packages/node-build-scripts/src/__tests__/cssVariables.test.ts") to hash
DEBUG nx::native::tasks::hashers::hash_workspace_files: Hashing workspace fileset{cache_key="packages/*/src/**/*.{md,ts,tsx,scss}"}: Adding "8151551381425177639" ("packages/select/src/__examples__/filmSelect.tsx") to hash
DEBUG nx::native::tasks::hashers::hash_workspace_files: Hashing workspace fileset{cache_key="packages/*/src/**/*.{md,ts,tsx,scss}"}: Adding "14559982411039989448" ("packages/select/src/__examples__/films.tsx") to hash
DEBUG nx::native::tasks::hashers::hash_workspace_files: Hashing workspace fileset{cache_key="packages/*/src/**/*.{md,ts,tsx,scss}"}: Adding "9968576067166435549" ("packages/select/src/__examples__/index.ts") to hash
DEBUG nx::native::tasks::hashers::hash_workspace_files: Hashing workspace fileset{cache_key="packages/*/src/**/*.{md,ts,tsx,scss}"}: Adding "14921583693434656140" ("packages/select/src/blueprint-select.scss") to hash
DEBUG nx::native::tasks::hashers::hash_workspace_files: Hashing workspace fileset{cache_key="packages/*/src/**/*.{md,ts,tsx,scss}"}: Adding "7904420789600849924" ("packages/select/src/common/_variables.scss") to hash
DEBUG nx::native::tasks::hashers::hash_workspace_files: Hashing workspace fileset{cache_key="packages/*/src/**/*.{md,ts,tsx,scss}"}: Adding "15747360225373904643" ("packages/select/src/common/classes.ts") to hash
DEBUG nx::native::tasks::hashers::hash_workspace_files: Hashing workspace fileset{cache_key="packages/*/src/**/*.{md,ts,tsx,scss}"}: Adding "12533098979201704885" ("packages/select/src/common/index.ts") to hash
DEBUG nx::native::tasks::hashers::hash_workspace_files: Hashing workspace fileset{cache_key="packages/*/src/**/*.{md,ts,tsx,scss}"}: Adding "11240346438701964131" ("packages/select/src/common/itemListRenderer.test.tsx") to hash
DEBUG nx::native::tasks::hashers::hash_workspace_files: Hashing workspace fileset{cache_key="packages/*/src/**/*.{md,ts,tsx,scss}"}: Adding "8431573216234185244" ("packages/select/src/common/itemListRenderer.ts") to hash
DEBUG nx::native::tasks::hashers::hash_workspace_files: Hashing workspace fileset{cache_key="packages/*/src/**/*.{md,ts,tsx,scss}"}: Adding "15758708973762667225" ("packages/select/src/common/itemRenderer.test.tsx") to hash
DEBUG nx::native::tasks::hashers::hash_workspace_files: Hashing workspace fileset{cache_key="packages/*/src/**/*.{md,ts,tsx,scss}"}: Adding "15318299736729378481" ("packages/select/src/common/itemRenderer.ts") to hash
DEBUG nx::native::tasks::hashers::hash_workspace_files: Hashing workspace fileset{cache_key="packages/*/src/**/*.{md,ts,tsx,scss}"}: Adding "14856428548070278594" ("packages/select/src/common/listItemsProps.test.ts") to hash
DEBUG nx::native::tasks::hashers::hash_workspace_files: Hashing workspace fileset{cache_key="packages/*/src/**/*.{md,ts,tsx,scss}"}: Adding "2840745245569576440" ("packages/select/src/common/listItemsProps.ts") to hash
DEBUG nx::native::tasks::hashers::hash_workspace_files: Hashing workspace fileset{cache_key="packages/*/src/**/*.{md,ts,tsx,scss}"}: Adding "9967474692185246637" ("packages/select/src/common/listItemsUtils.ts") to hash
DEBUG nx::native::tasks::hashers::hash_workspace_files: Hashing workspace fileset{cache_key="packages/*/src/**/*.{md,ts,tsx,scss}"}: Adding "1398590656392985382" ("packages/select/src/common/predicate.ts") to hash
DEBUG nx::native::tasks::hashers::hash_workspace_files: Hashing workspace fileset{cache_key="packages/*/src/**/*.{md,ts,tsx,scss}"}: Adding "3940445662769921341" ("packages/select/src/common/selectPopoverProps.ts") to hash
DEBUG nx::native::tasks::hashers::hash_workspace_files: Hashing workspace fileset{cache_key="packages/*/src/**/*.{md,ts,tsx,scss}"}: Adding "12428231142784766855" ("packages/select/src/components/_index.scss") to hash
DEBUG nx::native::tasks::hashers::hash_workspace_files: Hashing workspace fileset{cache_key="packages/*/src/**/*.{md,ts,tsx,scss}"}: Adding "7528211710318759709" ("packages/select/src/components/deprecatedAliases.ts") to hash
DEBUG nx::native::tasks::hashers::hash_workspace_files: Hashing workspace fileset{cache_key="packages/*/src/**/*.{md,ts,tsx,scss}"}: Adding "16240495855602236434" ("packages/select/src/components/index.ts") to hash
DEBUG nx::native::tasks::hashers::hash_workspace_files: Hashing workspace fileset{cache_key="packages/*/src/**/*.{md,ts,tsx,scss}"}: Adding "16532119788196279171" ("packages/select/src/components/multi-select/_multi-select.scss") to hash
DEBUG nx::native::tasks::hashers::hash_workspace_files: Hashing workspace fileset{cache_key="packages/*/src/**/*.{md,ts,tsx,scss}"}: Adding "10253972527146943180" ("packages/select/src/components/multi-select/multi-select.md") to hash
DEBUG nx::native::tasks::hashers::hash_workspace_files: Hashing workspace fileset{cache_key="packages/*/src/**/*.{md,ts,tsx,scss}"}: Adding "8514726974044424080" ("packages/select/src/components/multi-select/multiSelect.test.tsx") to hash
DEBUG nx::native::tasks::hashers::hash_workspace_files: Hashing workspace fileset{cache_key="packages/*/src/**/*.{md,ts,tsx,scss}"}: Adding "11905616228221948372" ("packages/select/src/components/multi-select/multiSelect.tsx") to hash
DEBUG nx::native::tasks::hashers::hash_workspace_files: Hashing workspace fileset{cache_key="packages/*/src/**/*.{md,ts,tsx,scss}"}: Adding "16422539241777177478" ("packages/select/src/components/omnibar/_omnibar.scss") to hash
DEBUG nx::native::tasks::hashers::hash_workspace_files: Hashing workspace fileset{cache_key="packages/*/src/**/*.{md,ts,tsx,scss}"}: Adding "7323490164403343648" ("packages/select/src/components/omnibar/omnibar.md") to hash
DEBUG nx::native::tasks::hashers::hash_workspace_files: Hashing workspace fileset{cache_key="packages/*/src/**/*.{md,ts,tsx,scss}"}: Adding "4595397038971914825" ("packages/select/src/components/omnibar/omnibar.test.tsx") to hash
DEBUG nx::native::tasks::hashers::hash_workspace_files: Hashing workspace fileset{cache_key="packages/*/src/**/*.{md,ts,tsx,scss}"}: Adding "3792374011545260580" ("packages/select/src/components/omnibar/omnibar.tsx") to hash
DEBUG nx::native::tasks::hashers::hash_workspace_files: Hashing workspace fileset{cache_key="packages/*/src/**/*.{md,ts,tsx,scss}"}: Adding "16786108461792436984" ("packages/select/src/components/query-list/query-list.md") to hash
DEBUG nx::native::tasks::hashers::hash_workspace_files: Hashing workspace fileset{cache_key="packages/*/src/**/*.{md,ts,tsx,scss}"}: Adding "2095505348444587253" ("packages/select/src/components/query-list/queryList.test.tsx") to hash
DEBUG nx::native::tasks::hashers::hash_workspace_files: Hashing workspace fileset{cache_key="packages/*/src/**/*.{md,ts,tsx,scss}"}: Adding "18121983587718592326" ("packages/select/src/components/query-list/queryList.tsx") to hash
DEBUG nx::native::tasks::hashers::hash_workspace_files: Hashing workspace fileset{cache_key="packages/*/src/**/*.{md,ts,tsx,scss}"}: Adding "11226842521431790841" ("packages/select/src/components/select/_select.scss") to hash
DEBUG nx::native::tasks::hashers::hash_workspace_files: Hashing workspace fileset{cache_key="packages/*/src/**/*.{md,ts,tsx,scss}"}: Adding "11438607547565989859" ("packages/select/src/components/select/select-component.md") to hash
DEBUG nx::native::tasks::hashers::hash_workspace_files: Hashing workspace fileset{cache_key="packages/*/src/**/*.{md,ts,tsx,scss}"}: Adding "13187214755017106583" ("packages/select/src/components/select/select.test.tsx") to hash
DEBUG nx::native::tasks::hashers::hash_workspace_files: Hashing workspace fileset{cache_key="packages/*/src/**/*.{md,ts,tsx,scss}"}: Adding "9928196190055774401" ("packages/select/src/components/select/select.tsx") to hash
DEBUG nx::native::tasks::hashers::hash_workspace_files: Hashing workspace fileset{cache_key="packages/*/src/**/*.{md,ts,tsx,scss}"}: Adding "4368911905091451490" ("packages/select/src/components/select/selectComponentTestUtils.tsx") to hash
DEBUG nx::native::tasks::hashers::hash_workspace_files: Hashing workspace fileset{cache_key="packages/*/src/**/*.{md,ts,tsx,scss}"}: Adding "15928136897950332906" ("packages/select/src/components/select/selectPopoverTestUtils.tsx") to hash
DEBUG nx::native::tasks::hashers::hash_workspace_files: Hashing workspace fileset{cache_key="packages/*/src/**/*.{md,ts,tsx,scss}"}: Adding "1665401304190602855" ("packages/select/src/components/suggest/_suggest.scss") to hash
DEBUG nx::native::tasks::hashers::hash_workspace_files: Hashing workspace fileset{cache_key="packages/*/src/**/*.{md,ts,tsx,scss}"}: Adding "12553804664341983054" ("packages/select/src/components/suggest/suggest.md") to hash
DEBUG nx::native::tasks::hashers::hash_workspace_files: Hashing workspace fileset{cache_key="packages/*/src/**/*.{md,ts,tsx,scss}"}: Adding "11004606633784262238" ("packages/select/src/components/suggest/suggest.test.tsx") to hash
DEBUG nx::native::tasks::hashers::hash_workspace_files: Hashing workspace fileset{cache_key="packages/*/src/**/*.{md,ts,tsx,scss}"}: Adding "8177710059543890845" ("packages/select/src/components/suggest/suggest.tsx") to hash
DEBUG nx::native::tasks::hashers::hash_workspace_files: Hashing workspace fileset{cache_key="packages/*/src/**/*.{md,ts,tsx,scss}"}: Adding "13468137659841075042" ("packages/select/src/index.md") to hash
DEBUG nx::native::tasks::hashers::hash_workspace_files: Hashing workspace fileset{cache_key="packages/*/src/**/*.{md,ts,tsx,scss}"}: Adding "4395255020939038760" ("packages/select/src/index.ts") to hash
DEBUG nx::native::tasks::hashers::hash_workspace_files: Hashing workspace fileset{cache_key="packages/*/src/**/*.{md,ts,tsx,scss}"}: Adding "622696483914668937" ("packages/stylelint-plugin/src/index.ts") to hash
DEBUG nx::native::tasks::hashers::hash_workspace_files: Hashing workspace fileset{cache_key="packages/*/src/**/*.{md,ts,tsx,scss}"}: Adding "16049108250931953817" ("packages/stylelint-plugin/src/rules/no-color-literal.ts") to hash
DEBUG nx::native::tasks::hashers::hash_workspace_files: Hashing workspace fileset{cache_key="packages/*/src/**/*.{md,ts,tsx,scss}"}: Adding "6917574146315577777" ("packages/stylelint-plugin/src/rules/no-prefix-literal.ts") to hash
DEBUG nx::native::tasks::hashers::hash_workspace_files: Hashing workspace fileset{cache_key="packages/*/src/**/*.{md,ts,tsx,scss}"}: Adding "9333473713112972271" ("packages/stylelint-plugin/src/rules/prefer-spacing-variable.ts") to hash
DEBUG nx::native::tasks::hashers::hash_workspace_files: Hashing workspace fileset{cache_key="packages/*/src/**/*.{md,ts,tsx,scss}"}: Adding "241573286203886716" ("packages/stylelint-plugin/src/utils/checkImportExists.ts") to hash
DEBUG nx::native::tasks::hashers::hash_workspace_files: Hashing workspace fileset{cache_key="packages/*/src/**/*.{md,ts,tsx,scss}"}: Adding "6137838734377610859" ("packages/stylelint-plugin/src/utils/cssSyntax.ts") to hash
DEBUG nx::native::tasks::hashers::hash_workspace_files: Hashing workspace fileset{cache_key="packages/*/src/**/*.{md,ts,tsx,scss}"}: Adding "17246258336684105779" ("packages/stylelint-plugin/src/utils/hexColor.ts") to hash
DEBUG nx::native::tasks::hashers::hash_workspace_files: Hashing workspace fileset{cache_key="packages/*/src/**/*.{md,ts,tsx,scss}"}: Adding "11123104857028923808" ("packages/stylelint-plugin/src/utils/insertImport.ts") to hash
DEBUG nx::native::tasks::hashers::hash_workspace_files: Hashing workspace fileset{cache_key="packages/*/src/**/*.{md,ts,tsx,scss}"}: Adding "17050495336354346892" ("packages/table/src/cell/_borders.scss") to hash
DEBUG nx::native::tasks::hashers::hash_workspace_files: Hashing workspace fileset{cache_key="packages/*/src/**/*.{md,ts,tsx,scss}"}: Adding "8859490235674078350" ("packages/table/src/cell/_cell.scss") to hash
DEBUG nx::native::tasks::hashers::hash_workspace_files: Hashing workspace fileset{cache_key="packages/*/src/**/*.{md,ts,tsx,scss}"}: Adding "558773261316719797" ("packages/table/src/cell/_common.scss") to hash
DEBUG nx::native::tasks::hashers::hash_workspace_files: Hashing workspace fileset{cache_key="packages/*/src/**/*.{md,ts,tsx,scss}"}: Adding "11568056558285466791" ("packages/table/src/cell/cell.tsx") to hash
DEBUG nx::native::tasks::hashers::hash_workspace_files: Hashing workspace fileset{cache_key="packages/*/src/**/*.{md,ts,tsx,scss}"}: Adding "2540849505079533463" ("packages/table/src/cell/editableCell.tsx") to hash
DEBUG nx::native::tasks::hashers::hash_workspace_files: Hashing workspace fileset{cache_key="packages/*/src/**/*.{md,ts,tsx,scss}"}: Adding "16784208920943016747" ("packages/table/src/cell/formats/_formats.scss") to hash
DEBUG nx::native::tasks::hashers::hash_workspace_files: Hashing workspace fileset{cache_key="packages/*/src/**/*.{md,ts,tsx,scss}"}: Adding "9384598802934347737" ("packages/table/src/cell/formats/jsonFormat.tsx") to hash
DEBUG nx::native::tasks::hashers::hash_workspace_files: Hashing workspace fileset{cache_key="packages/*/src/**/*.{md,ts,tsx,scss}"}: Adding "11817138519428553369" ("packages/table/src/cell/formats/truncatedFormat.tsx") to hash
DEBUG nx::native::tasks::hashers::hash_workspace_files: Hashing workspace fileset{cache_key="packages/*/src/**/*.{md,ts,tsx,scss}"}: Adding "12381769917859953974" ("packages/table/src/column.tsx") to hash
DEBUG nx::native::tasks::hashers::hash_workspace_files: Hashing workspace fileset{cache_key="packages/*/src/**/*.{md,ts,tsx,scss}"}: Adding "10786113349915031423" ("packages/table/src/common/TableHeaderDimensions.ts") to hash
DEBUG nx::native::tasks::hashers::hash_workspace_files: Hashing workspace fileset{cache_key="packages/*/src/**/*.{md,ts,tsx,scss}"}: Adding "9502575915255369348" ("packages/table/src/common/_loading.scss") to hash
DEBUG nx::native::tasks::hashers::hash_workspace_files: Hashing workspace fileset{cache_key="packages/*/src/**/*.{md,ts,tsx,scss}"}: Adding "16707051731928142984" ("packages/table/src/common/_variables.scss") to hash
DEBUG nx::native::tasks::hashers::hash_workspace_files: Hashing workspace fileset{cache_key="packages/*/src/**/*.{md,ts,tsx,scss}"}: Adding "14786836751918297445" ("packages/table/src/common/batcher.ts") to hash
DEBUG nx::native::tasks::hashers::hash_workspace_files: Hashing workspace fileset{cache_key="packages/*/src/**/*.{md,ts,tsx,scss}"}: Adding "6019789854198847158" ("packages/table/src/common/cellTypes.ts") to hash
DEBUG nx::native::tasks::hashers::hash_workspace_files: Hashing workspace fileset{cache_key="packages/*/src/**/*.{md,ts,tsx,scss}"}: Adding "272224145559880217" ("packages/table/src/common/classes.ts") to hash
DEBUG nx::native::tasks::hashers::hash_workspace_files: Hashing workspace fileset{cache_key="packages/*/src/**/*.{md,ts,tsx,scss}"}: Adding "14312448286039046074" ("packages/table/src/common/clipboard.ts") to hash
DEBUG nx::native::tasks::hashers::hash_workspace_files: Hashing workspace fileset{cache_key="packages/*/src/**/*.{md,ts,tsx,scss}"}: Adding "10666251839267098034" ("packages/table/src/common/direction.ts") to hash
DEBUG nx::native::tasks::hashers::hash_workspace_files: Hashing workspace fileset{cache_key="packages/*/src/**/*.{md,ts,tsx,scss}"}: Adding "18255901664112358391" ("packages/table/src/common/errors.ts") to hash
DEBUG nx::native::tasks::hashers::hash_workspace_files: Hashing workspace fileset{cache_key="packages/*/src/**/*.{md,ts,tsx,scss}"}: Adding "16894396406389154337" ("packages/table/src/common/grid.ts") to hash
DEBUG nx::native::tasks::hashers::hash_workspace_files: Hashing workspace fileset{cache_key="packages/*/src/**/*.{md,ts,tsx,scss}"}: Adding "5876447942826805402" ("packages/table/src/common/index.ts") to hash
DEBUG nx::native::tasks::hashers::hash_workspace_files: Hashing workspace fileset{cache_key="packages/*/src/**/*.{md,ts,tsx,scss}"}: Adding "14733902273589205672" ("packages/table/src/common/internal/directionUtils.ts") to hash
DEBUG nx::native::tasks::hashers::hash_workspace_files: Hashing workspace fileset{cache_key="packages/*/src/**/*.{md,ts,tsx,scss}"}: Adding "11073180257863168610" ("packages/table/src/common/internal/focusedCellUtils.ts") to hash
DEBUG nx::native::tasks::hashers::hash_workspace_files: Hashing workspace fileset{cache_key="packages/*/src/**/*.{md,ts,tsx,scss}"}: Adding "14604142886860012999" ("packages/table/src/common/internal/platformUtils.ts") to hash
DEBUG nx::native::tasks::hashers::hash_workspace_files: Hashing workspace fileset{cache_key="packages/*/src/**/*.{md,ts,tsx,scss}"}: Adding "17663180072850739068" ("packages/table/src/common/internal/scrollUtils.ts") to hash
DEBUG nx::native::tasks::hashers::hash_workspace_files: Hashing workspace fileset{cache_key="packages/*/src/**/*.{md,ts,tsx,scss}"}: Adding "3898841608724249369" ("packages/table/src/common/internal/selectionUtils.ts") to hash
DEBUG nx::native::tasks::hashers::hash_workspace_files: Hashing workspace fileset{cache_key="packages/*/src/**/*.{md,ts,tsx,scss}"}: Adding "693144221150203490" ("packages/table/src/common/loadableContent.tsx") to hash
DEBUG nx::native::tasks::hashers::hash_workspace_files: Hashing workspace fileset{cache_key="packages/*/src/**/*.{md,ts,tsx,scss}"}: Adding "6721790935300886663" ("packages/table/src/common/movementDelta.ts") to hash
DEBUG nx::native::tasks::hashers::hash_workspace_files: Hashing workspace fileset{cache_key="packages/*/src/**/*.{md,ts,tsx,scss}"}: Adding "18055268605141960851" ("packages/table/src/common/rect.ts") to hash
DEBUG nx::native::tasks::hashers::hash_workspace_files: Hashing workspace fileset{cache_key="packages/*/src/**/*.{md,ts,tsx,scss}"}: Adding "7919946832671330398" ("packages/table/src/common/renderMode.ts") to hash
DEBUG nx::native::tasks::hashers::hash_workspace_files: Hashing workspace fileset{cache_key="packages/*/src/**/*.{md,ts,tsx,scss}"}: Adding "8540388338109164841" ("packages/table/src/common/requestIdleCallback.ts") to hash
DEBUG nx::native::tasks::hashers::hash_workspace_files: Hashing workspace fileset{cache_key="packages/*/src/**/*.{md,ts,tsx,scss}"}: Adding "10726640092838828826" ("packages/table/src/common/scrollDirection.ts") to hash
DEBUG nx::native::tasks::hashers::hash_workspace_files: Hashing workspace fileset{cache_key="packages/*/src/**/*.{md,ts,tsx,scss}"}: Adding "13861008140122179942" ("packages/table/src/common/utils.ts") to hash
DEBUG nx::native::tasks::hashers::hash_workspace_files: Hashing workspace fileset{cache_key="packages/*/src/**/*.{md,ts,tsx,scss}"}: Adding "3740521650720569948" ("packages/table/src/docs/table-api.md") to hash
DEBUG nx::native::tasks::hashers::hash_workspace_files: Hashing workspace fileset{cache_key="packages/*/src/**/*.{md,ts,tsx,scss}"}: Adding "14496906675248127100" ("packages/table/src/docs/table-features.md") to hash
DEBUG nx::native::tasks::hashers::hash_workspace_files: Hashing workspace fileset{cache_key="packages/*/src/**/*.{md,ts,tsx,scss}"}: Adding "1673464393386859797" ("packages/table/src/docs/table.md") to hash
DEBUG nx::native::tasks::hashers::hash_workspace_files: Hashing workspace fileset{cache_key="packages/*/src/**/*.{md,ts,tsx,scss}"}: Adding "7997040334620085149" ("packages/table/src/headers/_common.scss") to hash
DEBUG nx::native::tasks::hashers::hash_workspace_files: Hashing workspace fileset{cache_key="packages/*/src/**/*.{md,ts,tsx,scss}"}: Adding "10540605375610315365" ("packages/table/src/headers/_headers.scss") to hash
DEBUG nx::native::tasks::hashers::hash_workspace_files: Hashing workspace fileset{cache_key="packages/*/src/**/*.{md,ts,tsx,scss}"}: Adding "8084376633326955288" ("packages/table/src/headers/columnHeader.tsx") to hash
DEBUG nx::native::tasks::hashers::hash_workspace_files: Hashing workspace fileset{cache_key="packages/*/src/**/*.{md,ts,tsx,scss}"}: Adding "10291824301515078567" ("packages/table/src/headers/columnHeaderCell.tsx") to hash
DEBUG nx::native::tasks::hashers::hash_workspace_files: Hashing workspace fileset{cache_key="packages/*/src/**/*.{md,ts,tsx,scss}"}: Adding "4135721794700224231" ("packages/table/src/headers/editableName.tsx") to hash
DEBUG nx::native::tasks::hashers::hash_workspace_files: Hashing workspace fileset{cache_key="packages/*/src/**/*.{md,ts,tsx,scss}"}: Adding "14993058114272361138" ("packages/table/src/headers/header.tsx") to hash
DEBUG nx::native::tasks::hashers::hash_workspace_files: Hashing workspace fileset{cache_key="packages/*/src/**/*.{md,ts,tsx,scss}"}: Adding "11261520009289961205" ("packages/table/src/headers/headerCell.tsx") to hash
DEBUG nx::native::tasks::hashers::hash_workspace_files: Hashing workspace fileset{cache_key="packages/*/src/**/*.{md,ts,tsx,scss}"}: Adding "7273214868933737818" ("packages/table/src/headers/horizontalCellDivider.tsx") to hash
DEBUG nx::native::tasks::hashers::hash_workspace_files: Hashing workspace fileset{cache_key="packages/*/src/**/*.{md,ts,tsx,scss}"}: Adding "10030581633375339122" ("packages/table/src/headers/rowHeader.tsx") to hash
DEBUG nx::native::tasks::hashers::hash_workspace_files: Hashing workspace fileset{cache_key="packages/*/src/**/*.{md,ts,tsx,scss}"}: Adding "6589531593847069653" ("packages/table/src/headers/rowHeaderCell.tsx") to hash
DEBUG nx::native::tasks::hashers::hash_workspace_files: Hashing workspace fileset{cache_key="packages/*/src/**/*.{md,ts,tsx,scss}"}: Adding "14789157931270874081" ("packages/table/src/index.ts") to hash
DEBUG nx::native::tasks::hashers::hash_workspace_files: Hashing workspace fileset{cache_key="packages/*/src/**/*.{md,ts,tsx,scss}"}: Adding "14751799439554444274" ("packages/table/src/interactions/_interactions.scss") to hash
DEBUG nx::native::tasks::hashers::hash_workspace_files: Hashing workspace fileset{cache_key="packages/*/src/**/*.{md,ts,tsx,scss}"}: Adding "13156972263334000501" ("packages/table/src/interactions/dragEvents.ts") to hash
DEBUG nx::native::tasks::hashers::hash_workspace_files: Hashing workspace fileset{cache_key="packages/*/src/**/*.{md,ts,tsx,scss}"}: Adding "17114178195408766101" ("packages/table/src/interactions/dragTypes.ts") to hash
DEBUG nx::native::tasks::hashers::hash_workspace_files: Hashing workspace fileset{cache_key="packages/*/src/**/*.{md,ts,tsx,scss}"}: Adding "6531488190951264747" ("packages/table/src/interactions/draggable.tsx") to hash
DEBUG nx::native::tasks::hashers::hash_workspace_files: Hashing workspace fileset{cache_key="packages/*/src/**/*.{md,ts,tsx,scss}"}: Adding "16556012390599816193" ("packages/table/src/interactions/menus/copyCellsMenuItem.tsx") to hash
DEBUG nx::native::tasks::hashers::hash_workspace_files: Hashing workspace fileset{cache_key="packages/*/src/**/*.{md,ts,tsx,scss}"}: Adding "13968438440829850192" ("packages/table/src/interactions/menus/index.ts") to hash
DEBUG nx::native::tasks::hashers::hash_workspace_files: Hashing workspace fileset{cache_key="packages/*/src/**/*.{md,ts,tsx,scss}"}: Adding "8594716137323892595" ("packages/table/src/interactions/menus/menuContext.ts") to hash
DEBUG nx::native::tasks::hashers::hash_workspace_files: Hashing workspace fileset{cache_key="packages/*/src/**/*.{md,ts,tsx,scss}"}: Adding "3364190876422027346" ("packages/table/src/interactions/reorderable.tsx") to hash
DEBUG nx::native::tasks::hashers::hash_workspace_files: Hashing workspace fileset{cache_key="packages/*/src/**/*.{md,ts,tsx,scss}"}: Adding "7191486755825902736" ("packages/table/src/interactions/resizable.tsx") to hash
DEBUG nx::native::tasks::hashers::hash_workspace_files: Hashing workspace fileset{cache_key="packages/*/src/**/*.{md,ts,tsx,scss}"}: Adding "13261131369520216530" ("packages/table/src/interactions/resizeHandle.tsx") to hash
DEBUG nx::native::tasks::hashers::hash_workspace_files: Hashing workspace fileset{cache_key="packages/*/src/**/*.{md,ts,tsx,scss}"}: Adding "3069367380158592312" ("packages/table/src/interactions/resizeSensor.ts") to hash
DEBUG nx::native::tasks::hashers::hash_workspace_files: Hashing workspace fileset{cache_key="packages/*/src/**/*.{md,ts,tsx,scss}"}: Adding "1271326978806930553" ("packages/table/src/interactions/selectable.tsx") to hash
DEBUG nx::native::tasks::hashers::hash_workspace_files: Hashing workspace fileset{cache_key="packages/*/src/**/*.{md,ts,tsx,scss}"}: Adding "13657451634661841527" ("packages/table/src/layers/_layers.scss") to hash
DEBUG nx::native::tasks::hashers::hash_workspace_files: Hashing workspace fileset{cache_key="packages/*/src/**/*.{md,ts,tsx,scss}"}: Adding "17796698125645576968" ("packages/table/src/layers/guides.tsx") to hash
DEBUG nx::native::tasks::hashers::hash_workspace_files: Hashing workspace fileset{cache_key="packages/*/src/**/*.{md,ts,tsx,scss}"}: Adding "12766341220796716233" ("packages/table/src/layers/regions.tsx") to hash
DEBUG nx::native::tasks::hashers::hash_workspace_files: Hashing workspace fileset{cache_key="packages/*/src/**/*.{md,ts,tsx,scss}"}: Adding "9658951436481180267" ("packages/table/src/locator.ts") to hash
DEBUG nx::native::tasks::hashers::hash_workspace_files: Hashing workspace fileset{cache_key="packages/*/src/**/*.{md,ts,tsx,scss}"}: Adding "7296870905890916297" ("packages/table/src/quadrants/_quadrants.scss") to hash
DEBUG nx::native::tasks::hashers::hash_workspace_files: Hashing workspace fileset{cache_key="packages/*/src/**/*.{md,ts,tsx,scss}"}: Adding "12961487862909762203" ("packages/table/src/quadrants/tableQuadrant.tsx") to hash
DEBUG nx::native::tasks::hashers::hash_workspace_files: Hashing workspace fileset{cache_key="packages/*/src/**/*.{md,ts,tsx,scss}"}: Adding "6944635953227739726" ("packages/table/src/quadrants/tableQuadrantStack.tsx") to hash
DEBUG nx::native::tasks::hashers::hash_workspace_files: Hashing workspace fileset{cache_key="packages/*/src/**/*.{md,ts,tsx,scss}"}: Adding "16088507190440229595" ("packages/table/src/quadrants/tableQuadrantStackCache.ts") to hash
DEBUG nx::native::tasks::hashers::hash_workspace_files: Hashing workspace fileset{cache_key="packages/*/src/**/*.{md,ts,tsx,scss}"}: Adding "4403256409739886375" ("packages/table/src/regions.ts") to hash
DEBUG nx::native::tasks::hashers::hash_workspace_files: Hashing workspace fileset{cache_key="packages/*/src/**/*.{md,ts,tsx,scss}"}: Adding "5536023833346419887" ("packages/table/src/resizeRows.ts") to hash
DEBUG nx::native::tasks::hashers::hash_workspace_files: Hashing workspace fileset{cache_key="packages/*/src/**/*.{md,ts,tsx,scss}"}: Adding "7302189770239414644" ("packages/table/src/table.scss") to hash
DEBUG nx::native::tasks::hashers::hash_workspace_files: Hashing workspace fileset{cache_key="packages/*/src/**/*.{md,ts,tsx,scss}"}: Adding "5127755013800708194" ("packages/table/src/table.tsx") to hash
DEBUG nx::native::tasks::hashers::hash_workspace_files: Hashing workspace fileset{cache_key="packages/*/src/**/*.{md,ts,tsx,scss}"}: Adding "13288970585762393786" ("packages/table/src/tableBody.tsx") to hash
DEBUG nx::native::tasks::hashers::hash_workspace_files: Hashing workspace fileset{cache_key="packages/*/src/**/*.{md,ts,tsx,scss}"}: Adding "8315971980211690385" ("packages/table/src/tableBodyCells.tsx") to hash
DEBUG nx::native::tasks::hashers::hash_workspace_files: Hashing workspace fileset{cache_key="packages/*/src/**/*.{md,ts,tsx,scss}"}: Adding "6323504654879905496" ("packages/table/src/tableHotkeys.ts") to hash
DEBUG nx::native::tasks::hashers::hash_workspace_files: Hashing workspace fileset{cache_key="packages/*/src/**/*.{md,ts,tsx,scss}"}: Adding "12726569337883328245" ("packages/table/src/tableProps.ts") to hash
DEBUG nx::native::tasks::hashers::hash_workspace_files: Hashing workspace fileset{cache_key="packages/*/src/**/*.{md,ts,tsx,scss}"}: Adding "667913723876803095" ("packages/table/src/tableState.ts") to hash
DEBUG nx::native::tasks::hashers::hash_workspace_files: Hashing workspace fileset{cache_key="packages/*/src/**/*.{md,ts,tsx,scss}"}: Adding "16794427926091405949" ("packages/table/src/tableUtils.ts") to hash
DEBUG nx::native::tasks::hashers::hash_workspace_files: Hashing workspace fileset{cache_key="packages/*/src/**/*.{md,ts,tsx,scss}"}: Adding "721336860938580915" ("packages/table-dev-app/src/denseGridMutableStore.ts") to hash
DEBUG nx::native::tasks::hashers::hash_workspace_files: Hashing workspace fileset{cache_key="packages/*/src/**/*.{md,ts,tsx,scss}"}: Adding "6280383380435868324" ("packages/table-dev-app/src/features.tsx") to hash
DEBUG nx::native::tasks::hashers::hash_workspace_files: Hashing workspace fileset{cache_key="packages/*/src/**/*.{md,ts,tsx,scss}"}: Adding "10889954196496065797" ("packages/table-dev-app/src/index.scss") to hash
DEBUG nx::native::tasks::hashers::hash_workspace_files: Hashing workspace fileset{cache_key="packages/*/src/**/*.{md,ts,tsx,scss}"}: Adding "4459430696901163068" ("packages/table-dev-app/src/index.tsx") to hash
DEBUG nx::native::tasks::hashers::hash_workspace_files: Hashing workspace fileset{cache_key="packages/*/src/**/*.{md,ts,tsx,scss}"}: Adding "9959517847656241553" ("packages/table-dev-app/src/localStore.ts") to hash
DEBUG nx::native::tasks::hashers::hash_workspace_files: Hashing workspace fileset{cache_key="packages/*/src/**/*.{md,ts,tsx,scss}"}: Adding "5946568584346338594" ("packages/table-dev-app/src/mutableTable.tsx") to hash
DEBUG nx::native::tasks::hashers::hash_workspace_files: Hashing workspace fileset{cache_key="packages/*/src/**/*.{md,ts,tsx,scss}"}: Adding "2641847113403529670" ("packages/table-dev-app/src/nav.tsx") to hash
DEBUG nx::native::tasks::hashers::hash_workspace_files: Hashing workspace fileset{cache_key="packages/*/src/**/*.{md,ts,tsx,scss}"}: Adding "12704730121263420133" ("packages/table-dev-app/src/slowLayoutStack.tsx") to hash
DEBUG nx::native::tasks::hashers::hash_workspace_files: Hashing workspace fileset{cache_key="packages/*/src/**/*.{md,ts,tsx,scss}"}: Adding "13852613876192360632" ("packages/table-dev-app/src/sparseGridMutableStore.ts") to hash
DEBUG nx::native::tasks::hashers::hash_workspace_files: Hashing workspace fileset{cache_key="packages/*/src/**/*.{md,ts,tsx,scss}"}: Adding "15770063666341317123" ("packages/test-commons/src/datetimeUtils.ts") to hash
DEBUG nx::native::tasks::hashers::hash_workspace_files: Hashing workspace fileset{cache_key="packages/*/src/**/*.{md,ts,tsx,scss}"}: Adding "3963386016613966613" ("packages/test-commons/src/generateIsomorphicTests.ts") to hash
DEBUG nx::native::tasks::hashers::hash_workspace_files: Hashing workspace fileset{cache_key="packages/*/src/**/*.{md,ts,tsx,scss}"}: Adding "4603250421414485697" ("packages/test-commons/src/generateIsomorphicTestsVitest.ts") to hash
DEBUG nx::native::tasks::hashers::hash_workspace_files: Hashing workspace fileset{cache_key="packages/*/src/**/*.{md,ts,tsx,scss}"}: Adding "2753546618073007502" ("packages/test-commons/src/index.ts") to hash
DEBUG nx::native::tasks::hashers::hash_workspace_files: Hashing workspace fileset{cache_key="packages/*/src/**/*.{md,ts,tsx,scss}"}: Adding "10187143506755207100" ("packages/test-commons/src/testErrorBoundary.ts") to hash
DEBUG nx::native::tasks::hashers::hash_workspace_files: Hashing workspace fileset{cache_key="packages/*/src/**/*.{md,ts,tsx,scss}"}: Adding "5490190729722440071" ("packages/test-commons/src/utils.ts") to hash
DEBUG nx::native::tasks::hashers::hash_workspace_files: Hashing workspace fileset{cache_key="packages/*/src/**/*.{md,ts,tsx,scss}"}: Adding "4214443440765333011" ("packages/test-commons/src/vitest-utils.ts") to hash
DEBUG nx::native::tasks::hashers::hash_workspace_files: Hashing workspace fileset{cache_key="packages/*/src/**/*.{md,ts,tsx,scss}"}: Adding "13401751835874183961" ("packages/test-commons/src/vitest.ts") to hash
DEBUG nx::native::tasks::hashers::hash_workspace_files: Hashing workspace fileset{cache_key="packages/*/src/**/*.{md,ts,tsx,scss}"}: Adding "37014268935099507" ("packages/tslint-config/src/rules/blueprintClassesConstantsRule.ts") to hash
DEBUG nx::native::tasks::hashers::hash_workspace_files: Hashing workspace fileset{cache_key="packages/*/src/**/*.{md,ts,tsx,scss}"}: Adding "4913003938995772822" ("packages/tslint-config/src/rules/blueprintHtmlComponentsRule.ts") to hash
DEBUG nx::native::tasks::hashers::hash_workspace_files: Hashing workspace fileset{cache_key="packages/*/src/**/*.{md,ts,tsx,scss}"}: Adding "17242986660053499594" ("packages/tslint-config/src/rules/blueprintIconComponentsRule.ts") to hash
DEBUG nx::native::tasks::hashers::hash_workspace_files: Hashing workspace fileset{cache_key="packages/*/src/**/*.{md,ts,tsx,scss}"}: Adding "8225018978216803370" ("packages/tslint-config/src/rules/utils/addImportToFile.ts") to hash
DEBUG nx::native::tasks::hashers::hash_workspace_files: Hashing workspace fileset{cache_key="packages/*/src/**/*.{md,ts,tsx,scss}"}: Adding "14063799010250150215" ("packages/tslint-config/src/rules/utils/replaceTagName.ts") to hash
DEBUG nx::native::tasks::hashers::hash_workspace_files: Hashing workspace fileset{cache_key="packages/*/src/**/*.{md,ts,tsx,scss}"}: Hash Value: "3492213426102365123"
DEBUG nx::native::tasks::task_hasher: hash_plans COMPLETED in 110.98175ms - processed 27 plans (setup: 2.745958ms, hashing: 108.228792ms, assembly: 32.433708ms)
[NX v22.3.1 Daemon Server] - 2026-03-30T19:52:53.076Z - Serializing response for HASH_TASKS message in json mode
[NX v22.3.1 Daemon Server] - 2026-03-30T19:52:53.083Z - Responding to HASH_TASKS message
[NX v22.3.1 Daemon Server] - 2026-03-30T19:52:53.083Z - [REQUEST]: Responding to the client. handleHashTasks
[NX v22.3.1 Daemon Server] - 2026-03-30T19:52:53.086Z - Time taken for 'write cache' 6.520417000000066ms
[NX v22.3.1 Daemon Server] - 2026-03-30T19:52:53.096Z - Done responding to the client handleHashTasks
[NX v22.3.1 Daemon Server] - 2026-03-30T19:52:53.096Z - Handled json message HASH_TASKS. Handling time: 153. Response time: 20.
[NX v22.3.1 Daemon Server] - 2026-03-30T19:52:53.187Z - Received raw message of length 1501
[NX v22.3.1 Daemon Server] - 2026-03-30T19:52:53.187Z - Received json message of type GET_ESTIMATED_TASK_TIMINGS
[NX v22.3.1 Daemon Server] - 2026-03-30T19:52:53.212Z - Serializing response for GET_ESTIMATED_TASK_TIMINGS message in json mode
[NX v22.3.1 Daemon Server] - 2026-03-30T19:52:53.212Z - Responding to GET_ESTIMATED_TASK_TIMINGS message
[NX v22.3.1 Daemon Server] - 2026-03-30T19:52:53.212Z - [REQUEST]: Responding to the client. handleGetEstimatedTaskTimings
[NX v22.3.1 Daemon Server] - 2026-03-30T19:52:53.212Z - Done responding to the client handleGetEstimatedTaskTimings
[NX v22.3.1 Daemon Server] - 2026-03-30T19:52:53.212Z - Handled json message GET_ESTIMATED_TASK_TIMINGS. Handling time: 25. Response time: 0.
[NX v22.3.1 Daemon Server] - 2026-03-30T19:52:55.731Z - [WATCHER]: Processing file changes in outputs
[NX v22.3.1 Daemon Server] - 2026-03-30T19:52:55.891Z - [WATCHER]: Processing file changes in outputs
[NX v22.3.1 Daemon Server] - 2026-03-30T19:52:55.909Z - Received raw message of length 101
[NX v22.3.1 Daemon Server] - 2026-03-30T19:52:55.909Z - Received json message of type RECORD_OUTPUTS_HASH
[NX v22.3.1 Daemon Server] - 2026-03-30T19:52:55.971Z - Serializing response for RECORD_OUTPUTS_HASH message in json mode
[NX v22.3.1 Daemon Server] - 2026-03-30T19:52:55.973Z - Responding to RECORD_OUTPUTS_HASH message
[NX v22.3.1 Daemon Server] - 2026-03-30T19:52:55.973Z - [REQUEST]: Responding to the client. recordOutputsHash
[NX v22.3.1 Daemon Server] - 2026-03-30T19:52:55.973Z - Done responding to the client recordOutputsHash
[NX v22.3.1 Daemon Server] - 2026-03-30T19:52:55.973Z - Handled json message RECORD_OUTPUTS_HASH. Handling time: 62. Response time: 2.
[NX v22.3.1 Daemon Server] - 2026-03-30T19:52:56.034Z - [WATCHER]: Processing file changes in outputs
[NX v22.3.1 Daemon Server] - 2026-03-30T19:52:57.106Z - [NX-CONSOLE]: Successfully pulled latest Nx to /private/var/folders/xl/5w2_4kkj4ls6bgq2530y834s08f0pb/T/tmp-27566-osvYls2liKMe
[NX v22.6.3 Daemon Server] - 2026-03-30T19:52:58.657Z - [NX-CONSOLE]: Using local implementation (NX_USE_LOCAL=true or inner call)
[NX v22.3.1 Daemon Server] - 2026-03-30T19:52:58.659Z - [WATCHER]: Processing file changes in outputs
DEBUG nx::native::ide::install: Detected editor: VSCode
DEBUG nx::native::ide::install: Checking if Nx Console extension is installed with: code --list-extensions
DEBUG nx::native::ide::install: Nx Console extension is not installed
[NX v22.3.1 Daemon Server] - 2026-03-30T19:52:59.729Z - [NX-CONSOLE]: Console status check completed, shouldPrompt: true
[NX v22.3.1 Daemon Server] - 2026-03-30T19:53:02.417Z - [WATCHER]: Processing file changes in outputs
[NX v22.3.1 Daemon Server] - 2026-03-30T19:53:02.470Z - [WATCHER]: Processing file changes in outputs
[NX v22.3.1 Daemon Server] - 2026-03-30T19:53:02.527Z - Received raw message of length 108
[NX v22.3.1 Daemon Server] - 2026-03-30T19:53:02.527Z - Received json message of type RECORD_OUTPUTS_HASH
[NX v22.3.1 Daemon Server] - 2026-03-30T19:53:02.531Z - Serializing response for RECORD_OUTPUTS_HASH message in json mode
[NX v22.3.1 Daemon Server] - 2026-03-30T19:53:02.531Z - Responding to RECORD_OUTPUTS_HASH message
[NX v22.3.1 Daemon Server] - 2026-03-30T19:53:02.531Z - [REQUEST]: Responding to the client. recordOutputsHash
[NX v22.3.1 Daemon Server] - 2026-03-30T19:53:02.531Z - Done responding to the client recordOutputsHash
[NX v22.3.1 Daemon Server] - 2026-03-30T19:53:02.531Z - Handled json message RECORD_OUTPUTS_HASH. Handling time: 4. Response time: 0.
[NX v22.3.1 Daemon Server] - 2026-03-30T19:53:02.616Z - [WATCHER]: Processing file changes in outputs
[NX v22.3.1 Daemon Server] - 2026-03-30T19:53:02.672Z - [WATCHER]: Processing file changes in outputs
[NX v22.3.1 Daemon Server] - 2026-03-30T19:53:02.728Z - [WATCHER]: Processing file changes in outputs
[NX v22.3.1 Daemon Server] - 2026-03-30T19:53:02.788Z - [WATCHER]: Processing file changes in outputs
[NX v22.3.1 Daemon Server] - 2026-03-30T19:53:02.847Z - [WATCHER]: Processing file changes in outputs
[NX v22.3.1 Daemon Server] - 2026-03-30T19:53:02.889Z - Received raw message of length 103
[NX v22.3.1 Daemon Server] - 2026-03-30T19:53:02.889Z - Received json message of type RECORD_OUTPUTS_HASH
[NX v22.3.1 Daemon Server] - 2026-03-30T19:53:02.894Z - Serializing response for RECORD_OUTPUTS_HASH message in json mode
[NX v22.3.1 Daemon Server] - 2026-03-30T19:53:02.894Z - Responding to RECORD_OUTPUTS_HASH message
[NX v22.3.1 Daemon Server] - 2026-03-30T19:53:02.894Z - [REQUEST]: Responding to the client. recordOutputsHash
[NX v22.3.1 Daemon Server] - 2026-03-30T19:53:02.894Z - Done responding to the client recordOutputsHash
[NX v22.3.1 Daemon Server] - 2026-03-30T19:53:02.894Z - Handled json message RECORD_OUTPUTS_HASH. Handling time: 5. Response time: 0.
[NX v22.3.1 Daemon Server] - 2026-03-30T19:53:02.951Z - [WATCHER]: Processing file changes in outputs
[NX v22.3.1 Daemon Server] - 2026-03-30T19:53:03.066Z - [WATCHER]: Processing file changes in outputs
[NX v22.3.1 Daemon Server] - 2026-03-30T19:53:07.830Z - [WATCHER]: Processing file changes in outputs
[NX v22.3.1 Daemon Server] - 2026-03-30T19:53:07.876Z - Received raw message of length 113
[NX v22.3.1 Daemon Server] - 2026-03-30T19:53:07.876Z - Received json message of type RECORD_OUTPUTS_HASH
[NX v22.3.1 Daemon Server] - 2026-03-30T19:53:07.882Z - Serializing response for RECORD_OUTPUTS_HASH message in json mode
[NX v22.3.1 Daemon Server] - 2026-03-30T19:53:07.883Z - Responding to RECORD_OUTPUTS_HASH message
[NX v22.3.1 Daemon Server] - 2026-03-30T19:53:07.883Z - [REQUEST]: Responding to the client. recordOutputsHash
[NX v22.3.1 Daemon Server] - 2026-03-30T19:53:07.883Z - Done responding to the client recordOutputsHash
[NX v22.3.1 Daemon Server] - 2026-03-30T19:53:07.883Z - Handled json message RECORD_OUTPUTS_HASH. Handling time: 6. Response time: 1.
[NX v22.3.1 Daemon Server] - 2026-03-30T19:53:07.940Z - [WATCHER]: Processing file changes in outputs
[NX v22.3.1 Daemon Server] - 2026-03-30T19:53:09.414Z - [WATCHER]: Processing file changes in outputs
[NX v22.3.1 Daemon Server] - 2026-03-30T19:53:09.530Z - [WATCHER]: Processing file changes in outputs
[NX v22.3.1 Daemon Server] - 2026-03-30T19:53:09.682Z - [WATCHER]: Processing file changes in outputs
[NX v22.3.1 Daemon Server] - 2026-03-30T19:53:09.828Z - [WATCHER]: Processing file changes in outputs
[NX v22.3.1 Daemon Server] - 2026-03-30T19:53:09.840Z - Received raw message of length 116
[NX v22.3.1 Daemon Server] - 2026-03-30T19:53:09.840Z - Received json message of type RECORD_OUTPUTS_HASH
[NX v22.3.1 Daemon Server] - 2026-03-30T19:53:09.845Z - Serializing response for RECORD_OUTPUTS_HASH message in json mode
[NX v22.3.1 Daemon Server] - 2026-03-30T19:53:09.845Z - Responding to RECORD_OUTPUTS_HASH message
[NX v22.3.1 Daemon Server] - 2026-03-30T19:53:09.845Z - [REQUEST]: Responding to the client. recordOutputsHash
[NX v22.3.1 Daemon Server] - 2026-03-30T19:53:09.845Z - Done responding to the client recordOutputsHash
[NX v22.3.1 Daemon Server] - 2026-03-30T19:53:09.846Z - Handled json message RECORD_OUTPUTS_HASH. Handling time: 5. Response time: 1.
[NX v22.3.1 Daemon Server] - 2026-03-30T19:53:09.907Z - [WATCHER]: Processing file changes in outputs
[NX v22.3.1 Daemon Server] - 2026-03-30T19:53:10.515Z - [WATCHER]: Processing file changes in outputs
[NX v22.3.1 Daemon Server] - 2026-03-30T19:53:11.514Z - [WATCHER]: Processing file changes in outputs
[NX v22.3.1 Daemon Server] - 2026-03-30T19:53:11.633Z - [WATCHER]: Processing file changes in outputs
[NX v22.3.1 Daemon Server] - 2026-03-30T19:53:12.628Z - [WATCHER]: Processing file changes in outputs
[NX v22.3.1 Daemon Server] - 2026-03-30T19:53:12.748Z - [WATCHER]: Processing file changes in outputs
[NX v22.3.1 Daemon Server] - 2026-03-30T19:53:13.195Z - [WATCHER]: Processing file changes in outputs
[NX v22.3.1 Daemon Server] - 2026-03-30T19:53:13.248Z - [WATCHER]: Processing file changes in outputs
[NX v22.3.1 Daemon Server] - 2026-03-30T19:53:13.299Z - [WATCHER]: Processing file changes in outputs
[NX v22.3.1 Daemon Server] - 2026-03-30T19:53:13.507Z - [WATCHER]: Processing file changes in outputs
[NX v22.3.1 Daemon Server] - 2026-03-30T19:53:13.558Z - [WATCHER]: Processing file changes in outputs
[NX v22.3.1 Daemon Server] - 2026-03-30T19:53:13.742Z - [WATCHER]: Processing file changes in outputs
[NX v22.3.1 Daemon Server] - 2026-03-30T19:53:13.802Z - [WATCHER]: Processing file changes in outputs
[NX v22.3.1 Daemon Server] - 2026-03-30T19:53:13.855Z - [WATCHER]: Processing file changes in outputs
[NX v22.3.1 Daemon Server] - 2026-03-30T19:53:13.927Z - [WATCHER]: Processing file changes in outputs
[NX v22.3.1 Daemon Server] - 2026-03-30T19:53:15.338Z - [WATCHER]: Processing file changes in outputs
[NX v22.3.1 Daemon Server] - 2026-03-30T19:54:45.081Z - [WATCHER]: Processing file changes in outputs
[NX v22.3.1 Daemon Server] - 2026-03-30T19:54:45.133Z - [WATCHER]: Processing file changes in outputs
[NX v22.3.1 Daemon Server] - 2026-03-30T19:54:45.186Z - [WATCHER]: Processing file changes in outputs
[NX v22.3.1 Daemon Server] - 2026-03-30T19:54:45.238Z - [WATCHER]: Processing file changes in outputs
[NX v22.3.1 Daemon Server] - 2026-03-30T19:54:45.291Z - [WATCHER]: Processing file changes in outputs
[NX v22.3.1 Daemon Server] - 2026-03-30T19:54:45.343Z - [WATCHER]: Processing file changes in outputs
[NX v22.3.1 Daemon Server] - 2026-03-30T19:54:45.393Z - [WATCHER]: Processing file changes in outputs
[NX v22.3.1 Daemon Server] - 2026-03-30T19:54:45.444Z - [WATCHER]: Processing file changes in outputs
[NX v22.3.1 Daemon Server] - 2026-03-30T19:54:45.496Z - [WATCHER]: Processing file changes in outputs
[NX v22.3.1 Daemon Server] - 2026-03-30T19:54:45.552Z - [WATCHER]: Processing file changes in outputs
[NX v22.3.1 Daemon Server] - 2026-03-30T19:54:45.604Z - [WATCHER]: Processing file changes in outputs
[NX v22.3.1 Daemon Server] - 2026-03-30T19:54:45.656Z - [WATCHER]: Processing file changes in outputs
[NX v22.3.1 Daemon Server] - 2026-03-30T19:54:45.710Z - [WATCHER]: Processing file changes in outputs
[NX v22.3.1 Daemon Server] - 2026-03-30T19:54:45.764Z - [WATCHER]: Processing file changes in outputs
[NX v22.3.1 Daemon Server] - 2026-03-30T19:54:45.818Z - [WATCHER]: Processing file changes in outputs
[NX v22.3.1 Daemon Server] - 2026-03-30T19:54:45.874Z - [WATCHER]: Processing file changes in outputs
[NX v22.3.1 Daemon Server] - 2026-03-30T19:54:45.925Z - [WATCHER]: Processing file changes in outputs
[NX v22.3.1 Daemon Server] - 2026-03-30T19:54:45.978Z - [WATCHER]: Processing file changes in outputs
[NX v22.3.1 Daemon Server] - 2026-03-30T19:54:46.032Z - [WATCHER]: Processing file changes in outputs
[NX v22.3.1 Daemon Server] - 2026-03-30T19:54:46.106Z - [WATCHER]: Processing file changes in outputs
[NX v22.3.1 Daemon Server] - 2026-03-30T19:54:46.169Z - [WATCHER]: Processing file changes in outputs
[NX v22.3.1 Daemon Server] - 2026-03-30T19:54:46.223Z - [WATCHER]: Processing file changes in outputs
[NX v22.3.1 Daemon Server] - 2026-03-30T19:54:46.276Z - [WATCHER]: Processing file changes in outputs
[NX v22.3.1 Daemon Server] - 2026-03-30T19:54:46.333Z - [WATCHER]: Processing file changes in outputs
[NX v22.3.1 Daemon Server] - 2026-03-30T19:54:46.385Z - [WATCHER]: Processing file changes in outputs
[NX v22.3.1 Daemon Server] - 2026-03-30T19:54:46.437Z - [WATCHER]: Processing file changes in outputs
[NX v22.3.1 Daemon Server] - 2026-03-30T19:54:46.490Z - [WATCHER]: Processing file changes in outputs
[NX v22.3.1 Daemon Server] - 2026-03-30T19:54:46.545Z - [WATCHER]: Processing file changes in outputs
[NX v22.3.1 Daemon Server] - 2026-03-30T19:54:46.598Z - [WATCHER]: Processing file changes in outputs
[NX v22.3.1 Daemon Server] - 2026-03-30T19:54:46.651Z - [WATCHER]: Processing file changes in outputs
[NX v22.3.1 Daemon Server] - 2026-03-30T19:54:46.704Z - [WATCHER]: Processing file changes in outputs
[NX v22.3.1 Daemon Server] - 2026-03-30T19:54:46.772Z - [WATCHER]: Processing file changes in outputs
[NX v22.3.1 Daemon Server] - 2026-03-30T19:54:46.848Z - [WATCHER]: Processing file changes in outputs
[NX v22.3.1 Daemon Server] - 2026-03-30T19:54:46.900Z - [WATCHER]: Processing file changes in outputs
[NX v22.3.1 Daemon Server] - 2026-03-30T19:54:46.956Z - [WATCHER]: Processing file changes in outputs
[NX v22.3.1 Daemon Server] - 2026-03-30T19:54:47.014Z - [WATCHER]: Processing file changes in outputs
[NX v22.3.1 Daemon Server] - 2026-03-30T19:54:47.069Z - [WATCHER]: Processing file changes in outputs
[NX v22.3.1 Daemon Server] - 2026-03-30T19:54:47.121Z - [WATCHER]: Processing file changes in outputs
[NX v22.3.1 Daemon Server] - 2026-03-30T19:54:47.189Z - [WATCHER]: Processing file changes in outputs
[NX v22.3.1 Daemon Server] - 2026-03-30T19:54:47.238Z - [WATCHER]: Processing file changes in outputs
[NX v22.3.1 Daemon Server] - 2026-03-30T19:54:47.290Z - [WATCHER]: Processing file changes in outputs
[NX v22.3.1 Daemon Server] - 2026-03-30T19:54:47.342Z - [WATCHER]: Processing file changes in outputs
[NX v22.3.1 Daemon Server] - 2026-03-30T19:54:47.395Z - [WATCHER]: Processing file changes in outputs
[NX v22.3.1 Daemon Server] - 2026-03-30T19:54:47.457Z - [WATCHER]: Processing file changes in outputs
[NX v22.3.1 Daemon Server] - 2026-03-30T19:54:47.509Z - [WATCHER]: Processing file changes in outputs
[NX v22.3.1 Daemon Server] - 2026-03-30T19:54:47.606Z - [WATCHER]: Processing file changes in outputs
[NX v22.3.1 Daemon Server] - 2026-03-30T19:54:47.658Z - [WATCHER]: Processing file changes in outputs
[NX v22.3.1 Daemon Server] - 2026-03-30T19:54:47.714Z - [WATCHER]: Processing file changes in outputs
[NX v22.3.1 Daemon Server] - 2026-03-30T19:54:47.765Z - [WATCHER]: Processing file changes in outputs
[NX v22.3.1 Daemon Server] - 2026-03-30T19:54:47.817Z - [WATCHER]: Processing file changes in outputs
[NX v22.3.1 Daemon Server] - 2026-03-30T19:54:47.869Z - [WATCHER]: Processing file changes in outputs
[NX v22.3.1 Daemon Server] - 2026-03-30T19:54:47.923Z - [WATCHER]: Processing file changes in outputs
[NX v22.3.1 Daemon Server] - 2026-03-30T19:54:47.974Z - [WATCHER]: Processing file changes in outputs
[NX v22.3.1 Daemon Server] - 2026-03-30T19:54:48.027Z - [WATCHER]: Processing file changes in outputs
[NX v22.3.1 Daemon Server] - 2026-03-30T19:54:48.089Z - [WATCHER]: Processing file changes in outputs
[NX v22.3.1 Daemon Server] - 2026-03-30T19:54:48.141Z - [WATCHER]: Processing file changes in outputs
[NX v22.3.1 Daemon Server] - 2026-03-30T19:54:48.194Z - [WATCHER]: Processing file changes in outputs
[NX v22.3.1 Daemon Server] - 2026-03-30T19:54:48.282Z - [WATCHER]: Processing file changes in outputs
[NX v22.3.1 Daemon Server] - 2026-03-30T19:54:50.548Z - [WATCHER]: Processing file changes in outputs
[NX v22.3.1 Daemon Server] - 2026-03-30T19:54:50.600Z - [WATCHER]: Processing file changes in outputs
[NX v22.3.1 Daemon Server] - 2026-03-30T19:54:50.653Z - [WATCHER]: Processing file changes in outputs
[NX v22.3.1 Daemon Server] - 2026-03-30T19:54:50.708Z - [WATCHER]: Processing file changes in outputs
[NX v22.3.1 Daemon Server] - 2026-03-30T19:54:50.762Z - [WATCHER]: Processing file changes in outputs
[NX v22.3.1 Daemon Server] - 2026-03-30T19:54:50.820Z - [WATCHER]: Processing file changes in outputs
[NX v22.3.1 Daemon Server] - 2026-03-30T19:54:50.874Z - [WATCHER]: Processing file changes in outputs
[NX v22.3.1 Daemon Server] - 2026-03-30T19:54:50.926Z - [WATCHER]: Processing file changes in outputs
[NX v22.3.1 Daemon Server] - 2026-03-30T19:54:50.980Z - [WATCHER]: Processing file changes in outputs
[NX v22.3.1 Daemon Server] - 2026-03-30T19:54:51.032Z - [WATCHER]: Processing file changes in outputs
[NX v22.3.1 Daemon Server] - 2026-03-30T19:54:51.087Z - [WATCHER]: Processing file changes in outputs
[NX v22.3.1 Daemon Server] - 2026-03-30T19:54:51.150Z - [WATCHER]: Processing file changes in outputs
[NX v22.3.1 Daemon Server] - 2026-03-30T19:54:51.202Z - [WATCHER]: Processing file changes in outputs
[NX v22.3.1 Daemon Server] - 2026-03-30T19:54:51.264Z - [WATCHER]: Processing file changes in outputs
[NX v22.3.1 Daemon Server] - 2026-03-30T19:54:51.317Z - [WATCHER]: Processing file changes in outputs
[NX v22.3.1 Daemon Server] - 2026-03-30T19:54:51.371Z - [WATCHER]: Processing file changes in outputs
[NX v22.3.1 Daemon Server] - 2026-03-30T19:54:51.427Z - [WATCHER]: Processing file changes in outputs
[NX v22.3.1 Daemon Server] - 2026-03-30T19:54:51.479Z - [WATCHER]: Processing file changes in outputs
[NX v22.3.1 Daemon Server] - 2026-03-30T19:54:51.531Z - [WATCHER]: Processing file changes in outputs
[NX v22.3.1 Daemon Server] - 2026-03-30T19:54:51.588Z - [WATCHER]: Processing file changes in outputs
[NX v22.3.1 Daemon Server] - 2026-03-30T19:54:51.649Z - [WATCHER]: Processing file changes in outputs
[NX v22.3.1 Daemon Server] - 2026-03-30T19:54:51.702Z - [WATCHER]: Processing file changes in outputs
[NX v22.3.1 Daemon Server] - 2026-03-30T19:54:51.755Z - [WATCHER]: Processing file changes in outputs
[NX v22.3.1 Daemon Server] - 2026-03-30T19:54:51.845Z - [WATCHER]: Processing file changes in outputs
[NX v22.3.1 Daemon Server] - 2026-03-30T19:54:51.897Z - [WATCHER]: Processing file changes in outputs
[NX v22.3.1 Daemon Server] - 2026-03-30T19:54:51.952Z - [WATCHER]: Processing file changes in outputs
[NX v22.3.1 Daemon Server] - 2026-03-30T19:54:52.030Z - [WATCHER]: Processing file changes in outputs
[NX v22.3.1 Daemon Server] - 2026-03-30T19:54:52.084Z - [WATCHER]: Processing file changes in outputs
[NX v22.3.1 Daemon Server] - 2026-03-30T19:54:52.136Z - [WATCHER]: Processing file changes in outputs
[NX v22.3.1 Daemon Server] - 2026-03-30T19:54:52.193Z - [WATCHER]: Processing file changes in outputs
[NX v22.3.1 Daemon Server] - 2026-03-30T19:54:52.245Z - [WATCHER]: Processing file changes in outputs
[NX v22.3.1 Daemon Server] - 2026-03-30T19:54:52.298Z - [WATCHER]: Processing file changes in outputs
[NX v22.3.1 Daemon Server] - 2026-03-30T19:54:52.351Z - [WATCHER]: Processing file changes in outputs
[NX v22.3.1 Daemon Server] - 2026-03-30T19:54:52.413Z - [WATCHER]: Processing file changes in outputs
[NX v22.3.1 Daemon Server] - 2026-03-30T19:54:52.465Z - [WATCHER]: Processing file changes in outputs
[NX v22.3.1 Daemon Server] - 2026-03-30T19:54:52.519Z - [WATCHER]: Processing file changes in outputs
[NX v22.3.1 Daemon Server] - 2026-03-30T19:54:52.577Z - [WATCHER]: Processing file changes in outputs
[NX v22.3.1 Daemon Server] - 2026-03-30T19:54:52.630Z - [WATCHER]: Processing file changes in outputs
[NX v22.3.1 Daemon Server] - 2026-03-30T19:54:52.691Z - [WATCHER]: Processing file changes in outputs
[NX v22.3.1 Daemon Server] - 2026-03-30T19:54:52.744Z - [WATCHER]: Processing file changes in outputs
[NX v22.3.1 Daemon Server] - 2026-03-30T19:54:52.796Z - [WATCHER]: Processing file changes in outputs
[NX v22.3.1 Daemon Server] - 2026-03-30T19:54:52.852Z - [WATCHER]: Processing file changes in outputs
[NX v22.3.1 Daemon Server] - 2026-03-30T19:54:52.910Z - [WATCHER]: Processing file changes in outputs
[NX v22.3.1 Daemon Server] - 2026-03-30T19:54:52.966Z - [WATCHER]: Processing file changes in outputs
[NX v22.3.1 Daemon Server] - 2026-03-30T19:54:53.019Z - [WATCHER]: Processing file changes in outputs
[NX v22.3.1 Daemon Server] - 2026-03-30T19:54:53.072Z - [WATCHER]: Processing file changes in outputs
[NX v22.3.1 Daemon Server] - 2026-03-30T19:54:53.124Z - [WATCHER]: Processing file changes in outputs
[NX v22.3.1 Daemon Server] - 2026-03-30T19:54:53.179Z - [WATCHER]: Processing file changes in outputs
[NX v22.3.1 Daemon Server] - 2026-03-30T19:54:53.234Z - [WATCHER]: Processing file changes in outputs
[NX v22.3.1 Daemon Server] - 2026-03-30T19:54:53.294Z - [WATCHER]: Processing file changes in outputs
[NX v22.3.1 Daemon Server] - 2026-03-30T19:54:53.347Z - [WATCHER]: Processing file changes in outputs
[NX v22.3.1 Daemon Server] - 2026-03-30T19:54:53.406Z - [WATCHER]: Processing file changes in outputs
[NX v22.3.1 Daemon Server] - 2026-03-30T19:54:53.457Z - [WATCHER]: Processing file changes in outputs
[NX v22.3.1 Daemon Server] - 2026-03-30T19:54:53.514Z - [WATCHER]: Processing file changes in outputs
[NX v22.3.1 Daemon Server] - 2026-03-30T19:54:53.567Z - [WATCHER]: Processing file changes in outputs
[NX v22.3.1 Daemon Server] - 2026-03-30T19:54:53.620Z - [WATCHER]: Processing file changes in outputs
[NX v22.3.1 Daemon Server] - 2026-03-30T19:54:53.676Z - [WATCHER]: Processing file changes in outputs
[NX v22.3.1 Daemon Server] - 2026-03-30T19:54:53.731Z - [WATCHER]: Processing file changes in outputs
[NX v22.3.1 Daemon Server] - 2026-03-30T19:54:53.790Z - [WATCHER]: Processing file changes in outputs
[NX v22.3.1 Daemon Server] - 2026-03-30T19:54:53.856Z - [WATCHER]: Processing file changes in outputs
[NX v22.3.1 Daemon Server] - 2026-03-30T19:54:53.908Z - [WATCHER]: Processing file changes in outputs
[NX v22.3.1 Daemon Server] - 2026-03-30T19:54:53.965Z - [WATCHER]: Processing file changes in outputs
[NX v22.3.1 Daemon Server] - 2026-03-30T19:54:54.016Z - [WATCHER]: Processing file changes in outputs
[NX v22.3.1 Daemon Server] - 2026-03-30T19:54:54.076Z - [WATCHER]: Processing file changes in outputs
[NX v22.3.1 Daemon Server] - 2026-03-30T19:54:54.128Z - [WATCHER]: Processing file changes in outputs
[NX v22.3.1 Daemon Server] - 2026-03-30T19:54:54.179Z - [WATCHER]: Processing file changes in outputs
[NX v22.3.1 Daemon Server] - 2026-03-30T19:54:54.234Z - [WATCHER]: Processing file changes in outputs
[NX v22.3.1 Daemon Server] - 2026-03-30T19:54:54.287Z - [WATCHER]: Processing file changes in outputs
[NX v22.3.1 Daemon Server] - 2026-03-30T19:54:54.340Z - [WATCHER]: Processing file changes in outputs
[NX v22.3.1 Daemon Server] - 2026-03-30T19:54:54.392Z - [WATCHER]: Processing file changes in outputs
[NX v22.3.1 Daemon Server] - 2026-03-30T19:54:54.444Z - [WATCHER]: Processing file changes in outputs
[NX v22.3.1 Daemon Server] - 2026-03-30T19:54:54.496Z - [WATCHER]: Processing file changes in outputs
[NX v22.3.1 Daemon Server] - 2026-03-30T19:54:54.547Z - [WATCHER]: Processing file changes in outputs
[NX v22.3.1 Daemon Server] - 2026-03-30T19:54:54.598Z - [WATCHER]: Processing file changes in outputs
[NX v22.3.1 Daemon Server] - 2026-03-30T19:54:54.652Z - [WATCHER]: Processing file changes in outputs
[NX v22.3.1 Daemon Server] - 2026-03-30T19:54:54.706Z - [WATCHER]: Processing file changes in outputs
[NX v22.3.1 Daemon Server] - 2026-03-30T19:54:54.764Z - [WATCHER]: Processing file changes in outputs
[NX v22.3.1 Daemon Server] - 2026-03-30T19:54:54.816Z - [WATCHER]: Processing file changes in outputs
[NX v22.3.1 Daemon Server] - 2026-03-30T19:54:54.869Z - [WATCHER]: Processing file changes in outputs
[NX v22.3.1 Daemon Server] - 2026-03-30T19:54:54.922Z - [WATCHER]: Processing file changes in outputs
[NX v22.3.1 Daemon Server] - 2026-03-30T19:54:54.974Z - [WATCHER]: Processing file changes in outputs
[NX v22.3.1 Daemon Server] - 2026-03-30T19:54:55.026Z - [WATCHER]: Processing file changes in outputs
[NX v22.3.1 Daemon Server] - 2026-03-30T19:54:55.078Z - [WATCHER]: Processing file changes in outputs
[NX v22.3.1 Daemon Server] - 2026-03-30T19:54:55.129Z - [WATCHER]: Processing file changes in outputs
[NX v22.3.1 Daemon Server] - 2026-03-30T19:54:55.184Z - [WATCHER]: Processing file changes in outputs
[NX v22.3.1 Daemon Server] - 2026-03-30T19:54:55.233Z - [WATCHER]: Processing file changes in outputs
[NX v22.3.1 Daemon Server] - 2026-03-30T19:54:55.286Z - [WATCHER]: Processing file changes in outputs
[NX v22.3.1 Daemon Server] - 2026-03-30T19:54:55.338Z - [WATCHER]: Processing file changes in outputs
[NX v22.3.1 Daemon Server] - 2026-03-30T19:54:55.390Z - [WATCHER]: Processing file changes in outputs
[NX v22.3.1 Daemon Server] - 2026-03-30T19:54:55.442Z - [WATCHER]: Processing file changes in outputs
[NX v22.3.1 Daemon Server] - 2026-03-30T19:54:55.495Z - [WATCHER]: Processing file changes in outputs
[NX v22.3.1 Daemon Server] - 2026-03-30T19:54:55.555Z - [WATCHER]: Processing file changes in outputs
[NX v22.3.1 Daemon Server] - 2026-03-30T19:54:55.609Z - [WATCHER]: Processing file changes in outputs
[NX v22.3.1 Daemon Server] - 2026-03-30T19:54:56.613Z - [WATCHER]: Processing file changes in outputs
[NX v22.3.1 Daemon Server] - 2026-03-30T19:54:56.684Z - [WATCHER]: Processing file changes in outputs
[NX v22.3.1 Daemon Server] - 2026-03-30T19:54:59.310Z - Received raw message of length 893
[NX v22.3.1 Daemon Server] - 2026-03-30T19:54:59.312Z - Received json message of type RECORD_TASK_RUNS
[NX v22.3.1 Daemon Server] - 2026-03-30T19:54:59.315Z - Serializing response for RECORD_TASK_RUNS message in json mode
[NX v22.3.1 Daemon Server] - 2026-03-30T19:54:59.315Z - Responding to RECORD_TASK_RUNS message
[NX v22.3.1 Daemon Server] - 2026-03-30T19:54:59.315Z - [REQUEST]: Responding to the client. handleRecordTaskRuns
[NX v22.3.1 Daemon Server] - 2026-03-30T19:54:59.315Z - Done responding to the client handleRecordTaskRuns
[NX v22.3.1 Daemon Server] - 2026-03-30T19:54:59.315Z - Handled json message RECORD_TASK_RUNS. Handling time: 3. Response time: 0.
[NX v22.3.1 Daemon Server] - 2026-03-30T19:54:59.333Z - Received raw message of length 102
[NX v22.3.1 Daemon Server] - 2026-03-30T19:54:59.333Z - Received json message of type RECORD_OUTPUTS_HASH
[NX v22.3.1 Daemon Server] - 2026-03-30T19:54:59.365Z - Serializing response for RECORD_OUTPUTS_HASH message in json mode
[NX v22.3.1 Daemon Server] - 2026-03-30T19:54:59.365Z - Responding to RECORD_OUTPUTS_HASH message
[NX v22.3.1 Daemon Server] - 2026-03-30T19:54:59.365Z - [REQUEST]: Responding to the client. recordOutputsHash
[NX v22.3.1 Daemon Server] - 2026-03-30T19:54:59.365Z - Done responding to the client recordOutputsHash
[NX v22.3.1 Daemon Server] - 2026-03-30T19:54:59.365Z - Handled json message RECORD_OUTPUTS_HASH. Handling time: 32. Response time: 0.
[NX v22.3.1 Daemon Server] - 2026-03-30T19:55:05.708Z - Received raw message of length 151
[NX v22.3.1 Daemon Server] - 2026-03-30T19:55:05.708Z - Received json message of type GET_FLAKY_TASKS
[NX v22.3.1 Daemon Server] - 2026-03-30T19:55:05.708Z - Serializing response for GET_FLAKY_TASKS message in json mode
[NX v22.3.1 Daemon Server] - 2026-03-30T19:55:05.708Z - Responding to GET_FLAKY_TASKS message
[NX v22.3.1 Daemon Server] - 2026-03-30T19:55:05.708Z - [REQUEST]: Responding to the client. handleGetFlakyTasks
[NX v22.3.1 Daemon Server] - 2026-03-30T19:55:05.708Z - Done responding to the client handleGetFlakyTasks
[NX v22.3.1 Daemon Server] - 2026-03-30T19:55:05.708Z - Handled json message GET_FLAKY_TASKS. Handling time: 0. Response time: 0.
[NX v22.3.1 Daemon Server] - 2026-03-30T19:55:05.742Z - Received raw message of length 275010
[NX v22.3.1 Daemon Server] - 2026-03-30T19:55:05.743Z - Received json message of type POST_TASKS_EXECUTION
[NX v22.3.1 Daemon Server] - 2026-03-30T19:55:05.744Z - Serializing response for POST_TASKS_EXECUTION message in json mode
[NX v22.3.1 Daemon Server] - 2026-03-30T19:55:05.744Z - Responding to POST_TASKS_EXECUTION message
[NX v22.3.1 Daemon Server] - 2026-03-30T19:55:05.744Z - [REQUEST]: Responding to the client. handleRunPostTasksExecution
[NX v22.3.1 Daemon Server] - 2026-03-30T19:55:05.744Z - Done responding to the client handleRunPostTasksExecution
[NX v22.3.1 Daemon Server] - 2026-03-30T19:55:05.744Z - Handled json message POST_TASKS_EXECUTION. Handling time: 1. Response time: 0.
[NX v22.3.1 Daemon Server] - 2026-03-30T19:55:05.744Z - Time taken for 'postTasksExecution' 0.23812500000349246ms
[NX v22.3.1 Daemon Server] - 2026-03-30T19:55:05.752Z - Closed a connection. Number of open connections: 0
[NX v22.3.1 Daemon Server] - 2026-03-30T19:59:35.632Z - [WATCHER]: Processing file changes in outputs
[NX v22.3.1 Daemon Server] - 2026-03-30T19:59:35.635Z - [WATCHER]: 1 file(s) created or restored, 0 file(s) modified, 1 file(s) deleted
[NX v22.3.1 Daemon Server] - 2026-03-30T19:59:35.635Z - [SYNC]: clearing sync generators cache due to file changes
[NX v22.3.1 Daemon Server] - 2026-03-30T19:59:35.740Z - [REQUEST]: Updated workspace context based on watched changes, recomputing project graph...
[NX v22.3.1 Daemon Server] - 2026-03-30T19:59:35.740Z - [REQUEST]: packages/demo-icon-comparison/src/App.tsx
[NX v22.3.1 Daemon Server] - 2026-03-30T19:59:35.740Z - [REQUEST]: packages/demo-icon-comparison/src/App.tsx.tmp.4762.1774900775573
[NX v22.3.1 Daemon Server] - 2026-03-30T19:59:35.744Z - Time taken for 'hash changed files from watcher' 2.984082999988459ms
Time for 'nx/core/project-json:createNodes' 0.38300000003073364
Time for 'nx/js/dependencies-and-lockfile:createNodes' 10.585499999986496
Time for 'nx/core/package-json:createNodes' 17.2309580000001
[NX v22.3.1 Daemon Server] - 2026-03-30T19:59:35.787Z - Time taken for 'build-project-configs' 25.693916000018362ms
Time for 'build typescript dependencies' 2.1777080000028946
[NX v22.3.1 Daemon Server] - 2026-03-30T19:59:35.809Z - [SYNC]: collect registered sync generators
[NX v22.3.1 Daemon Server] - 2026-03-30T19:59:35.810Z - [SYNC]: project graph hash is the same, not collecting task sync generators
[NX v22.3.1 Daemon Server] - 2026-03-30T19:59:35.810Z - [SYNC]: nx.json hash is the same, not collecting global sync generators
[NX v22.3.1 Daemon Server] - 2026-03-30T19:59:35.810Z - Time taken for 'total execution time for createProjectGraph()' 32.42220799997449ms
[NX v22.3.1 Daemon Server] - 2026-03-30T19:59:52.435Z - [WATCHER]: 1 file(s) created or restored, 0 file(s) modified, 1 file(s) deleted
[NX v22.3.1 Daemon Server] - 2026-03-30T19:59:52.435Z - [SYNC]: clearing sync generators cache due to file changes
[NX v22.3.1 Daemon Server] - 2026-03-30T19:59:52.435Z - [WATCHER]: Processing file changes in outputs
[NX v22.3.1 Daemon Server] - 2026-03-30T19:59:52.539Z - [REQUEST]: Updated workspace context based on watched changes, recomputing project graph...
[NX v22.3.1 Daemon Server] - 2026-03-30T19:59:52.539Z - [REQUEST]: packages/demo-icon-comparison/src/App.tsx
[NX v22.3.1 Daemon Server] - 2026-03-30T19:59:52.539Z - [REQUEST]: packages/demo-icon-comparison/src/App.tsx.tmp.4762.1774900792369
[NX v22.3.1 Daemon Server] - 2026-03-30T19:59:52.543Z - Time taken for 'hash changed files from watcher' 2.8908330000122078ms
Time for 'nx/core/project-json:createNodes' 0.06529200001386926
Time for 'nx/js/dependencies-and-lockfile:createNodes' 7.45212500001071
Time for 'nx/core/package-json:createNodes' 13.752875000005588
[NX v22.3.1 Daemon Server] - 2026-03-30T19:59:52.580Z - Time taken for 'build-project-configs' 20.850374999979977ms
Time for 'build typescript dependencies' 1.4867500000400469
[NX v22.3.1 Daemon Server] - 2026-03-30T19:59:52.603Z - [SYNC]: collect registered sync generators
[NX v22.3.1 Daemon Server] - 2026-03-30T19:59:52.604Z - [SYNC]: project graph hash is the same, not collecting task sync generators
[NX v22.3.1 Daemon Server] - 2026-03-30T19:59:52.604Z - [SYNC]: nx.json hash is the same, not collecting global sync generators
[NX v22.3.1 Daemon Server] - 2026-03-30T19:59:52.604Z - Time taken for 'total execution time for createProjectGraph()' 32.12591699999757ms
[NX v22.3.1 Daemon Server] - 2026-03-30T20:00:02.299Z - [WATCHER]: 1 file(s) created or restored, 0 file(s) modified, 1 file(s) deleted
[NX v22.3.1 Daemon Server] - 2026-03-30T20:00:02.299Z - [SYNC]: clearing sync generators cache due to file changes
[NX v22.3.1 Daemon Server] - 2026-03-30T20:00:02.300Z - [WATCHER]: Processing file changes in outputs
[NX v22.3.1 Daemon Server] - 2026-03-30T20:00:02.404Z - [REQUEST]: Updated workspace context based on watched changes, recomputing project graph...
[NX v22.3.1 Daemon Server] - 2026-03-30T20:00:02.404Z - [REQUEST]: packages/demo-icon-comparison/src/App.tsx
[NX v22.3.1 Daemon Server] - 2026-03-30T20:00:02.404Z - [REQUEST]: packages/demo-icon-comparison/src/App.tsx.tmp.4762.1774900802238
[NX v22.3.1 Daemon Server] - 2026-03-30T20:00:02.408Z - Time taken for 'hash changed files from watcher' 2.93891700002132ms
Time for 'nx/core/project-json:createNodes' 0.07533299998613074
Time for 'nx/js/dependencies-and-lockfile:createNodes' 6.020874999987427
Time for 'nx/core/package-json:createNodes' 8.185708000033628
[NX v22.3.1 Daemon Server] - 2026-03-30T20:00:02.437Z - Time taken for 'build-project-configs' 15.350749999983236ms
Time for 'build typescript dependencies' 1.7689159999717958
[NX v22.3.1 Daemon Server] - 2026-03-30T20:00:02.460Z - [SYNC]: collect registered sync generators
[NX v22.3.1 Daemon Server] - 2026-03-30T20:00:02.461Z - [SYNC]: project graph hash is the same, not collecting task sync generators
[NX v22.3.1 Daemon Server] - 2026-03-30T20:00:02.461Z - [SYNC]: nx.json hash is the same, not collecting global sync generators
[NX v22.3.1 Daemon Server] - 2026-03-30T20:00:02.461Z - Time taken for 'total execution time for createProjectGraph()' 27.942374999984168ms
[NX v22.3.1 Daemon Server] - 2026-03-30T20:00:09.148Z - [WATCHER]: 1 file(s) created or restored, 0 file(s) modified, 1 file(s) deleted
[NX v22.3.1 Daemon Server] - 2026-03-30T20:00:09.148Z - [SYNC]: clearing sync generators cache due to file changes
[NX v22.3.1 Daemon Server] - 2026-03-30T20:00:09.148Z - [WATCHER]: Processing file changes in outputs
[NX v22.3.1 Daemon Server] - 2026-03-30T20:00:09.252Z - [REQUEST]: Updated workspace context based on watched changes, recomputing project graph...
[NX v22.3.1 Daemon Server] - 2026-03-30T20:00:09.252Z - [REQUEST]: packages/demo-icon-comparison/src/App.tsx
[NX v22.3.1 Daemon Server] - 2026-03-30T20:00:09.252Z - [REQUEST]: packages/demo-icon-comparison/src/App.tsx.tmp.4762.1774900809085
[NX v22.3.1 Daemon Server] - 2026-03-30T20:00:09.256Z - Time taken for 'hash changed files from watcher' 2.8289590000058524ms
Time for 'nx/core/project-json:createNodes' 0.05175000004237518
Time for 'nx/core/package-json:createNodes' 6.445957999967504
Time for 'nx/js/dependencies-and-lockfile:createNodes' 6.415666999993846
[NX v22.3.1 Daemon Server] - 2026-03-30T20:00:09.285Z - Time taken for 'build-project-configs' 14.737665999971796ms
Time for 'build typescript dependencies' 1.4304999999585561
[NX v22.3.1 Daemon Server] - 2026-03-30T20:00:09.303Z - [SYNC]: collect registered sync generators
[NX v22.3.1 Daemon Server] - 2026-03-30T20:00:09.304Z - [SYNC]: project graph hash is the same, not collecting task sync generators
[NX v22.3.1 Daemon Server] - 2026-03-30T20:00:09.304Z - [SYNC]: nx.json hash is the same, not collecting global sync generators
[NX v22.3.1 Daemon Server] - 2026-03-30T20:00:09.304Z - Time taken for 'total execution time for createProjectGraph()' 25.851833000022452ms
[NX v22.3.1 Daemon Server] - 2026-03-30T20:00:24.769Z - [WATCHER]: 1 file(s) created or restored, 0 file(s) modified, 1 file(s) deleted
[NX v22.3.1 Daemon Server] - 2026-03-30T20:00:24.770Z - [SYNC]: clearing sync generators cache due to file changes
[NX v22.3.1 Daemon Server] - 2026-03-30T20:00:24.770Z - [WATCHER]: Processing file changes in outputs
[NX v22.3.1 Daemon Server] - 2026-03-30T20:00:24.874Z - [REQUEST]: Updated workspace context based on watched changes, recomputing project graph...
[NX v22.3.1 Daemon Server] - 2026-03-30T20:00:24.874Z - [REQUEST]: packages/demo-icon-comparison/src/App.tsx
[NX v22.3.1 Daemon Server] - 2026-03-30T20:00:24.874Z - [REQUEST]: packages/demo-icon-comparison/src/App.tsx.tmp.4762.1774900824703
[NX v22.3.1 Daemon Server] - 2026-03-30T20:00:24.878Z - Time taken for 'hash changed files from watcher' 2.7976250000065193ms
Time for 'nx/core/project-json:createNodes' 0.05612500000279397
Time for 'nx/js/dependencies-and-lockfile:createNodes' 7.213667000003625
Time for 'nx/core/package-json:createNodes' 11.148083000036422
[NX v22.3.1 Daemon Server] - 2026-03-30T20:00:24.907Z - Time taken for 'build-project-configs' 15.608249999990221ms
Time for 'build typescript dependencies' 1.7054589999606833
[NX v22.3.1 Daemon Server] - 2026-03-30T20:00:24.928Z - [SYNC]: collect registered sync generators
[NX v22.3.1 Daemon Server] - 2026-03-30T20:00:24.928Z - [SYNC]: project graph hash is the same, not collecting task sync generators
[NX v22.3.1 Daemon Server] - 2026-03-30T20:00:24.928Z - [SYNC]: nx.json hash is the same, not collecting global sync generators
[NX v22.3.1 Daemon Server] - 2026-03-30T20:00:24.928Z - Time taken for 'total execution time for createProjectGraph()' 27.520499999984168ms
[NX v22.3.1 Daemon Server] - 2026-03-30T20:00:38.374Z - [WATCHER]: 1 file(s) created or restored, 0 file(s) modified, 1 file(s) deleted
[NX v22.3.1 Daemon Server] - 2026-03-30T20:00:38.374Z - [SYNC]: clearing sync generators cache due to file changes
[NX v22.3.1 Daemon Server] - 2026-03-30T20:00:38.374Z - [WATCHER]: Processing file changes in outputs
[NX v22.3.1 Daemon Server] - 2026-03-30T20:00:38.478Z - [REQUEST]: Updated workspace context based on watched changes, recomputing project graph...
[NX v22.3.1 Daemon Server] - 2026-03-30T20:00:38.478Z - [REQUEST]: packages/demo-icon-comparison/src/App.tsx
[NX v22.3.1 Daemon Server] - 2026-03-30T20:00:38.478Z - [REQUEST]: packages/demo-icon-comparison/src/App.tsx.tmp.4762.1774900838311
[NX v22.3.1 Daemon Server] - 2026-03-30T20:00:38.484Z - Time taken for 'hash changed files from watcher' 2.856833000027109ms
Time for 'nx/core/project-json:createNodes' 0.07666600000811741
Time for 'nx/js/dependencies-and-lockfile:createNodes' 5.2174160000286065
Time for 'nx/core/package-json:createNodes' 6.83304199995473
[NX v22.3.1 Daemon Server] - 2026-03-30T20:00:38.509Z - Time taken for 'build-project-configs' 12.711791999987327ms
Time for 'build typescript dependencies' 1.5932920000050217
[NX v22.3.1 Daemon Server] - 2026-03-30T20:00:38.531Z - [SYNC]: collect registered sync generators
[NX v22.3.1 Daemon Server] - 2026-03-30T20:00:38.532Z - [SYNC]: project graph hash is the same, not collecting task sync generators
[NX v22.3.1 Daemon Server] - 2026-03-30T20:00:38.532Z - [SYNC]: nx.json hash is the same, not collecting global sync generators
[NX v22.3.1 Daemon Server] - 2026-03-30T20:00:38.534Z - Time taken for 'total execution time for createProjectGraph()' 28.33291699999245ms
[NX v22.3.1 Daemon Server] - 2026-03-30T20:00:53.921Z - [WATCHER]: Processing file changes in outputs
[NX v22.3.1 Daemon Server] - 2026-03-30T20:00:53.921Z - [WATCHER]: 1 file(s) created or restored, 0 file(s) modified, 1 file(s) deleted
[NX v22.3.1 Daemon Server] - 2026-03-30T20:00:53.921Z - [SYNC]: clearing sync generators cache due to file changes
[NX v22.3.1 Daemon Server] - 2026-03-30T20:00:54.025Z - [REQUEST]: Updated workspace context based on watched changes, recomputing project graph...
[NX v22.3.1 Daemon Server] - 2026-03-30T20:00:54.025Z - [REQUEST]: packages/demo-icon-comparison/src/components/IconComparisonCard.tsx
[NX v22.3.1 Daemon Server] - 2026-03-30T20:00:54.025Z - [REQUEST]: packages/demo-icon-comparison/src/components/IconComparisonCard.tsx.tmp.4762.1774900853860
[NX v22.3.1 Daemon Server] - 2026-03-30T20:00:54.029Z - Time taken for 'hash changed files from watcher' 2.949332999996841ms
Time for 'nx/core/project-json:createNodes' 0.0724589999881573
Time for 'nx/js/dependencies-and-lockfile:createNodes' 6.293416999978945
Time for 'nx/core/package-json:createNodes' 7.616333000012673
[NX v22.3.1 Daemon Server] - 2026-03-30T20:00:54.057Z - Time taken for 'build-project-configs' 14.534041000006255ms
Time for 'build typescript dependencies' 1.3080830000108108
[NX v22.3.1 Daemon Server] - 2026-03-30T20:00:54.076Z - [SYNC]: collect registered sync generators
[NX v22.3.1 Daemon Server] - 2026-03-30T20:00:54.077Z - [SYNC]: project graph hash is the same, not collecting task sync generators
[NX v22.3.1 Daemon Server] - 2026-03-30T20:00:54.077Z - [SYNC]: nx.json hash is the same, not collecting global sync generators
[NX v22.3.1 Daemon Server] - 2026-03-30T20:00:54.077Z - Time taken for 'total execution time for createProjectGraph()' 25.080083000008017ms
[NX v22.3.1 Daemon Server] - 2026-03-30T20:00:54.224Z - [WATCHER]: Processing file changes in outputs
[NX v22.3.1 Daemon Server] - 2026-03-30T20:00:54.227Z - [WATCHER]: 1 file(s) created or restored, 0 file(s) modified, 1 file(s) deleted
[NX v22.3.1 Daemon Server] - 2026-03-30T20:00:54.227Z - [SYNC]: clearing sync generators cache due to file changes
[NX v22.3.1 Daemon Server] - 2026-03-30T20:00:54.331Z - [REQUEST]: Updated workspace context based on watched changes, recomputing project graph...
[NX v22.3.1 Daemon Server] - 2026-03-30T20:00:54.331Z - [REQUEST]: packages/demo-icon-comparison/src/components/IconComparisonCard.tsx
[NX v22.3.1 Daemon Server] - 2026-03-30T20:00:54.331Z - [REQUEST]: packages/demo-icon-comparison/src/components/IconComparisonCard.tsx.tmp.4762.1774900854159
Time for 'nx/core/project-json:createNodes' 0.08758399996440858
[NX v22.3.1 Daemon Server] - 2026-03-30T20:00:54.335Z - Time taken for 'hash changed files from watcher' 3.030124999990221ms
Time for 'nx/js/dependencies-and-lockfile:createNodes' 6.725750000041444
Time for 'nx/core/package-json:createNodes' 8.708875000011176
[NX v22.3.1 Daemon Server] - 2026-03-30T20:00:54.365Z - Time taken for 'build-project-configs' 18.641583000018727ms
Time for 'build typescript dependencies' 1.7062080000177957
[NX v22.3.1 Daemon Server] - 2026-03-30T20:00:54.382Z - [SYNC]: collect registered sync generators
[NX v22.3.1 Daemon Server] - 2026-03-30T20:00:54.383Z - [SYNC]: project graph hash is the same, not collecting task sync generators
[NX v22.3.1 Daemon Server] - 2026-03-30T20:00:54.383Z - [SYNC]: nx.json hash is the same, not collecting global sync generators
[NX v22.3.1 Daemon Server] - 2026-03-30T20:00:54.383Z - Time taken for 'total execution time for createProjectGraph()' 22.947792000020854ms
[NX v22.3.1 Daemon Server] - 2026-03-30T20:01:24.071Z - [WATCHER]: 1 file(s) created or restored, 0 file(s) modified, 1 file(s) deleted
[NX v22.3.1 Daemon Server] - 2026-03-30T20:01:24.071Z - [SYNC]: clearing sync generators cache due to file changes
[NX v22.3.1 Daemon Server] - 2026-03-30T20:01:24.071Z - [WATCHER]: Processing file changes in outputs
[NX v22.3.1 Daemon Server] - 2026-03-30T20:01:24.175Z - [REQUEST]: Updated workspace context based on watched changes, recomputing project graph...
[NX v22.3.1 Daemon Server] - 2026-03-30T20:01:24.175Z - [REQUEST]: packages/demo-icon-comparison/src/components/IconComparisonCard.tsx
[NX v22.3.1 Daemon Server] - 2026-03-30T20:01:24.175Z - [REQUEST]: packages/demo-icon-comparison/src/components/IconComparisonCard.tsx.tmp.4762.1774900884013
[NX v22.3.1 Daemon Server] - 2026-03-30T20:01:24.180Z - Time taken for 'hash changed files from watcher' 2.9160419999971054ms
Time for 'nx/core/project-json:createNodes' 0.11462499998742715
Time for 'nx/js/dependencies-and-lockfile:createNodes' 6.802416999998968
Time for 'nx/core/package-json:createNodes' 7.533875000022817
[NX v22.3.1 Daemon Server] - 2026-03-30T20:01:24.208Z - Time taken for 'build-project-configs' 14.721334000001661ms
Time for 'build typescript dependencies' 2.2994170000310987
[NX v22.3.1 Daemon Server] - 2026-03-30T20:01:24.226Z - [SYNC]: collect registered sync generators
[NX v22.3.1 Daemon Server] - 2026-03-30T20:01:24.227Z - [SYNC]: project graph hash is the same, not collecting task sync generators
[NX v22.3.1 Daemon Server] - 2026-03-30T20:01:24.227Z - [SYNC]: nx.json hash is the same, not collecting global sync generators
[NX v22.3.1 Daemon Server] - 2026-03-30T20:01:24.227Z - Time taken for 'total execution time for createProjectGraph()' 24.0140830000164ms
[NX v22.3.1 Daemon Server] - 2026-03-30T20:01:24.375Z - [WATCHER]: Processing file changes in outputs
[NX v22.3.1 Daemon Server] - 2026-03-30T20:01:24.376Z - [WATCHER]: 1 file(s) created or restored, 0 file(s) modified, 1 file(s) deleted
[NX v22.3.1 Daemon Server] - 2026-03-30T20:01:24.376Z - [SYNC]: clearing sync generators cache due to file changes
[NX v22.3.1 Daemon Server] - 2026-03-30T20:01:24.489Z - [REQUEST]: Updated workspace context based on watched changes, recomputing project graph...
[NX v22.3.1 Daemon Server] - 2026-03-30T20:01:24.489Z - [REQUEST]: packages/demo-icon-comparison/src/components/IconComparisonCard.tsx
[NX v22.3.1 Daemon Server] - 2026-03-30T20:01:24.489Z - [REQUEST]: packages/demo-icon-comparison/src/components/IconComparisonCard.tsx.tmp.4762.1774900884311
[NX v22.3.1 Daemon Server] - 2026-03-30T20:01:24.501Z - Time taken for 'hash changed files from watcher' 11.704582999984268ms
Time for 'nx/core/project-json:createNodes' 0.03833299997495487
Time for 'nx/js/dependencies-and-lockfile:createNodes' 6.463000000047032
Time for 'nx/core/package-json:createNodes' 7.222958000027575
[NX v22.3.1 Daemon Server] - 2026-03-30T20:01:24.532Z - Time taken for 'build-project-configs' 17.01587499998277ms
Time for 'build typescript dependencies' 1.8287089999648742
[NX v22.3.1 Daemon Server] - 2026-03-30T20:01:24.550Z - [SYNC]: collect registered sync generators
[NX v22.3.1 Daemon Server] - 2026-03-30T20:01:24.550Z - [SYNC]: project graph hash is the same, not collecting task sync generators
[NX v22.3.1 Daemon Server] - 2026-03-30T20:01:24.550Z - [SYNC]: nx.json hash is the same, not collecting global sync generators
[NX v22.3.1 Daemon Server] - 2026-03-30T20:01:24.550Z - Time taken for 'total execution time for createProjectGraph()' 25.2174159999704ms
[NX v22.3.1 Daemon Server] - 2026-03-30T20:01:37.984Z - [WATCHER]: 1 file(s) created or restored, 0 file(s) modified, 1 file(s) deleted
[NX v22.3.1 Daemon Server] - 2026-03-30T20:01:37.986Z - [SYNC]: clearing sync generators cache due to file changes
[NX v22.3.1 Daemon Server] - 2026-03-30T20:01:37.986Z - [WATCHER]: Processing file changes in outputs
[NX v22.3.1 Daemon Server] - 2026-03-30T20:01:38.090Z - [REQUEST]: Updated workspace context based on watched changes, recomputing project graph...
[NX v22.3.1 Daemon Server] - 2026-03-30T20:01:38.090Z - [REQUEST]: packages/demo-icon-comparison/src/components/IconComparisonCard.tsx
[NX v22.3.1 Daemon Server] - 2026-03-30T20:01:38.090Z - [REQUEST]: packages/demo-icon-comparison/src/components/IconComparisonCard.tsx.tmp.4762.1774900897918
[NX v22.3.1 Daemon Server] - 2026-03-30T20:01:38.093Z - Time taken for 'hash changed files from watcher' 2.821165999979712ms
Time for 'nx/core/project-json:createNodes' 0.07275000005029142
Time for 'nx/js/dependencies-and-lockfile:createNodes' 5.282624999992549
Time for 'nx/core/package-json:createNodes' 6.875874999910593
[NX v22.3.1 Daemon Server] - 2026-03-30T20:01:38.119Z - Time taken for 'build-project-configs' 12.863125000032596ms
Time for 'build typescript dependencies' 1.2503330000909045
[NX v22.3.1 Daemon Server] - 2026-03-30T20:01:38.138Z - [SYNC]: collect registered sync generators
[NX v22.3.1 Daemon Server] - 2026-03-30T20:01:38.139Z - [SYNC]: project graph hash is the same, not collecting task sync generators
[NX v22.3.1 Daemon Server] - 2026-03-30T20:01:38.139Z - [SYNC]: nx.json hash is the same, not collecting global sync generators
[NX v22.3.1 Daemon Server] - 2026-03-30T20:01:38.139Z - Time taken for 'total execution time for createProjectGraph()' 25.550958000007086ms
[NX v22.3.1 Daemon Server] - 2026-03-30T20:01:47.639Z - [WATCHER]: 1 file(s) created or restored, 0 file(s) modified, 1 file(s) deleted
[NX v22.3.1 Daemon Server] - 2026-03-30T20:01:47.639Z - [SYNC]: clearing sync generators cache due to file changes
[NX v22.3.1 Daemon Server] - 2026-03-30T20:01:47.639Z - [WATCHER]: Processing file changes in outputs
[NX v22.3.1 Daemon Server] - 2026-03-30T20:01:47.744Z - [REQUEST]: Updated workspace context based on watched changes, recomputing project graph...
[NX v22.3.1 Daemon Server] - 2026-03-30T20:01:47.748Z - [REQUEST]: packages/demo-icon-comparison/src/components/IconComparisonCard.tsx
[NX v22.3.1 Daemon Server] - 2026-03-30T20:01:47.748Z - [REQUEST]: packages/demo-icon-comparison/src/components/IconComparisonCard.tsx.tmp.4762.1774900907574
[NX v22.3.1 Daemon Server] - 2026-03-30T20:01:47.751Z - Time taken for 'hash changed files from watcher' 3.138124999939464ms
Time for 'nx/core/project-json:createNodes' 0.03929100011009723
Time for 'nx/core/package-json:createNodes' 6.224333999911323
Time for 'nx/js/dependencies-and-lockfile:createNodes' 6.097708999994211
[NX v22.3.1 Daemon Server] - 2026-03-30T20:01:47.776Z - Time taken for 'build-project-configs' 13.208541000029072ms
Time for 'build typescript dependencies' 1.5853750000242144
[NX v22.3.1 Daemon Server] - 2026-03-30T20:01:47.795Z - [SYNC]: collect registered sync generators
[NX v22.3.1 Daemon Server] - 2026-03-30T20:01:47.796Z - [SYNC]: project graph hash is the same, not collecting task sync generators
[NX v22.3.1 Daemon Server] - 2026-03-30T20:01:47.796Z - [SYNC]: nx.json hash is the same, not collecting global sync generators
[NX v22.3.1 Daemon Server] - 2026-03-30T20:01:47.796Z - Time taken for 'total execution time for createProjectGraph()' 24.354582999949344ms
[NX v22.3.1 Daemon Server] - 2026-03-30T20:01:59.891Z - [WATCHER]: 1 file(s) created or restored, 0 file(s) modified, 1 file(s) deleted
[NX v22.3.1 Daemon Server] - 2026-03-30T20:01:59.891Z - [SYNC]: clearing sync generators cache due to file changes
[NX v22.3.1 Daemon Server] - 2026-03-30T20:01:59.891Z - [WATCHER]: Processing file changes in outputs
[NX v22.3.1 Daemon Server] - 2026-03-30T20:01:59.997Z - [REQUEST]: Updated workspace context based on watched changes, recomputing project graph...
[NX v22.3.1 Daemon Server] - 2026-03-30T20:01:59.997Z - [REQUEST]: packages/demo-icon-comparison/src/components/IconComparisonCard.tsx
[NX v22.3.1 Daemon Server] - 2026-03-30T20:01:59.997Z - [REQUEST]: packages/demo-icon-comparison/src/components/IconComparisonCard.tsx.tmp.4762.1774900919831
[NX v22.3.1 Daemon Server] - 2026-03-30T20:02:00.001Z - Time taken for 'hash changed files from watcher' 3.02820800000336ms
Time for 'nx/core/project-json:createNodes' 0.05391699995379895
Time for 'nx/core/package-json:createNodes' 11.86270900000818
Time for 'nx/js/dependencies-and-lockfile:createNodes' 11.880709000048228
[NX v22.3.1 Daemon Server] - 2026-03-30T20:02:00.039Z - Time taken for 'build-project-configs' 21.90412500000093ms
Time for 'build typescript dependencies' 1.9021659999853
[NX v22.3.1 Daemon Server] - 2026-03-30T20:02:00.061Z - [SYNC]: collect registered sync generators
[NX v22.3.1 Daemon Server] - 2026-03-30T20:02:00.062Z - [SYNC]: project graph hash is the same, not collecting task sync generators
[NX v22.3.1 Daemon Server] - 2026-03-30T20:02:00.062Z - [SYNC]: nx.json hash is the same, not collecting global sync generators
[NX v22.3.1 Daemon Server] - 2026-03-30T20:02:00.062Z - Time taken for 'total execution time for createProjectGraph()' 31.232291000080295ms
[NX v22.3.1 Daemon Server] - 2026-03-30T20:02:08.262Z - [WATCHER]: 1 file(s) created or restored, 0 file(s) modified, 1 file(s) deleted
[NX v22.3.1 Daemon Server] - 2026-03-30T20:02:08.262Z - [SYNC]: clearing sync generators cache due to file changes
[NX v22.3.1 Daemon Server] - 2026-03-30T20:02:08.262Z - [WATCHER]: Processing file changes in outputs
[NX v22.3.1 Daemon Server] - 2026-03-30T20:02:08.366Z - [REQUEST]: Updated workspace context based on watched changes, recomputing project graph...
[NX v22.3.1 Daemon Server] - 2026-03-30T20:02:08.366Z - [REQUEST]: packages/demo-icon-comparison/src/components/IconComparisonCard.tsx
[NX v22.3.1 Daemon Server] - 2026-03-30T20:02:08.366Z - [REQUEST]: packages/demo-icon-comparison/src/components/IconComparisonCard.tsx.tmp.4762.1774900928198
[NX v22.3.1 Daemon Server] - 2026-03-30T20:02:08.370Z - Time taken for 'hash changed files from watcher' 3.166291999979876ms
Time for 'nx/core/project-json:createNodes' 0.06849999993573874
Time for 'nx/js/dependencies-and-lockfile:createNodes' 6.007041999953799
Time for 'nx/core/package-json:createNodes' 6.925667000003159
[NX v22.3.1 Daemon Server] - 2026-03-30T20:02:08.398Z - Time taken for 'build-project-configs' 14.28816600004211ms
Time for 'build typescript dependencies' 1.290457999915816
[NX v22.3.1 Daemon Server] - 2026-03-30T20:02:08.420Z - [SYNC]: collect registered sync generators
[NX v22.3.1 Daemon Server] - 2026-03-30T20:02:08.421Z - [SYNC]: project graph hash is the same, not collecting task sync generators
[NX v22.3.1 Daemon Server] - 2026-03-30T20:02:08.421Z - [SYNC]: nx.json hash is the same, not collecting global sync generators
[NX v22.3.1 Daemon Server] - 2026-03-30T20:02:08.421Z - Time taken for 'total execution time for createProjectGraph()' 27.353875000029802ms
[NX v22.3.1 Daemon Server] - 2026-03-30T20:03:02.500Z - [WATCHER]: Processing file changes in outputs
[NX v22.3.1 Daemon Server] - 2026-03-30T20:03:02.506Z - [WATCHER]: 1 file(s) created or restored, 0 file(s) modified, 1 file(s) deleted
[NX v22.3.1 Daemon Server] - 2026-03-30T20:03:02.506Z - [SYNC]: clearing sync generators cache due to file changes
[NX v22.3.1 Daemon Server] - 2026-03-30T20:03:02.611Z - [REQUEST]: Updated workspace context based on watched changes, recomputing project graph...
[NX v22.3.1 Daemon Server] - 2026-03-30T20:03:02.611Z - [REQUEST]: packages/demo-icon-comparison/src/components/IconComparisonCard.tsx
[NX v22.3.1 Daemon Server] - 2026-03-30T20:03:02.611Z - [REQUEST]: packages/demo-icon-comparison/src/components/IconComparisonCard.tsx.tmp.4762.1774900982408
[NX v22.3.1 Daemon Server] - 2026-03-30T20:03:02.615Z - Time taken for 'hash changed files from watcher' 3.008791000000201ms
Time for 'nx/core/project-json:createNodes' 0.06016599992290139
Time for 'nx/js/dependencies-and-lockfile:createNodes' 10.327750000054948
Time for 'nx/core/package-json:createNodes' 15.744542000000365
[NX v22.3.1 Daemon Server] - 2026-03-30T20:03:02.651Z - Time taken for 'build-project-configs' 21.34462500002701ms
Time for 'build typescript dependencies' 1.6689580000238493
[NX v22.3.1 Daemon Server] - 2026-03-30T20:03:02.674Z - [SYNC]: collect registered sync generators
[NX v22.3.1 Daemon Server] - 2026-03-30T20:03:02.675Z - [SYNC]: project graph hash is the same, not collecting task sync generators
[NX v22.3.1 Daemon Server] - 2026-03-30T20:03:02.675Z - [SYNC]: nx.json hash is the same, not collecting global sync generators
[NX v22.3.1 Daemon Server] - 2026-03-30T20:03:02.675Z - Time taken for 'total execution time for createProjectGraph()' 30.55704099999275ms
[NX v22.3.1 Daemon Server] - 2026-03-30T20:03:20.831Z - [WATCHER]: 1 file(s) created or restored, 0 file(s) modified, 1 file(s) deleted
[NX v22.3.1 Daemon Server] - 2026-03-30T20:03:20.831Z - [SYNC]: clearing sync generators cache due to file changes
[NX v22.3.1 Daemon Server] - 2026-03-30T20:03:20.837Z - [WATCHER]: Processing file changes in outputs
[NX v22.3.1 Daemon Server] - 2026-03-30T20:03:20.935Z - [REQUEST]: Updated workspace context based on watched changes, recomputing project graph...
[NX v22.3.1 Daemon Server] - 2026-03-30T20:03:20.935Z - [REQUEST]: packages/demo-icon-comparison/src/styles.module.scss
[NX v22.3.1 Daemon Server] - 2026-03-30T20:03:20.935Z - [REQUEST]: packages/demo-icon-comparison/src/styles.module.scss.tmp.4762.1774901000767
[NX v22.3.1 Daemon Server] - 2026-03-30T20:03:20.938Z - Time taken for 'hash changed files from watcher' 2.968792000086978ms
Time for 'nx/core/project-json:createNodes' 0.04183300002478063
Time for 'nx/js/dependencies-and-lockfile:createNodes' 6.178291999967769
Time for 'nx/core/package-json:createNodes' 7.985082999919541
[NX v22.3.1 Daemon Server] - 2026-03-30T20:03:20.965Z - Time taken for 'build-project-configs' 14.044625000096858ms
Time for 'build typescript dependencies' 1.9712910000234842
[NX v22.3.1 Daemon Server] - 2026-03-30T20:03:20.991Z - [SYNC]: collect registered sync generators
[NX v22.3.1 Daemon Server] - 2026-03-30T20:03:20.992Z - [SYNC]: project graph hash is the same, not collecting task sync generators
[NX v22.3.1 Daemon Server] - 2026-03-30T20:03:20.992Z - [SYNC]: nx.json hash is the same, not collecting global sync generators
[NX v22.3.1 Daemon Server] - 2026-03-30T20:03:20.992Z - Time taken for 'total execution time for createProjectGraph()' 31.854083000100218ms
[NX v22.3.1 Daemon Server] - 2026-03-30T20:03:21.231Z - [WATCHER]: 1 file(s) created or restored, 0 file(s) modified, 1 file(s) deleted
[NX v22.3.1 Daemon Server] - 2026-03-30T20:03:21.231Z - [SYNC]: clearing sync generators cache due to file changes
[NX v22.3.1 Daemon Server] - 2026-03-30T20:03:21.231Z - [WATCHER]: Processing file changes in outputs
[NX v22.3.1 Daemon Server] - 2026-03-30T20:03:21.334Z - [REQUEST]: Updated workspace context based on watched changes, recomputing project graph...
[NX v22.3.1 Daemon Server] - 2026-03-30T20:03:21.334Z - [REQUEST]: packages/demo-icon-comparison/src/styles.module.scss
[NX v22.3.1 Daemon Server] - 2026-03-30T20:03:21.334Z - [REQUEST]: packages/demo-icon-comparison/src/styles.module.scss.tmp.4762.1774901001166
[NX v22.3.1 Daemon Server] - 2026-03-30T20:03:21.356Z - Time taken for 'hash changed files from watcher' 2.921542000025511ms
Time for 'nx/core/project-json:createNodes' 0.04608400003053248
Time for 'nx/js/dependencies-and-lockfile:createNodes' 5.751250000088476
Time for 'nx/core/package-json:createNodes' 8.586542000062764
[NX v22.3.1 Daemon Server] - 2026-03-30T20:03:21.385Z - Time taken for 'build-project-configs' 14.715791000053287ms
Time for 'build typescript dependencies' 1.3323749999981374
[NX v22.3.1 Daemon Server] - 2026-03-30T20:03:21.402Z - [SYNC]: collect registered sync generators
[NX v22.3.1 Daemon Server] - 2026-03-30T20:03:21.403Z - [SYNC]: project graph hash is the same, not collecting task sync generators
[NX v22.3.1 Daemon Server] - 2026-03-30T20:03:21.403Z - [SYNC]: nx.json hash is the same, not collecting global sync generators
[NX v22.3.1 Daemon Server] - 2026-03-30T20:03:21.403Z - Time taken for 'total execution time for createProjectGraph()' 25.008417000062764ms
[NX v22.3.1 Daemon Server] - 2026-03-30T20:03:37.060Z - [WATCHER]: 1 file(s) created or restored, 0 file(s) modified, 1 file(s) deleted
[NX v22.3.1 Daemon Server] - 2026-03-30T20:03:37.060Z - [SYNC]: clearing sync generators cache due to file changes
[NX v22.3.1 Daemon Server] - 2026-03-30T20:03:37.060Z - [WATCHER]: Processing file changes in outputs
[NX v22.3.1 Daemon Server] - 2026-03-30T20:03:37.163Z - [REQUEST]: Updated workspace context based on watched changes, recomputing project graph...
[NX v22.3.1 Daemon Server] - 2026-03-30T20:03:37.164Z - [REQUEST]: packages/demo-icon-comparison/src/App.tsx
[NX v22.3.1 Daemon Server] - 2026-03-30T20:03:37.164Z - [REQUEST]: packages/demo-icon-comparison/src/App.tsx.tmp.4762.1774901016988
[NX v22.3.1 Daemon Server] - 2026-03-30T20:03:37.167Z - Time taken for 'hash changed files from watcher' 2.894124999991618ms
Time for 'nx/core/project-json:createNodes' 0.04249999998137355
Time for 'nx/js/dependencies-and-lockfile:createNodes' 5.1644170000217855
Time for 'nx/core/package-json:createNodes' 7.313916999963112
[NX v22.3.1 Daemon Server] - 2026-03-30T20:03:37.193Z - Time taken for 'build-project-configs' 12.670999999972992ms
Time for 'build typescript dependencies' 2.51458299998194
[NX v22.3.1 Daemon Server] - 2026-03-30T20:03:37.211Z - [SYNC]: collect registered sync generators
[NX v22.3.1 Daemon Server] - 2026-03-30T20:03:37.212Z - [SYNC]: project graph hash is the same, not collecting task sync generators
[NX v22.3.1 Daemon Server] - 2026-03-30T20:03:37.212Z - [SYNC]: nx.json hash is the same, not collecting global sync generators
[NX v22.3.1 Daemon Server] - 2026-03-30T20:03:37.212Z - Time taken for 'total execution time for createProjectGraph()' 25.17174999997951ms
[NX v22.3.1 Daemon Server] - 2026-03-30T20:05:46.008Z - [WATCHER]: 1 file(s) created or restored, 0 file(s) modified, 1 file(s) deleted
[NX v22.3.1 Daemon Server] - 2026-03-30T20:05:46.008Z - [SYNC]: clearing sync generators cache due to file changes
[NX v22.3.1 Daemon Server] - 2026-03-30T20:05:46.009Z - [WATCHER]: Processing file changes in outputs
[NX v22.3.1 Daemon Server] - 2026-03-30T20:05:46.113Z - [REQUEST]: Updated workspace context based on watched changes, recomputing project graph...
[NX v22.3.1 Daemon Server] - 2026-03-30T20:05:46.113Z - [REQUEST]: packages/demo-icon-comparison/src/App.tsx
[NX v22.3.1 Daemon Server] - 2026-03-30T20:05:46.113Z - [REQUEST]: packages/demo-icon-comparison/src/App.tsx.tmp.4762.1774901145940
[NX v22.3.1 Daemon Server] - 2026-03-30T20:05:46.117Z - Time taken for 'hash changed files from watcher' 3.0950000000884756ms
Time for 'nx/core/project-json:createNodes' 0.24854199995752424
Time for 'nx/js/dependencies-and-lockfile:createNodes' 8.779334000078961
Time for 'nx/core/package-json:createNodes' 13.773459000047296
[NX v22.3.1 Daemon Server] - 2026-03-30T20:05:46.156Z - Time taken for 'build-project-configs' 20.773042000015266ms
Time for 'build typescript dependencies' 3.483833000063896
[NX v22.3.1 Daemon Server] - 2026-03-30T20:05:46.184Z - [SYNC]: collect registered sync generators
[NX v22.3.1 Daemon Server] - 2026-03-30T20:05:46.185Z - [SYNC]: project graph hash is the same, not collecting task sync generators
[NX v22.3.1 Daemon Server] - 2026-03-30T20:05:46.185Z - [SYNC]: nx.json hash is the same, not collecting global sync generators
[NX v22.3.1 Daemon Server] - 2026-03-30T20:05:46.185Z - Time taken for 'total execution time for createProjectGraph()' 38.64224999991711ms
[NX v22.3.1 Daemon Server] - 2026-03-30T20:05:55.092Z - [WATCHER]: 1 file(s) created or restored, 0 file(s) modified, 1 file(s) deleted
[NX v22.3.1 Daemon Server] - 2026-03-30T20:05:55.092Z - [SYNC]: clearing sync generators cache due to file changes
[NX v22.3.1 Daemon Server] - 2026-03-30T20:05:55.092Z - [WATCHER]: Processing file changes in outputs
[NX v22.3.1 Daemon Server] - 2026-03-30T20:05:55.196Z - [REQUEST]: Updated workspace context based on watched changes, recomputing project graph...
[NX v22.3.1 Daemon Server] - 2026-03-30T20:05:55.196Z - [REQUEST]: packages/demo-icon-comparison/src/App.tsx
[NX v22.3.1 Daemon Server] - 2026-03-30T20:05:55.196Z - [REQUEST]: packages/demo-icon-comparison/src/App.tsx.tmp.4762.1774901155024
[NX v22.3.1 Daemon Server] - 2026-03-30T20:05:55.199Z - Time taken for 'hash changed files from watcher' 2.934125000028871ms
Time for 'nx/core/project-json:createNodes' 0.044375000055879354
Time for 'nx/js/dependencies-and-lockfile:createNodes' 6.515917000011541
Time for 'nx/core/package-json:createNodes' 9.698124999995343
[NX v22.3.1 Daemon Server] - 2026-03-30T20:05:55.226Z - Time taken for 'build-project-configs' 14.548999999999069ms
Time for 'build typescript dependencies' 2.4499160000123084
[NX v22.3.1 Daemon Server] - 2026-03-30T20:05:55.250Z - [SYNC]: collect registered sync generators
[NX v22.3.1 Daemon Server] - 2026-03-30T20:05:55.251Z - [SYNC]: project graph hash is the same, not collecting task sync generators
[NX v22.3.1 Daemon Server] - 2026-03-30T20:05:55.251Z - [SYNC]: nx.json hash is the same, not collecting global sync generators
[NX v22.3.1 Daemon Server] - 2026-03-30T20:05:55.251Z - Time taken for 'total execution time for createProjectGraph()' 29.79887499997858ms
[NX v22.3.1 Daemon Server] - 2026-03-30T20:06:03.389Z - [WATCHER]: Processing file changes in outputs
[NX v22.3.1 Daemon Server] - 2026-03-30T20:06:11.573Z - [WATCHER]: Processing file changes in outputs
[NX v22.3.1 Daemon Server] - 2026-03-30T20:06:11.676Z - [WATCHER]: Processing file changes in outputs
[NX v22.3.1 Daemon Server] - 2026-03-30T20:07:22.656Z - [WATCHER]: 6 file(s) created or restored, 0 file(s) modified, 0 file(s) deleted
[NX v22.3.1 Daemon Server] - 2026-03-30T20:07:22.657Z - [SYNC]: clearing sync generators cache due to file changes
[NX v22.3.1 Daemon Server] - 2026-03-30T20:07:22.657Z - [WATCHER]: Processing file changes in outputs
[NX v22.3.1 Daemon Server] - 2026-03-30T20:07:22.761Z - [REQUEST]: Updated workspace context based on watched changes, recomputing project graph...
[NX v22.3.1 Daemon Server] - 2026-03-30T20:07:22.761Z - [REQUEST]: packages/demo-icon-comparison/src/styles.module.scss,packages/demo-icon-comparison/src/data/ai-suggested-names.json,packages/demo-icon-comparison/src/App.tsx,packages/demo-icon-comparison/src/components/IconComparisonCard.tsx,packages/demo-icon-comparison/src/utils/iconAnalysis.ts,packages/demo-icon-comparison/src/types.ts
[NX v22.3.1 Daemon Server] - 2026-03-30T20:07:22.762Z - [REQUEST]: 
[NX v22.3.1 Daemon Server] - 2026-03-30T20:07:22.765Z - Time taken for 'hash changed files from watcher' 3.4462089999578893ms
Time for 'nx/core/project-json:createNodes' 0.1843339999904856
Time for 'nx/js/dependencies-and-lockfile:createNodes' 8.946583000011742
Time for 'nx/core/package-json:createNodes' 16.36841699993238
[NX v22.3.1 Daemon Server] - 2026-03-30T20:07:22.803Z - Time taken for 'build-project-configs' 22.541250000009313ms
Time for 'build typescript dependencies' 4.067832999979146
[NX v22.3.1 Daemon Server] - 2026-03-30T20:07:22.833Z - [SYNC]: collect registered sync generators
[NX v22.3.1 Daemon Server] - 2026-03-30T20:07:22.833Z - [SYNC]: project graph hash is the same, not collecting task sync generators
[NX v22.3.1 Daemon Server] - 2026-03-30T20:07:22.833Z - [SYNC]: nx.json hash is the same, not collecting global sync generators
[NX v22.3.1 Daemon Server] - 2026-03-30T20:07:22.833Z - Time taken for 'total execution time for createProjectGraph()' 37.38116600003559ms
[NX v22.3.1 Daemon Server] - 2026-03-30T20:07:30.706Z - [WATCHER]: 0 file(s) created or restored, 0 file(s) modified, 426 file(s) deleted
[NX v22.3.1 Daemon Server] - 2026-03-30T20:07:30.707Z - [SYNC]: clearing sync generators cache due to file changes
[NX v22.3.1 Daemon Server] - 2026-03-30T20:07:30.707Z - [WATCHER]: Processing file changes in outputs
[NX v22.3.1 Daemon Server] - 2026-03-30T20:07:30.708Z - [WATCHER]: Stopping the watcher for /Users/xinyif/Documents/GitHub/blueprint (sources)
[NX v22.3.1 Daemon Server] - 2026-03-30T20:07:30.708Z - [WATCHER]: Stopping the watcher for /Users/xinyif/Documents/GitHub/blueprint (outputs)
[NX v22.3.1 Daemon Server] - 2026-03-30T20:07:30.713Z - [NX-CONSOLE]: Cleaning up latest Nx installation from /private/var/folders/xl/5w2_4kkj4ls6bgq2530y834s08f0pb/T/tmp-27566-osvYls2liKMe
[NX v22.3.1 Daemon Server] - 2026-03-30T20:07:30.714Z - Server stopped because: "Stopping the daemon the set of ignored files changed (native)"
